[0.156504,0.342754,0.387244,0.645963,0.236792,0.337248,0.331043,0.294419,0.432236]	[446.516562,399.862676,459.881170,624.675898,559.815806,666.220488,598.222644,312.123792,592.913057]	556
[0.129387,0.297495,0.213291,0.531382,0.159759,0.697395,0.330770,0.276402,0.491826]	[438.346387,409.574946,547.214023,618.857245,494.175393,666.777428,603.715424,353.346035,547.691325]	561
[0.446163,0.342603,0.210382,0.558458,0.224197,0.648774,0.236816,0.170742,0.326093]	[356.776657,418.790814,633.876149,546.905399,351.231562,715.878602,670.908736,315.382261,580.258916]	728
[0.393465,0.356806,0.175011,0.654245,0.542738,0.315358,0.331043,0.266272,0.396569]	[362.585483,402.084306,598.180765,621.179738,381.128012,725.570204,598.222644,301.496882,614.681479]	521
[0.365851,0.246844,0.259647,0.652368,0.662110,0.313698,0.332960,0.217506,0.596820]	[342.836329,407.649363,520.565267,618.483844,427.758885,718.907867,610.501501,342.885857,627.332515]	282
[0.135359,0.331333,0.305393,0.657349,0.293083,0.431591,0.330770,0.378785,0.327076]	[440.719647,401.111711,563.138766,622.152549,464.284546,662.241472,603.715424,333.789826,577.222098]	712
[0.166044,0.354141,0.162069,0.587173,0.197018,0.486878,0.253439,0.203034,0.341241]	[350.064646,400.840995,623.835501,548.074584,328.103756,718.902265,647.586099,373.317360,556.066244]	636
[0.364329,0.245884,0.404430,0.647942,0.368225,0.342958,0.330770,0.303644,0.429042]	[335.416500,403.491512,577.451671,622.309155,430.595431,683.722335,603.715424,370.065418,613.112630]	462
[0.269360,0.353684,0.213277,0.575505,0.496994,0.311307,0.330770,0.260112,0.356883]	[360.032618,401.551341,543.433044,610.869998,470.841245,726.911248,603.715424,330.752491,588.440296]	442
[0.418658,0.257429,0.325696,0.640042,0.588876,0.138048,0.330770,0.277601,0.324930]	[347.806296,414.182082,519.609441,622.693140,424.641663,671.816518,603.715424,413.693024,610.866210]	323
[0.130859,0.335308,0.334451,0.574424,0.225871,0.409241,0.331043,0.358407,0.349380]	[351.589312,408.434070,605.207535,622.019267,503.219497,718.345301,598.222644,321.576357,511.555742]	754
[0.532361,0.374203,0.269792,0.660294,0.317921,0.875874,0.325625,0.215146,0.119943]	[327.093793,414.195922,606.643310,553.840739,468.093554,717.633486,634.644801,346.208763,521.658872]	592
[0.565212,0.367491,0.410359,0.336752,0.394372,0.635192,0.230030,0.190593,0.069221]	[329.405643,400.856720,586.210306,485.271597,476.545005,725.583088,758.025014,347.213839,569.921466]	644
[0.255996,0.285072,0.221414,0.614953,0.266234,0.455948,0.371543,0.262835,0.360450]	[360.995655,401.866026,585.501370,602.951191,370.835148,723.253534,677.332520,350.511482,610.298346]	802
[0.445337,0.348225,0.285256,0.877287,0.214378,0.303671,0.327003,0.261233,0.497181]	[350.290534,405.459154,605.242803,549.139782,433.530929,727.511776,645.657818,269.912312,579.888750]	458
[0.258081,0.179957,0.248233,0.562037,0.674213,0.369581,0.331043,0.337780,0.397038]	[489.315923,410.073873,576.348188,624.988481,405.658322,619.603565,598.222644,302.130378,610.571305]	501
[0.320372,0.256325,0.376966,0.638265,0.579100,0.317530,0.330770,0.341837,0.388830]	[424.974242,399.761265,529.067166,622.169715,425.844336,676.997152,603.715424,329.003177,607.151918]	162
[0.495202,0.246782,0.262501,0.663922,0.306279,0.394197,0.370614,0.251235,0.530802]	[331.896305,412.774592,640.529469,549.343800,425.734934,690.238968,644.004428,383.354532,541.316088]	641
[0.139005,0.333913,0.430064,0.735129,0.425446,0.558380,0.340670,0.458329,0.106170]	[499.269147,408.067698,567.339501,619.044032,535.981539,608.149014,608.981433,313.465957,518.670582]	888
[0.326249,0.208291,0.406363,0.654671,0.243251,0.725217,0.264768,0.209860,0.371056]	[439.287210,403.448264,584.126646,543.560123,639.011710,668.377654,656.197607,271.926413,376.927821]	714
[0.350664,0.351617,0.282357,0.641253,0.278102,0.356768,0.332960,0.312674,0.597096]	[338.219843,402.849032,585.705011,615.894365,610.182950,731.741355,610.501501,319.839496,414.722355]	500
[0.307757,0.252949,0.138698,0.638265,0.237365,0.311607,0.330770,0.315111,0.596114]	[422.063686,401.071486,616.769424,622.169715,573.549055,677.341724,603.715424,280.628392,419.480696]	248
[0.553326,0.366808,0.607203,0.791539,0.482002,0.382818,0.322048,0.238668,0.229600]	[353.906839,402.477495,501.530651,537.735790,626.275067,696.675031,651.073842,377.129950,447.948030]	637
[0.306092,0.246410,0.739872,0.661614,0.832809,0.589526,0.244060,0.209539,0.285029]	[353.840194,404.966074,546.526212,550.809255,617.874000,730.602598,638.746415,310.648081,402.251391]	258
[0.342789,0.364361,0.491585,0.866210,0.667059,0.529692,0.328433,0.215718,0.234863]	[389.739279,404.202523,561.196050,557.028563,609.986514,706.308411,632.676286,300.204707,400.632411]	161
[0.355732,0.332523,0.534348,0.872015,0.880075,0.384369,0.354013,0.258981,0.250248]	[386.634119,399.989639,563.367365,546.347697,619.050253,712.271583,639.365083,276.386913,379.146650]	152
[0.144444,0.354583,0.229918,0.778296,0.255610,0.755976,0.344209,0.192960,0.152387]	[354.928746,404.888062,625.380874,544.823076,510.152630,720.482975,641.720123,331.708398,467.768559]	581
[0.226312,0.362509,0.368363,0.374402,0.198411,0.343785,0.330770,0.336923,0.510606]	[423.459052,404.293618,584.677543,621.968843,598.489232,674.883652,603.715424,294.311879,451.029291]	614
[0.417941,0.137661,0.704575,0.720222,0.625230,0.368076,0.349944,0.111805,0.326895]	[337.092343,430.690789,562.462905,545.240762,605.037087,701.269363,644.248919,313.891115,408.731686]	438
[0.184737,0.372114,0.486007,0.757350,0.390380,0.293071,0.367640,0.297838,0.241881]	[403.753553,405.765699,628.975734,576.125549,573.828587,695.826632,634.143019,308.920594,370.735946]	426
[0.260835,0.370704,0.571645,0.785713,0.558652,0.430649,0.382626,0.201493,0.237552]	[359.120986,409.530052,574.655833,550.903073,619.263172,711.620884,638.615203,280.074717,366.422618]	285
[0.539108,0.313714,0.275342,0.718582,0.437585,0.248192,0.332984,0.211664,0.318999]	[331.731127,401.510729,658.399680,537.381150,581.345640,678.927305,641.676962,364.501251,379.851637]	388
[0.428709,0.244373,0.434496,0.866976,0.495901,0.213200,0.337338,0.250606,0.240577]	[345.136059,410.951984,603.068582,555.223880,594.248529,713.284881,629.563237,310.487586,381.414970]	351
[0.486624,0.372011,0.632696,0.703100,0.300923,0.595156,0.320666,0.200955,0.244734]	[339.895367,410.734642,593.937980,557.224720,603.140446,731.979983,633.733228,273.026785,375.759154]	205
[0.402642,0.355383,0.468177,0.689953,0.250570,0.512132,0.341324,0.224676,0.242939]	[360.799202,401.582247,600.348137,550.081538,612.545279,725.063739,633.654164,253.457009,383.151083]	168
[0.383891,0.166752,0.637469,0.870884,0.847985,0.149521,0.328408,0.227754,0.244412]	[325.825947,407.039741,592.231370,549.927506,603.561750,581.960158,645.752341,487.325471,391.042622]	313
[0.512116,0.367564,0.526210,0.712800,0.497703,0.628386,0.325302,0.231027,0.375270]	[328.494481,402.155420,568.047399,614.171503,612.495651,730.867399,603.863495,268.538136,370.551138]	324
[0.547116,0.183057,0.231825,0.789020,0.461435,0.140492,0.403235,0.170192,0.198816]	[330.655398,418.891851,637.823682,553.747786,615.654047,701.936226,624.682243,303.390142,363.875321]	465
[0.604567,0.174497,0.355498,0.866500,0.445706,0.611487,0.328419,0.201197,0.241932]	[329.773212,411.530161,567.698540,555.979748,640.109877,672.639802,634.709858,357.398423,378.918130]	377
[0.365727,0.354127,0.443885,0.404361,0.303303,0.329781,0.329653,0.272736,0.146300]	[362.323695,401.528399,548.430188,623.573167,572.459047,723.074698,597.913939,270.578425,547.229314]	661
[0.406183,0.361605,0.349406,0.791042,0.347770,0.840276,0.337018,0.213722,0.228886]	[342.148157,414.468214,597.146874,545.402990,627.150423,717.974760,645.391982,262.990822,363.522349]	602
[0.162715,0.293331,0.327967,0.459422,0.453137,0.362530,0.242217,0.396730,0.172276]	[386.792827,400.360682,590.044279,577.219484,507.276028,710.254876,646.003053,363.438854,457.520278]	731
[0.178722,0.252537,0.342285,0.668143,0.221627,0.425450,0.280815,0.251225,0.247629]	[413.609529,402.111413,559.795374,553.748189,633.441632,689.213864,638.858194,287.714735,368.531401]	670
[0.155639,0.353625,0.278426,0.661559,0.324169,0.336473,0.330770,0.284894,0.481556]	[422.161743,400.772329,641.515137,622.953844,599.018314,680.250031,603.715424,269.889413,377.232007]	454
[0.152109,0.282692,0.554904,0.697262,0.425893,0.329239,0.218724,0.235515,0.247594]	[427.946508,408.288828,610.534764,542.238423,592.560776,673.666961,666.201085,262.881018,388.231772]	380
[0.182444,0.373387,0.349087,0.718101,0.482856,0.653744,0.327292,0.198914,0.314021]	[351.406477,412.762865,555.666412,550.396866,619.787575,721.468936,647.604085,274.580081,406.971620]	255
[0.494414,0.353559,0.383452,0.658470,0.309954,0.592986,0.301793,0.218333,0.097637]	[339.997101,401.486852,589.587244,553.038163,538.644225,730.104809,650.482992,284.935068,533.333579]	637
[0.317118,0.176509,0.316604,0.712544,0.175979,0.151484,0.333440,0.193388,0.231270]	[318.593152,412.397893,564.474511,584.925671,592.031010,460.168380,623.599248,590.131420,501.162476]	892
[0.182200,0.352502,0.172252,0.648875,0.361836,0.171629,0.330770,0.201729,0.568601]	[417.946443,404.954820,593.210581,621.476161,518.212618,688.337933,603.715424,415.503825,401.112771]	885
[0.263576,0.198927,0.304250,0.652935,0.204627,0.292481,0.332960,0.474421,0.603600]	[352.422197,425.143244,585.645453,616.678407,615.475518,557.700513,610.501501,508.535640,403.826105]	566
[0.379623,0.246180,0.215176,0.638627,0.356834,0.302289,0.341231,0.362167,0.523515]	[295.261185,405.876796,593.134717,552.987772,632.900835,573.447461,629.128285,518.054575,375.213552]	298
[0.385583,0.252982,0.256659,0.543859,0.290038,0.424282,0.334816,0.295660,0.742596]	[277.631630,399.040912,620.099992,620.193158,607.769481,675.488447,604.868004,432.819554,384.528532]	481
[0.364052,0.203456,0.498092,0.654006,0.203359,0.250257,0.325506,0.177895,0.505178]	[300.174862,457.598193,641.086181,563.018936,590.635727,538.117379,628.273142,525.831969,362.659350]	478
[0.218643,0.176603,0.245865,0.659757,0.131611,0.404425,0.330770,0.542377,0.611345]	[326.347691,412.689471,620.498385,622.359301,603.709322,624.400056,603.715424,418.738803,410.933192]	548
[0.376748,0.361226,0.318613,0.667693,0.256907,0.822519,0.310211,0.281830,0.252261]	[262.760904,415.210051,650.462331,562.933569,588.075477,720.431376,643.299303,352.599901,374.195619]	444
[0.436439,0.252301,0.391278,0.643646,0.341507,0.257020,0.330770,0.243876,0.487279]	[263.772081,405.371722,672.634141,623.284120,542.046956,560.042585,603.715424,563.701748,364.100398]	465
[0.429073,0.357092,0.426469,0.696694,0.455315,0.776566,0.322575,0.245289,0.111238]	[291.921670,411.150815,536.292054,545.511024,591.540874,718.344269,639.967152,341.609239,515.925625]	596
[0.277919,0.352752,0.349568,0.638294,0.191235,0.522363,0.261265,0.339557,0.250266]	[296.078697,400.698161,557.547108,548.068287,619.252481,726.131976,635.421517,318.220623,418.240479]	543
[0.164978,0.149952,0.187431,0.659444,0.215465,0.315501,0.330291,0.205122,0.538047]	[383.383075,406.387889,547.017841,621.434022,656.473279,491.532554,603.388642,554.881783,416.321723]	852
[0.187033,0.228149,0.198872,0.629174,0.139193,0.679804,0.334816,0.485445,0.219719]	[337.017008,398.042180,573.758344,615.100216,594.844677,722.862711,604.868004,366.360255,412.718326]	811
[0.267678,0.241441,0.456188,0.669461,0.967694,0.564336,0.332960,0.266690,0.568958]	[231.505571,412.510963,558.512555,616.133333,615.743656,709.070104,610.501501,377.239402,421.239162]	469
[0.368235,0.259753,0.232427,0.660300,0.482175,0.257380,0.325547,0.338594,0.345746]	[293.139003,402.981374,603.419214,564.456122,601.117342,722.293383,628.352224,363.502853,389.658152]	451
[0.492845,0.354987,0.388398,0.884666,0.286081,0.513565,0.327592,0.355549,0.238984]	[255.526048,401.985281,599.207314,541.684554,615.639408,724.395275,645.689402,355.603801,367.295024]	385
[0.382403,0.241925,0.237182,0.755759,0.352306,0.252395,0.210050,0.418699,0.230159]	[289.652850,413.174854,656.537476,547.938268,544.160860,662.026028,646.720628,426.044850,406.017097]	489
[0.152102,0.290787,0.283144,0.654884,0.239131,0.600586,0.334542,0.467870,0.504848]	[343.534102,401.012950,632.972731,625.467691,581.616502,662.824838,607.866268,366.861728,424.522219]	527
[0.090953,0.300773,0.246506,0.615616,0.356657,0.754505,0.334816,0.404960,0.095900]	[411.357763,397.893701,457.093537,616.218934,603.706927,722.662203,604.868004,283.051222,533.246855]	610
[0.352953,0.356049,0.535756,0.300218,0.320242,0.389284,0.327626,0.482690,0.413301]	[321.698890,402.005595,552.591846,591.898365,623.462533,676.589987,609.091172,395.977017,394.687963]	738
[0.402089,0.246634,0.396182,0.425710,0.536585,0.333558,0.327097,0.275470,0.355378]	[316.042271,424.533608,546.043512,543.754961,643.069840,616.591582,627.527742,451.450048,369.219016]	234
[0.278311,0.250199,0.138991,0.716031,0.254544,0.370891,0.324488,0.130648,0.417180]	[320.710696,406.845067,630.318643,558.807320,515.827700,614.658410,631.553168,564.849940,372.872267]	677
[0.218734,0.367999,0.156412,0.557502,0.341247,0.601197,0.326896,0.255938,0.504605]	[354.815700,400.662901,580.360520,566.762357,604.634426,725.488837,629.532074,332.748759,425.852181]	547
[0.360986,0.180573,0.429439,0.798579,0.256291,0.500928,0.398475,0.263989,0.234640]	[333.649644,408.789517,639.193930,539.117563,581.331346,721.160740,645.760560,301.344924,364.939101]	413
[0.390865,0.267148,0.179596,0.613255,0.374696,0.289484,0.249699,0.118367,0.568361]	[330.721282,412.418438,625.363293,565.355191,400.489544,680.337724,642.678368,570.959056,398.122366]	703
[0.405437,0.277668,0.113758,0.649654,0.359266,0.464047,0.330291,0.211743,0.659203]	[329.558561,409.795850,614.198748,621.823323,577.335023,642.977267,603.388642,434.650004,407.707844]	499
[0.157282,0.340750,0.221610,0.436275,0.157616,0.386003,0.333772,0.276029,0.421332]	[372.758387,401.025376,590.815441,608.124477,598.278085,715.594300,620.032767,341.632696,396.176023]	420
[0.178822,0.371616,0.236342,0.836637,0.309399,0.329011,0.346165,0.294639,0.237774]	[370.740218,412.114992,632.195965,548.652218,496.461658,713.921963,632.842128,346.558291,439.115235]	444
[0.336435,0.098949,0.152308,0.765532,0.232315,0.368491,0.382113,0.284249,0.234764]	[379.547081,405.194135,634.541873,547.325927,506.160904,659.570108,634.450623,390.273076,434.628619]	355
[0.263591,0.370327,0.178383,0.672704,0.202571,0.297465,0.322967,0.251982,0.230389]	[389.611321,404.169509,579.392744,549.623990,561.907273,697.093107,637.600069,343.690620,416.364381]	256
[0.607661,0.232589,0.410667,0.672475,0.354690,0.394743,0.225449,0.135327,0.206620]	[355.124265,421.162557,559.546258,551.119258,658.233247,710.259933,648.578721,299.459652,383.536971]	554
[0.409276,0.186882,0.205755,0.724118,0.367134,0.220854,0.330803,0.123514,0.247425]	[304.739322,408.250649,628.544350,555.702852,590.937983,521.558854,635.244918,558.795277,410.057097]	732
[0.437029,0.248204,0.481768,0.709795,0.391089,0.353092,0.324726,0.336822,0.259832]	[350.574334,409.666826,615.368840,557.694814,605.306995,665.307954,632.194378,363.458819,385.002125]	661
[0.434552,0.290787,0.287839,0.640760,0.185114,0.598356,0.190349,0.129923,0.203536]	[329.716627,401.012950,578.542269,550.739811,446.959252,675.652096,647.713165,581.790008,445.115810]	639
[0.673059,0.369785,0.427394,0.669935,0.294853,0.659173,0.245006,0.224793,0.385476]	[330.699416,407.622956,636.868351,558.403977,590.462653,731.824124,628.250026,287.933027,391.881296]	538
[0.658871,0.356270,0.466805,0.615945,0.394767,0.512812,0.322284,0.256487,0.243959]	[352.242860,405.075838,632.110365,542.085856,601.844793,724.413152,639.771079,259.755151,365.715456]	245
[0.464675,0.168457,0.104749,0.718011,0.398847,0.254741,0.322628,0.162311,0.249994]	[348.313523,393.080578,612.149404,550.536936,511.710891,683.899703,647.198842,478.979332,396.062905]	581
[0.527384,0.210277,0.371425,0.757066,0.316105,0.470949,0.244466,0.353434,0.204447]	[328.132763,396.646815,610.485403,551.587631,603.160634,725.406221,636.814788,329.830983,378.495175]	628
[0.570894,0.182486,0.615206,0.797854,0.509426,0.443557,0.333248,0.232296,0.237033]	[330.820668,407.859079,574.083831,547.053925,623.334186,667.770479,633.993465,369.779737,363.291759]	253
[0.572549,0.353307,0.489024,0.628951,0.418958,0.411248,0.427297,0.343835,0.319896]	[329.343588,401.311112,609.668934,505.463900,589.171372,676.099981,708.582144,389.773867,362.279235]	251
[0.561746,0.245896,0.483160,0.695725,0.629894,0.454425,0.399294,0.189391,0.261102]	[329.022189,406.043298,609.047494,552.251080,595.046484,669.524985,628.739466,357.849761,368.891748]	282
[0.613740,0.353855,0.427657,0.571872,0.402634,0.422475,0.162000,0.218060,0.132495]	[350.149891,401.480997,585.223482,536.307592,550.948052,723.858519,630.908921,331.755508,503.617539]	611
[0.111984,0.297553,0.274637,0.703939,0.264414,0.387985,0.327882,0.391587,0.287441]	[367.426237,399.158716,603.968454,618.008283,574.098134,724.279912,605.420390,299.667594,422.245081]	791
[0.151144,0.353024,0.274723,0.776279,0.216926,0.725925,0.390467,0.229079,0.238526]	[356.501219,401.121293,558.449923,550.613007,626.909136,725.162613,642.931525,287.753223,374.899941]	429
[0.365181,0.364136,0.457387,0.661729,0.510917,0.354621,0.331043,0.283673,0.501622]	[384.693077,403.579288,561.579531,626.004169,664.546086,703.284377,598.222644,259.491487,360.648783]	280
[0.151540,0.112780,0.349502,0.733175,0.831232,0.107674,0.324174,0.230343,0.449062]	[326.469657,416.180942,577.952624,547.982161,613.856917,528.880196,654.219400,508.617464,403.794016]	523
[0.347543,0.239958,0.465418,0.722785,0.358300,0.266913,0.330678,0.111959,0.455065]	[362.674073,408.190374,567.720266,552.833000,633.017105,466.470204,642.880151,548.488279,392.978718]	583
[0.373931,0.087598,0.333164,0.704322,0.379559,0.271037,0.329014,0.203168,0.247781]	[288.290179,410.230694,584.719470,542.500936,604.191100,608.004756,645.833787,471.802471,374.661635]	787
[0.387675,0.140158,0.406712,0.724079,0.405376,0.090312,0.330780,0.250751,0.284062]	[313.983070,492.823748,650.024314,551.767623,627.054144,593.129454,644.628018,407.200832,316.413084]	666
[0.162824,0.108799,0.368960,0.716956,0.322403,0.398023,0.331043,0.399766,0.203010]	[430.425907,619.722568,516.874261,617.352962,638.099865,452.181828,598.222644,284.548357,463.861872]	959
[0.475503,0.355725,0.361537,0.372800,0.174343,0.390023,0.331574,0.244788,0.263234]	[327.149231,404.701802,553.375867,610.619410,640.588128,670.011732,610.343623,411.681755,363.035998]	829
[0.502285,0.352941,0.170594,0.758734,0.507820,0.559349,0.353173,0.178549,0.096485]	[342.115740,401.474374,617.283112,550.796973,521.758433,701.839373,639.283445,438.549700,405.999298]	653
[0.188213,0.366605,0.262796,0.621848,0.241606,0.264420,0.322014,0.261929,0.314670]	[364.301537,403.991574,623.220331,548.202081,401.958362,723.669904,642.729300,301.718913,575.911873]	530
[0.385540,0.367491,0.374029,0.426664,0.113958,0.787136,0.177177,0.243059,0.400751]	[365.350656,400.856720,589.096938,552.799752,478.763143,723.681885,648.770483,261.125524,577.563217]	450
[0.442174,0.307463,0.211820,0.589503,0.574852,0.527182,0.315426,0.155111,0.200447]	[341.698600,420.103770,594.764167,569.106355,425.462396,718.047624,633.405620,333.738904,583.392385]	618
[0.432949,0.081469,0.300381,0.557690,0.813384,0.281480,0.330291,0.163705,0.269794]	[354.798454,408.793469,565.803720,622.128464,399.129107,632.670992,603.388642,453.160739,613.724293]	615
[0.411714,0.122113,0.172040,0.645943,0.645021,0.377673,0.329038,0.170368,0.245219]	[293.247719,441.087788,586.075429,626.056556,413.340158,431.706708,608.026244,638.617928,596.268153]	515
[0.515775,0.144048,0.140401,0.559421,0.732691,0.266538,0.323055,0.209681,0.284933]	[326.569682,462.196283,605.294043,559.739420,421.872684,561.384815,637.747150,484.615736,556.746172]	575
[0.253350,0.355725,0.387591,0.402751,0.303278,0.298968,0.329377,0.267856,0.263348]	[357.904849,404.701802,525.735675,611.537784,433.793472,723.615417,603.470480,315.138656,642.190925]	851
[0.239267,0.218290,0.323952,0.629367,0.591757,0.335586,0.322750,0.301316,0.606126]	[389.823808,408.162265,528.892416,556.495458,426.852110,641.826179,640.263098,392.428584,608.126788]	505
[0.131508,0.202105,0.207784,0.444220,0.267712,0.573537,0.368926,0.367122,0.334480]	[420.911395,399.514488,573.373198,577.641445,486.722421,694.231884,628.135993,322.891091,558.488246]	718
[0.169711,0.353684,0.238644,0.594095,0.208776,0.797250,0.240336,0.205917,0.431432]	[363.318237,401.551341,599.939841,551.400543,333.199636,719.918608,642.158837,315.587592,627.193345]	530
[0.155787,0.290787,0.212633,0.367391,0.232069,0.491493,0.327108,0.259474,0.315685]	[390.276013,401.012950,557.772022,622.464551,535.875966,708.106199,601.970644,308.375009,503.969098]	681
[0.385543,0.365442,0.201054,0.419151,0.170709,0.528698,0.246872,0.171170,0.299202]	[358.451840,417.938916,597.669437,571.462393,396.766154,709.110319,683.077544,334.819956,589.456935]	693
[0.311715,0.247476,0.191814,0.708773,0.227781,0.141888,0.307921,0.238376,0.661826]	[383.304354,438.760192,639.024587,550.981997,323.742879,606.492436,641.630790,415.670761,557.884731]	623
[0.368396,0.354127,0.252564,0.813148,0.237857,0.216696,0.335530,0.226148,0.518003]	[413.937165,401.528399,600.296592,551.546657,363.708827,593.883753,645.035862,430.668703,608.681981]	544
[0.477146,0.240732,0.477382,0.666862,0.581294,0.257848,0.332960,0.240931,0.848067]	[340.303644,413.756252,543.998268,616.813986,412.550029,502.216027,610.501501,560.510401,619.045194]	683
[0.228400,0.219095,0.470833,0.677721,0.539754,0.172323,0.332960,0.265990,0.877895]	[352.529252,393.611086,549.283840,616.296049,411.884463,609.896449,610.501501,455.762292,617.542993]	185
[0.141973,0.143018,0.168044,0.658749,0.464344,0.286013,0.332960,0.412532,0.323003]	[437.688463,404.739952,573.950675,617.360682,423.496499,674.939046,610.501501,333.956723,588.748520]	680
[0.255986,0.345575,0.602210,0.646291,0.585709,0.297462,0.330770,0.214130,0.421818]	[395.741644,410.758196,592.521255,623.400664,407.239456,692.913268,603.715424,306.199504,588.458546]	545
[0.267827,0.253596,0.336273,0.652935,0.621821,0.283761,0.332960,0.286645,0.364387]	[428.171980,401.377160,546.111863,616.678407,416.362619,681.504166,610.501501,289.708990,616.490844]	242
[0.356665,0.309764,0.284856,0.366985,0.222136,0.529709,0.327945,0.290214,0.257078]	[390.968135,399.887219,554.194476,602.525180,506.665616,707.608327,616.304809,322.024316,536.807119]	376
[0.390908,0.366513,0.258263,0.365788,0.408805,0.634703,0.330978,0.209578,0.224742]	[361.644171,403.400189,586.335904,522.426768,445.891533,726.131558,651.793025,291.837924,574.652180]	525
[0.313998,0.370719,0.272906,0.639989,0.634938,0.339062,0.331043,0.270521,0.693615]	[428.176910,400.156500,525.955838,623.464459,435.423279,676.999923,598.222644,313.141808,606.192724]	457
[0.107781,0.099456,0.138722,0.640372,0.264784,0.230350,0.330770,0.554737,0.313204]	[447.682343,433.823990,591.512262,622.399277,499.768646,611.496232,603.715424,298.393895,539.215069]	830
[0.480068,0.356187,0.150415,0.766209,0.153695,0.561325,0.401081,0.201180,0.338889]	[360.098511,404.964154,587.189975,553.260830,458.542931,725.118789,633.783147,313.265134,576.922609]	812
[0.330844,0.371370,0.282823,0.535311,0.344876,0.344559,0.332960,0.260170,0.406846]	[419.677849,403.404793,579.265217,615.511280,384.149462,678.809750,610.501501,299.105719,628.632178]	467
[0.125807,0.346931,0.363735,0.832567,0.103792,0.567409,0.327570,0.228560,0.295998]	[344.871807,400.432905,632.730968,550.377178,471.333141,735.425570,645.933171,335.006314,477.359443]	623
[0.166462,0.354012,0.338498,0.791707,0.126604,0.789867,0.291237,0.216949,0.394179]	[365.191540,402.227115,516.562484,548.202135,455.195011,721.804799,654.092351,323.012709,602.968581]	529
[0.120413,0.350708,0.217444,0.650587,0.535735,0.284049,0.331043,0.159859,0.197111]	[368.485404,401.133454,370.151207,624.004224,448.406069,717.006852,598.222644,430.809977,669.490918]	733
[0.170756,0.354352,0.279674,0.708360,0.455010,0.293718,0.332960,0.235904,0.170372]	[359.430678,401.252569,466.079242,613.978667,449.368615,728.526669,610.501501,369.247502,635.586772]	420
[0.355009,0.251455,0.298440,0.654694,0.573767,0.256781,0.331043,0.260598,0.430568]	[338.467845,405.755274,517.201099,624.400496,414.116213,667.781829,598.222644,421.808159,618.724517]	292
[0.294571,0.244461,0.251213,0.660612,0.639176,0.313355,0.331043,0.272891,0.737542]	[428.817119,401.926893,534.670431,625.837845,410.198962,676.891625,598.222644,330.133748,609.455289]	236
[0.498800,0.118553,0.159798,0.695522,0.317376,0.214343,0.328011,0.193552,0.342353]	[324.705187,392.699288,615.971274,564.333573,422.939353,612.344629,622.278037,500.873181,540.616631]	623
[0.162953,0.353701,0.163697,0.767475,0.173774,0.752069,0.393195,0.216575,0.311661]	[359.419434,400.834582,579.779764,546.839930,449.610948,722.875851,642.964551,304.830928,570.357533]	638
[0.247475,0.262895,0.479745,0.659984,0.581189,0.347737,0.330770,0.235599,0.254474]	[475.844154,409.150363,504.948228,621.567814,426.952715,621.798428,603.715424,372.161425,621.065108]	670
[0.231920,0.247158,0.291437,0.661776,0.627777,0.320490,0.331043,0.294651,0.737984]	[360.065650,399.971100,543.451252,622.705886,426.286140,694.797983,598.222644,369.832934,612.109287]	322
[0.146747,0.344227,0.248482,0.433988,0.378562,0.428010,0.372514,0.303370,0.162430]	[421.205753,399.816911,532.992752,617.952562,441.622984,693.274967,615.961420,322.712388,610.641377]	314
[0.424503,0.206230,0.277365,0.642310,0.150463,0.122999,0.323449,0.212298,0.512966]	[317.097703,404.492350,564.384793,557.359009,599.354674,641.247931,646.260820,433.796784,486.152531]	870
[0.266462,0.354231,0.319242,0.670350,0.625983,0.397063,0.330291,0.388538,0.134426]	[321.035963,401.906223,611.593247,621.168671,483.364921,675.827456,603.388642,392.937816,545.617865]	795
[0.111179,0.147522,0.219346,0.712904,0.582346,0.147423,0.330770,0.466627,0.087887]	[511.419893,411.481259,619.719404,614.262019,493.118961,599.817286,603.715424,276.764657,537.019662]	356
[0.561933,0.371642,0.195333,0.860487,0.636952,0.660810,0.327288,0.210079,0.077257]	[330.232045,404.907378,592.764110,557.970866,520.980703,718.649388,634.137153,338.146159,515.162030]	452
[0.675029,0.362437,0.185569,0.857732,0.701492,0.829010,0.344209,0.191971,0.081247]	[329.860498,417.991668,603.579168,545.745944,522.400666,722.867520,641.720123,265.305208,533.446686]	186
[0.714556,0.241291,0.170619,0.751113,0.767666,0.440095,0.254199,0.211276,0.099312]	[329.788211,406.189120,600.576140,553.982679,538.557853,729.953379,640.519966,275.856994,520.022321]	147
[0.614759,0.353586,0.190311,0.780612,0.819175,0.478696,0.316309,0.215162,0.106954]	[324.015141,401.307327,594.085439,595.352745,543.327282,678.193629,613.943580,412.081476,492.934886]	247
[0.583051,0.370666,0.155660,0.767777,0.706184,0.355428,0.338590,0.359631,0.118563]	[318.865999,404.284846,606.563685,610.541317,550.040161,718.185615,611.875195,347.558756,479.417887]	190
[0.637052,0.341930,0.168372,0.746878,0.732796,0.453319,0.347974,0.277341,0.122609]	[317.253077,400.817949,612.868839,619.363421,554.135955,720.764162,616.295380,365.502451,449.877200]	172
[0.235164,0.355340,0.236486,0.702921,0.723732,0.693404,0.262799,0.235635,0.116166]	[318.648290,403.419737,582.400193,547.786197,555.258421,717.037282,643.090437,340.254585,500.683967]	235
[0.306919,0.094697,0.165585,0.825002,0.655764,0.205879,0.324130,0.179748,0.117785]	[321.613401,386.534810,561.958606,554.799395,555.331288,627.199897,634.817382,521.934393,479.315694]	441
[0.160962,0.117538,0.184025,0.720712,0.520301,0.076202,0.325595,0.155984,0.156480]	[319.995823,402.968454,580.387384,551.012522,558.774218,691.903909,644.235001,325.968171,530.177924]	508
[0.225635,0.107424,0.388978,0.711206,0.309266,0.210563,0.334542,0.413764,0.314944]	[326.495830,557.286099,615.168659,618.622172,605.950578,395.270917,607.866268,483.861319,397.159156]	1043
[0.229314,0.247637,0.324897,0.673083,0.814056,0.612138,0.332960,0.527845,0.522518]	[352.606203,395.352024,565.755390,614.628080,617.544402,688.132160,610.501501,355.267301,402.272457]	546
[0.416917,0.367639,0.315915,0.643459,0.313660,0.384600,0.315983,0.420129,0.310698]	[303.204713,401.256319,614.690408,554.285549,577.019543,673.719158,634.817502,420.081787,409.513006]	499
[0.319327,0.257765,0.281305,0.727120,0.491170,0.456697,0.322944,0.362380,0.459089]	[286.800893,396.515275,558.222852,560.824201,612.801225,679.705776,633.722705,412.997175,409.306886]	418
[0.320552,0.331549,0.198031,0.700699,0.444013,0.175535,0.323896,0.312300,0.204054]	[308.169935,418.555274,642.183563,540.291904,530.093396,663.878738,646.508975,398.541964,435.074642]	492
[0.108759,0.331579,0.415881,0.727234,0.283842,0.287800,0.331043,0.445485,0.320148]	[501.953595,407.093246,583.647755,618.892820,601.103757,599.041411,598.222644,293.589715,380.981719]	711
[0.412249,0.365465,0.288253,0.834285,0.312613,0.353960,0.344209,0.330321,0.225940]	[314.052809,402.869842,660.392947,543.344592,605.643135,682.476324,641.720123,376.539382,353.538308]	654
[0.490380,0.368768,0.474570,0.809145,0.506668,0.734644,0.327653,0.291818,0.232988]	[319.773631,402.165958,631.289061,559.412843,579.469224,682.038714,653.616372,372.724500,360.899412]	327
[0.180588,0.257263,0.522991,0.761865,0.240045,0.224033,0.330291,0.373181,0.233377]	[524.436529,403.729421,578.282868,614.261432,594.241633,601.408165,603.388642,294.860482,360.310630]	509
[0.387801,0.337605,0.155897,0.780290,0.378302,0.416655,0.403235,0.273740,0.202856]	[333.606356,401.405729,627.040387,554.167001,554.182980,731.062793,624.682243,371.201254,359.456252]	719
[0.520170,0.345354,0.483260,0.862202,0.453951,0.663646,0.335530,0.210661,0.233231]	[327.751423,409.581424,538.919414,551.437747,602.821860,677.687257,645.035862,406.738170,431.324445]	565
[0.514909,0.239494,0.661092,0.855572,0.482575,0.696227,0.402267,0.214001,0.247202]	[328.467571,414.246067,543.849790,555.212822,622.493641,720.613666,621.372885,324.189082,388.644175]	201
[0.658241,0.179310,0.735995,0.656152,0.542565,0.224145,0.260745,0.246103,0.260524]	[328.697451,409.578315,556.155715,548.915547,622.830771,711.032231,634.454771,341.634026,387.945641]	191
[0.515336,0.372341,0.572496,0.725229,0.432216,0.508714,0.374547,0.227662,0.249830]	[328.299367,410.552883,561.012293,549.986272,611.761629,721.053160,626.233259,329.800047,384.056852]	187
[0.627918,0.370656,0.367408,0.659108,0.365217,0.824748,0.328710,0.211565,0.179492]	[324.805004,417.919181,567.685828,551.389478,566.013546,720.389644,635.980088,278.366653,516.428710]	523
[0.600218,0.164136,0.493857,0.717259,0.460698,0.445336,0.320666,0.203896,0.358957]	[330.226759,415.833450,593.122611,557.523501,613.477589,709.935679,633.733228,286.032701,413.247567]	497
[0.601077,0.128908,0.532137,0.714973,0.648465,0.219190,0.335546,0.161610,0.325407]	[329.152096,437.312117,579.443487,554.972662,614.119947,611.905943,634.986198,417.440810,413.851643]	443
[0.446548,0.299112,0.416619,0.667290,0.211242,0.096572,0.382123,0.247336,0.103205]	[323.087682,417.265206,483.407384,551.692089,632.515971,656.719605,619.909804,359.717169,519.312632]	815
[0.288977,0.153053,0.258205,0.800190,0.199129,0.374309,0.342100,0.258401,0.161762]	[349.616526,409.531811,509.194148,549.189396,614.227631,589.327644,632.955645,463.540809,512.920025]	634
[0.152332,0.341217,0.387836,0.398580,0.342362,0.500603,0.225442,0.223295,0.105710]	[361.376649,400.516192,586.997228,587.938391,445.590301,725.018493,628.839463,428.536961,523.893073]	897
[0.191066,0.352993,0.532203,0.633329,0.156057,0.307874,0.332960,0.248599,0.333831]	[351.049673,409.603116,534.706071,615.740264,611.936901,716.450707,610.501501,335.799732,456.038465]	737
[0.509534,0.137321,0.368128,0.660029,0.425483,0.736365,0.289862,0.132967,0.078664]	[339.657265,419.931145,456.008667,534.676881,619.779595,723.928561,691.211781,281.607932,561.262718]	687
[0.172101,0.369423,0.293474,0.380021,0.217262,0.823523,0.217792,0.201919,0.158337]	[350.169667,403.083501,602.258688,590.644197,581.512842,725.748075,699.438523,280.717981,457.553507]	676
[0.105183,0.294922,0.289519,0.542552,0.330097,0.592893,0.308126,0.267900,0.173804]	[379.550515,402.447883,599.265524,610.438014,577.216474,713.545010,616.246780,364.612075,342.758314]	685
[0.355046,0.222194,0.390982,0.868892,0.431816,0.363635,0.326903,0.146998,0.238269]	[392.896464,420.303364,528.802602,558.111400,628.278698,685.168075,628.368644,263.011606,424.949058]	639
[0.255621,0.094842,0.315808,0.699557,0.847338,0.326299,0.334003,0.107061,0.257165]	[339.251974,398.352664,560.396856,550.760307,614.242727,420.892764,646.169985,629.252704,398.232576]	564
[0.493880,0.168123,0.238650,0.783593,0.471422,0.111351,0.382113,0.166452,0.225528]	[330.170158,371.097997,661.001942,548.378240,606.255074,510.281855,634.450623,557.162268,346.867280]	752
[0.170308,0.258084,0.313838,0.770666,0.356897,0.137244,0.329221,0.393103,0.220321]	[408.057647,406.940560,565.044578,583.214353,612.468764,691.484748,618.467080,319.914769,359.290091]	684
[0.387097,0.370720,0.585124,0.774008,0.548378,0.591191,0.344209,0.215271,0.248760]	[358.425744,403.387785,557.378074,546.146128,620.430826,730.970787,641.720123,241.054282,380.471719]	403
[0.384978,0.103778,0.516221,0.720995,0.296233,0.333815,0.341733,0.139349,0.380977]	[347.037748,366.256578,580.664939,545.615995,614.615781,496.525731,645.706745,584.737098,386.407652]	519
[0.376002,0.228974,0.186263,0.579713,0.318976,0.138075,0.204079,0.312129,0.233982]	[358.267358,652.081036,647.063909,559.624138,600.455731,498.083236,674.809009,263.231440,378.346135]	989
[0.276712,0.200496,0.323052,0.654884,0.086390,0.191357,0.334542,0.250256,0.542113]	[439.963256,644.687413,547.496282,625.467691,618.551345,429.779872,607.866268,316.798610,440.991125]	537
[0.124548,0.210615,0.406492,0.737434,0.534676,0.069819,0.327611,0.327276,0.384127]	[530.414111,565.799295,525.801438,596.708869,610.218281,431.338146,608.294928,338.209608,409.760751]	770
[0.217035,0.405058,0.261201,0.776544,0.271389,0.352799,0.323047,0.156809,0.109239]	[390.642353,708.225165,592.836520,544.033186,500.896721,415.696050,639.899224,258.387679,546.223117]	1033
[0.154726,0.785644,0.235604,0.682802,0.221062,0.309537,0.234126,0.254836,0.155196]	[385.571838,715.845107,587.351587,550.715493,607.158125,397.116190,691.244299,288.652218,434.383097]	580
[0.365697,0.209879,0.197893,0.648096,0.358632,0.218153,0.313380,0.278808,0.459567]	[351.398748,715.152863,651.077977,609.045217,588.323324,410.161670,603.287347,279.138346,364.611162]	534
[0.207139,0.332901,0.190916,0.742584,0.343302,0.246231,0.332960,0.591605,0.229276]	[429.932048,671.146744,632.823642,600.077808,518.606149,396.273308,610.501501,334.342425,468.911737]	598
[0.450472,0.513860,0.142740,0.799131,0.387961,0.333913,0.341511,0.273912,0.117748]	[338.373022,713.272362,647.731090,549.062450,502.297389,408.067698,628.035621,382.515158,431.147202]	646
[0.170536,0.751135,0.416481,0.650861,0.093253,0.352589,0.207210,0.232182,0.429667]	[353.805348,727.512113,651.695381,551.491528,499.942782,401.047096,634.006796,279.461625,488.931635]	601
[0.415903,0.640553,0.224624,0.859392,0.241237,0.349834,0.354013,0.219922,0.444128]	[359.668260,721.184477,617.576660,546.314903,441.669989,403.544028,639.365083,286.502647,534.708229]	488
[0.076706,0.278380,0.208875,0.645123,0.579181,0.068545,0.330770,0.307606,0.251689]	[575.178763,510.550781,577.413561,620.483647,441.366276,455.311150,603.715424,307.192181,560.998906]	808
[0.414337,0.285312,0.165641,0.706391,0.327854,0.295424,0.341511,0.200143,0.552801]	[431.001419,662.047074,590.719315,550.555864,417.053464,418.573064,628.035621,279.345428,564.253512]	902
[0.214970,0.286752,0.215194,0.641189,0.584611,0.197514,0.330770,0.511263,0.245969]	[425.074455,675.540134,582.847522,621.020411,439.056146,405.892148,603.715424,298.544592,543.777196]	613
[0.209645,0.363165,0.149708,0.572794,0.590768,0.368767,0.330770,0.496243,0.180887]	[378.165543,724.256457,610.901670,621.979426,429.362112,404.188226,603.715424,286.203164,538.482265]	273
[0.167881,0.632314,0.343267,0.647737,0.370274,0.367367,0.330770,0.161337,0.423888]	[369.399731,720.847281,404.248288,620.907330,524.830747,418.419028,603.715424,373.131776,617.302628]	832
[0.491924,0.603985,0.506230,0.632390,0.473055,0.259757,0.330741,0.220789,0.557563]	[376.557013,731.326757,576.346209,617.487776,412.125721,399.979213,608.096205,290.069232,602.630308]	505
[0.178104,0.383085,0.156879,0.646450,0.593388,0.345861,0.334542,0.421016,0.646527]	[442.542430,650.682188,545.462383,624.476208,401.860335,412.675702,607.866268,345.052862,606.045481]	516
[0.228578,0.248762,0.153105,0.479476,0.465804,0.263952,0.341960,0.656439,0.404785]	[378.964613,721.325735,602.859092,562.921799,440.954452,406.067918,634.200854,303.109137,563.356287]	585
[0.149416,0.649776,0.198592,0.768647,0.211471,0.180395,0.371085,0.221261,0.234513]	[377.583161,715.522876,637.907081,543.656245,408.507378,414.913415,649.014784,257.222434,561.095204]	461
[0.350888,0.586890,0.253439,0.814496,0.226359,0.318199,0.261440,0.130116,0.565204]	[380.326446,721.678624,616.501134,547.358408,360.901905,403.084659,649.257051,274.981020,590.015260]	237
[0.397134,0.620070,0.238039,0.700591,0.218931,0.366513,0.330995,0.209882,0.458918]	[367.412555,724.765799,617.522385,552.533679,362.409128,403.400189,634.839329,324.264920,585.158399]	352
[0.242109,0.315795,0.286885,0.647870,0.353395,0.354804,0.329023,0.260398,0.329091]	[362.030668,716.497341,310.792564,571.255049,525.612830,401.256543,629.790644,449.473746,658.228191]	911
[0.098746,0.626391,0.232060,0.390940,0.327662,0.366436,0.329653,0.157985,0.402928]	[356.914146,717.194429,594.621822,615.025568,475.117956,419.024177,597.913939,344.160153,529.445028]	797
[0.122880,0.487152,0.272917,0.757822,0.234977,0.353304,0.285132,0.191393,0.383931]	[363.157233,710.688322,614.486996,549.308521,312.365215,413.755020,662.204399,270.787497,649.709046]	623
[0.395043,0.778211,0.221092,0.644585,0.474886,0.370880,0.324827,0.192411,0.336762]	[357.644296,720.093339,470.468935,619.682448,463.813882,412.927122,603.532468,372.955311,618.320157]	642
[0.158586,0.434274,0.118147,0.536189,0.384202,0.352427,0.330770,0.348308,0.276383]	[450.842465,663.001273,542.820658,618.841685,491.869032,401.386287,603.715424,415.076049,514.944585]	709
[0.165455,0.713841,0.319261,0.655855,0.403330,0.356834,0.334429,0.168638,0.264342]	[368.557080,718.992461,446.604818,623.123652,495.447620,404.662961,604.880152,426.887618,580.908679]	803
[0.162671,0.142348,0.147088,0.640972,0.545364,0.212030,0.331043,0.300485,0.736421]	[486.200697,543.686114,566.727579,620.862702,442.639068,485.640472,598.222644,310.720544,600.868449]	566
[0.229985,0.384275,0.240456,0.462593,0.637514,0.143794,0.331043,0.316775,0.425725]	[515.508410,609.413800,540.640625,620.920097,424.067187,404.607173,598.222644,318.631043,603.804198]	455
[0.213199,0.342129,0.377161,0.654229,0.633213,0.244391,0.330770,0.692476,0.830809]	[518.169814,604.373327,510.355251,622.379030,417.770257,403.859416,603.715424,301.633798,628.540551]	241
[0.610136,0.633872,0.354570,0.477291,0.136656,0.367620,0.154406,0.199961,0.259831]	[358.063309,675.007906,411.851678,555.426518,576.477243,403.186352,626.320050,394.729362,621.999077]	632
[0.562565,0.254403,0.072345,0.657074,0.222479,0.086780,0.393906,0.079246,0.357680]	[353.487655,563.019987,550.588432,554.340742,536.728274,364.093152,627.507297,512.698871,556.815644]	1027
[0.333050,0.245705,0.319255,0.381155,0.545923,0.172798,0.264614,0.249454,0.363396]	[280.826562,419.496310,551.203145,600.686923,421.598962,577.075206,638.281227,509.840852,623.034498]	1032
[0.243649,0.152014,0.269531,0.643242,0.582011,0.150320,0.330291,0.337816,0.499632]	[352.735089,607.269196,516.580775,619.539744,425.028153,291.063719,603.388642,570.222549,617.942709]	659
[0.275618,0.358172,0.300871,0.409889,0.295675,0.324732,0.400759,0.483484,0.211162]	[328.314822,415.405737,618.669685,534.466395,561.461505,329.825402,632.963286,713.407367,460.585814]	775
[0.175548,0.247807,0.208258,0.658537,0.665277,0.496168,0.329256,0.434991,0.315087]	[340.004439,402.998414,652.165639,592.843575,395.826767,434.925548,621.303823,617.266636,580.266915]	585
[0.430151,0.257281,0.435307,0.658630,0.544860,0.273579,0.330770,0.402439,0.463811]	[316.338257,408.641639,505.808972,619.509147,449.506236,438.385907,603.715424,673.779918,608.798826]	691
[0.227162,0.210906,0.185293,0.640699,0.597452,0.436152,0.330770,0.316962,0.824438]	[355.881506,409.465915,538.647349,622.525974,423.856778,446.729727,603.715424,625.625837,603.013869]	421
[0.337487,0.119018,0.344652,0.643068,0.197380,0.072907,0.357155,0.272390,0.313079]	[282.382482,385.300689,616.652988,550.811675,481.409187,738.075581,624.553743,405.762204,540.643445]	1030
[0.252204,0.101444,0.188179,0.663270,0.523231,0.589859,0.331043,0.406757,0.262949]	[318.965524,586.551267,562.827086,623.043738,419.069888,495.935563,598.222644,449.217429,599.661141]	1024
[0.178942,0.357594,0.305457,0.398088,0.305938,0.602528,0.330770,0.491255,0.114387]	[396.199038,405.778378,400.367231,615.752063,494.572755,439.206463,603.715424,668.536727,642.039786]	825
[0.692525,0.200982,0.223977,0.654177,0.573700,0.224955,0.331043,0.430855,0.788079]	[285.879272,403.082914,538.407749,623.641547,437.886294,501.791245,598.222644,623.968792,609.809045]	933
[0.499909,0.240024,0.273628,0.703202,0.359086,0.230872,0.335281,0.359734,0.317574]	[229.623418,412.739769,620.443855,551.711994,439.320046,483.295359,630.891260,642.225208,544.568914]	564
[0.433009,0.370666,0.196992,0.558300,0.679225,0.351653,0.329038,0.720840,0.306855]	[283.309754,404.284846,584.230569,625.407074,404.154582,434.669126,608.026244,656.127730,601.457113]	420
[0.461218,0.095858,0.280059,0.657037,0.668070,0.131446,0.330770,0.257932,0.504885]	[300.696996,570.036570,554.230700,622.468562,420.919304,550.604188,603.715424,416.860755,601.814700]	598
[0.253247,0.128503,0.262012,0.659673,0.390652,0.287906,0.325302,0.142843,0.450888]	[296.097976,420.526752,583.341781,619.132810,514.346036,522.963036,603.863495,584.447577,524.833003]	900
[0.229805,0.416699,0.189875,0.562764,0.705767,0.624126,0.330770,0.105656,0.307609]	[285.000484,465.828253,574.711732,620.848122,412.858226,487.857421,603.715424,570.578814,596.133302]	760
[0.524581,0.342067,0.271342,0.550448,0.574601,0.233534,0.330770,0.107013,0.476546]	[279.126327,409.329072,587.005023,622.841619,409.680518,578.360141,603.715424,544.854174,574.903152]	728
[0.226414,0.458637,0.382815,0.484279,0.553097,0.580803,0.329356,0.352432,0.244977]	[225.686115,657.600180,585.554528,580.567801,450.862497,445.429165,625.742194,412.049368,591.546381]	775
[0.512425,0.561203,0.261987,0.550430,0.805988,0.410807,0.330291,0.186848,0.815342]	[327.222938,677.441149,504.061438,621.165014,434.949944,445.975948,603.388642,400.532760,612.899814]	495
[0.505009,0.606506,0.302105,0.246468,0.128994,0.370966,0.203037,0.260477,0.351556]	[279.130939,725.263910,622.290606,529.034335,520.928573,364.882181,660.611744,399.336766,498.426555]	794
[0.458185,0.291816,0.322557,0.465891,0.188383,0.298645,0.244570,0.156798,0.401557]	[288.117822,719.127699,587.899820,530.647439,479.330600,372.350606,684.661287,411.218207,541.807011]	570
[0.489358,0.249842,0.239905,0.717379,0.394501,0.199950,0.330770,0.100821,0.252807]	[316.420251,524.396982,558.867741,618.868474,387.811210,652.936321,603.715424,391.571378,591.502521]	821
[0.340068,0.353570,0.204306,0.656885,0.562478,0.197998,0.330770,0.120109,0.323617]	[326.886067,496.198506,583.023742,621.650591,372.967088,578.118993,603.715424,419.293607,626.445960]	377
[0.373338,0.253462,0.268228,0.653027,0.610966,0.084258,0.330770,0.103492,0.727520]	[292.723118,419.417758,581.291702,622.402075,416.674509,654.542399,603.715424,426.019257,607.284456]	523
[0.302609,0.459057,0.339915,0.576474,0.175881,0.179455,0.275543,0.064917,0.428119]	[329.186930,690.937293,674.459289,608.158088,408.325306,411.664563,629.680558,378.732272,513.823203]	1008
[0.589338,0.353359,0.266742,0.714201,0.197811,0.311112,0.331043,0.248874,0.420514]	[314.952713,701.144022,592.553083,622.424381,431.021602,394.973385,598.222644,407.261858,542.806661]	442
[0.530193,0.807116,0.150784,0.717231,0.100228,0.159417,0.197166,0.349747,0.561211]	[320.624258,719.174455,625.491081,553.117895,421.151150,380.234428,639.569394,419.757839,512.616781]	519
[0.455739,0.537306,0.210044,0.743140,0.106309,0.206586,0.242319,0.359986,0.411791]	[323.955359,715.075392,589.242980,545.175419,478.856494,360.231365,657.350927,415.655886,532.833860]	345
[0.503921,0.354095,0.185465,0.869474,0.111807,0.238893,0.353161,0.246733,0.386147]	[323.604110,675.559786,591.183551,556.654332,463.380612,429.077256,621.134381,402.990860,550.344482]	237
[0.511961,0.485304,0.218953,0.887531,0.109717,0.255733,0.384517,0.354352,0.376615]	[328.172224,731.561298,583.283766,556.993025,438.057019,384.936881,622.755633,401.252569,562.623007]	133
[0.588626,0.680096,0.335489,0.887531,0.104521,0.227487,0.384517,0.366513,0.328266]	[327.220831,681.856741,577.967579,556.993025,451.625717,443.211218,622.755633,403.400189,556.311710]	233
[0.583777,0.456312,0.380529,0.813389,0.089553,0.270209,0.329355,0.185148,0.371244]	[330.420743,685.394174,586.319457,548.931622,512.782569,463.889006,631.961979,396.254270,479.345092]	352
[0.455487,0.337082,0.295121,0.773908,0.136549,0.192326,0.414914,0.235052,0.380369]	[328.111236,715.643340,623.789247,524.768591,431.582976,386.984793,693.797670,416.295469,494.271032]	394
[0.328778,0.310582,0.253602,0.677542,0.621768,0.244356,0.331043,0.239181,0.215889]	[339.988367,649.282519,519.667268,624.180171,423.009025,452.632408,598.222644,420.017042,597.720427]	678
[0.100431,0.273909,0.267771,0.661757,0.616224,0.290891,0.331043,0.234334,0.678148]	[383.419437,646.557781,531.610376,625.171627,417.219088,327.976709,598.222644,446.251858,621.108342]	490
[0.143673,0.667085,0.367391,0.681772,0.220267,0.239061,0.374386,0.338898,0.306795]	[461.085328,648.351448,618.186335,541.743645,550.030993,305.187188,637.453376,401.250084,465.462631]	832
[0.433274,0.596715,0.364482,0.696256,0.300225,0.132362,0.330770,0.138814,0.186818]	[340.153954,716.469940,490.655721,619.986165,507.958847,359.299424,603.715424,417.346394,580.798595]	730
[0.251447,0.301755,0.161194,0.732118,0.353467,0.304404,0.327478,0.342014,0.623731]	[363.998331,719.345324,468.238832,614.223146,481.011216,332.767663,610.640674,401.063813,621.007855]	462
[0.168091,0.300344,0.151059,0.653994,0.502212,0.286011,0.330770,0.356203,0.921574]	[366.585472,721.866089,467.142222,621.027044,491.671173,325.582427,603.715424,399.894486,615.940264]	120
[0.075508,0.140939,0.361164,0.666353,0.485208,0.408882,0.330770,0.086765,0.839751]	[648.259244,392.271691,517.128529,620.598811,459.422855,289.133620,603.715424,492.423925,617.235071]	551
[0.250898,0.232728,0.194787,0.654089,0.561422,0.280945,0.331043,0.315415,0.444715]	[549.297468,579.675769,524.866720,626.072668,413.684690,319.686996,598.222644,418.855549,618.303238]	502
[0.167976,0.493013,0.195254,0.497702,0.487617,0.324383,0.331043,0.346639,0.263711]	[382.550336,719.029255,544.753167,616.370084,450.771463,336.285685,598.222644,401.985286,572.584253]	397
[0.265938,0.378018,0.311791,0.851638,0.238864,0.209352,0.327292,0.363886,0.595095]	[352.201253,729.854486,577.419995,551.638084,374.986638,286.923662,647.604085,403.947978,637.623937]	586
[0.161234,0.341744,0.216496,0.315244,0.416841,0.407885,0.355424,0.354987,0.283596]	[374.993323,721.261216,582.370183,596.441676,439.100258,299.625272,623.115924,401.985281,593.662497]	546
[0.175967,0.715013,0.420758,0.411570,0.052414,0.171367,0.185911,0.354018,0.243740]	[364.266611,708.724061,592.713396,576.873035,539.983994,288.018683,637.783398,414.933090,514.411006]	857
[0.094483,0.224166,0.180198,0.619125,0.296987,0.362920,0.324984,0.089573,0.359396]	[618.558630,390.087458,594.588592,619.438671,465.829177,333.745870,598.188734,517.088844,554.028386]	1085
[0.382402,0.352634,0.211719,0.708870,0.240032,0.191986,0.289505,0.247352,0.317816]	[391.978896,710.808918,624.671216,549.700209,413.081506,222.998228,657.628101,404.916879,562.835476]	956
[0.162150,0.519790,0.186067,0.643166,0.634185,0.611064,0.333440,0.313812,0.178549]	[379.652535,712.265907,632.923663,591.627396,415.548365,325.491955,623.599248,400.964152,526.696990]	541
[0.234838,0.306969,0.228585,0.409907,0.534909,0.607715,0.326968,0.367991,0.177002]	[387.622877,721.568446,607.545065,602.201815,426.150940,333.940854,615.500316,403.170083,546.338549]	286
[0.449279,0.276823,0.139491,0.716350,0.433525,0.134105,0.335329,0.098191,0.428548]	[402.566347,603.305814,640.547589,554.555773,430.816785,385.791525,644.705685,389.905633,535.431475]	819
[0.297419,0.164488,0.366179,0.561397,0.535146,0.411739,0.331673,0.447872,0.374624]	[413.289855,611.038443,534.819112,617.459314,476.605175,327.000930,602.457218,508.606227,606.822219]	1010
[0.119039,0.178763,0.247984,0.644498,0.607656,0.071976,0.327691,0.496098,0.228891]	[398.699093,509.279471,580.487733,609.308870,426.976261,575.828265,614.431536,619.714141,382.276106]	744
[0.107557,0.125537,0.135731,0.630687,0.590886,0.546347,0.326678,0.246241,0.204006]	[532.875159,458.180255,630.471463,580.351980,396.131612,497.674604,637.522585,518.420985,440.245705]	812
[0.189112,0.277499,0.227834,0.703040,0.463732,0.334988,0.328188,0.306316,0.236650]	[454.020155,412.915185,612.498498,547.889772,432.873499,521.176366,637.881855,649.252834,346.499972]	686
[0.205593,0.112117,0.193222,0.658329,0.634446,0.456029,0.332960,0.289757,0.151448]	[428.356190,406.479713,616.602256,619.988365,411.690687,430.020467,610.501501,678.595722,472.855736]	433
[0.281133,0.197921,0.241358,0.633255,0.543217,0.339189,0.330770,0.280172,0.262154]	[418.837632,404.724167,623.038071,620.734360,402.376513,565.769104,603.715424,687.314884,343.302155]	371
[0.382862,0.219456,0.156470,0.633139,0.618173,0.333137,0.324219,0.265726,0.147975]	[397.127285,415.478566,603.062970,556.286242,455.584985,475.483838,627.004127,673.912400,406.882184]	376
[0.357075,0.102112,0.165640,0.667147,0.539035,0.441793,0.332960,0.225832,0.160187]	[359.399932,454.636363,614.899403,616.222475,417.496470,526.912742,610.501501,576.403505,516.799180]	414
[0.184038,0.349857,0.172981,0.673996,0.573945,0.269287,0.322628,0.314360,0.332756]	[490.136603,411.669614,614.818745,555.588807,434.272829,539.194221,647.198842,617.583599,313.980735]	525
[0.332223,0.287477,0.254383,0.512565,0.349108,0.305875,0.226757,0.435179,0.255488]	[346.768723,401.678237,626.851522,544.213471,507.283899,478.019362,643.121211,727.084923,335.018955]	475
[0.562246,0.358511,0.329814,0.645161,0.345364,0.165394,0.330291,0.520944,0.201400]	[335.057149,411.943223,436.024725,620.208833,497.479098,627.079658,603.388642,719.014143,391.959348]	682
[0.508010,0.236966,0.341075,0.643636,0.521498,0.503354,0.331043,0.434467,0.188736]	[330.525141,407.173178,523.151569,622.196339,429.649537,617.482530,598.222644,729.073503,341.087259]	328
[0.502682,0.164473,0.299356,0.633866,0.406644,0.532733,0.330770,0.707690,0.168075]	[330.466867,419.637700,463.587550,619.599014,467.478385,631.464580,603.715424,709.170590,363.945708]	195
[0.510616,0.114700,0.272821,0.668966,0.482673,0.283280,0.334542,0.252864,0.138029]	[353.235013,411.996875,484.429029,625.890163,435.838866,621.719537,607.866268,635.641935,499.825595]	387
[0.244650,0.150148,0.212316,0.637043,0.591800,0.658649,0.332960,0.306634,0.174906]	[318.512963,392.742497,554.575754,619.657022,421.498056,613.360348,610.501501,680.591584,418.615921]	410
[0.139707,0.345589,0.233175,0.641813,0.592370,0.548736,0.330770,0.288318,0.333338]	[363.914367,401.277134,504.629980,621.809971,423.808499,618.814520,603.715424,677.865817,403.723814]	513
[0.497112,0.369735,0.194808,0.428673,0.327885,0.183570,0.328962,0.374006,0.289263]	[330.802886,400.796165,630.186629,549.549207,517.530329,500.383298,631.938675,637.195274,405.441957]	855
[0.155872,0.361177,0.228993,0.489967,0.159999,0.315428,0.180612,0.581378,0.251417]	[364.607571,400.613269,566.822613,521.502141,424.965219,579.287898,667.112559,721.777693,351.625710]	604
[0.339770,0.247450,0.299394,0.650587,0.616440,0.342680,0.331043,0.322894,0.287918]	[431.538022,401.847646,510.152572,624.004224,420.857388,612.451005,598.222644,675.176375,362.198129]	641
[0.315534,0.311744,0.239643,0.560700,0.408112,0.216221,0.332960,0.367159,0.277679]	[426.245169,406.258197,527.620585,617.625429,498.114283,560.335543,610.501501,671.640410,335.222261]	263
[0.423156,0.354461,0.370859,0.635456,0.233987,0.253524,0.263262,0.526039,0.206133]	[347.699137,402.054911,618.136142,519.554788,382.291185,599.693508,717.128295,730.265775,299.613914]	593
[0.232364,0.368488,0.309778,0.555840,0.587450,0.512475,0.323219,0.315896,0.298548]	[351.344691,404.819485,509.082863,618.090135,424.350284,620.741087,626.896373,724.681759,344.939181]	576
[0.165244,0.355273,0.281985,0.435299,0.325698,0.301100,0.330244,0.583145,0.208353]	[365.807025,401.702069,550.625134,617.671635,454.308950,590.028833,602.118534,716.592016,345.002332]	347
[0.524383,0.150389,0.308630,0.385247,0.666258,0.524157,0.329653,0.333203,0.204613]	[331.347105,397.184946,570.017375,624.307667,396.937539,608.114579,597.913939,684.298609,397.706919]	390
[0.665819,0.251228,0.286943,0.652394,0.633541,0.567928,0.331043,0.653345,0.209639]	[331.200242,415.850844,528.991668,624.768439,424.599388,616.166604,598.222644,726.927792,305.364218]	191
[0.504510,0.228573,0.614359,0.648013,0.631447,0.484129,0.334542,0.712987,0.150291]	[329.391710,418.859373,506.328883,626.696084,423.967631,634.300862,607.866268,715.794488,315.045505]	149
[0.680614,0.248571,0.576407,0.638696,0.595106,0.470690,0.332960,0.748440,0.172170]	[331.877372,414.423364,541.369770,616.911512,423.366880,625.119522,610.501501,714.079718,316.675693]	141
[0.124067,0.187730,0.364770,0.652236,0.591833,0.409805,0.330770,0.223452,0.292252]	[458.672889,473.586303,527.636603,620.723437,415.314284,617.455715,603.715424,581.218506,313.432188]	486
[0.294894,0.245605,0.282945,0.639875,0.588875,0.855087,0.331043,0.366921,0.330741]	[438.444169,401.943747,507.639637,623.886283,419.042659,628.282814,598.222644,667.570116,307.422868]	351
[0.491477,0.090444,0.469851,0.726927,0.468133,0.538912,0.331043,0.344204,0.168840]	[306.411164,427.573333,521.665870,620.885382,401.952159,629.020134,598.222644,657.780652,443.832689]	380
[0.107069,0.288329,0.222742,0.418384,0.432396,0.319100,0.329038,0.427392,0.343411]	[373.029300,401.652423,548.383521,609.871667,451.402106,601.291758,608.026244,711.947233,324.536710]	551
[0.584432,0.280805,0.180839,0.421742,0.296892,0.231478,0.330770,0.290094,0.215357]	[328.004579,403.355893,576.376452,607.193187,497.815000,554.094801,603.715424,724.166258,295.071843]	428
[0.377119,0.366513,0.279554,0.563417,0.237081,0.222180,0.253649,0.635763,0.219881]	[361.725808,403.400189,595.205146,542.549623,359.275671,622.410968,710.788740,723.952203,301.639735]	570
[0.158356,0.327219,0.214383,0.374532,0.172097,0.334805,0.348368,0.503508,0.213728]	[355.104169,400.223675,551.531347,596.734862,560.723671,541.367173,637.752745,726.755740,266.701818]	557
[0.254548,0.349357,0.295224,0.595981,0.383338,0.570773,0.327727,0.279372,0.257044]	[364.356531,402.595763,608.163199,557.305845,409.274363,606.836001,627.813415,721.940722,290.197826]	489
[0.164416,0.334770,0.173218,0.819068,0.202382,0.350874,0.286679,0.743090,0.199501]	[366.713656,404.360741,612.645398,551.304543,348.987319,584.096844,654.615176,718.309247,337.762091]	403
[0.148973,0.352245,0.327017,0.633101,0.237338,0.464884,0.263641,0.677952,0.203302]	[374.098041,403.725354,642.279452,553.186406,367.572801,580.931910,642.711785,711.822293,302.073391]	308
[0.384759,0.342948,0.440614,0.666617,0.548744,0.566234,0.331043,0.481149,0.239259]	[342.316803,410.381343,499.595465,624.374231,457.208032,624.014664,598.222644,679.871793,386.954854]	490
[0.378889,0.351568,0.363866,0.607928,0.221047,0.421232,0.228775,0.514953,0.254337]	[363.245681,398.388108,549.792476,543.403400,499.159455,578.876967,653.402264,727.142228,293.018595]	596
[0.174322,0.353407,0.155752,0.409185,0.206874,0.080977,0.286388,0.770087,0.186180]	[364.906401,400.938173,595.325378,543.747665,389.735001,553.804043,692.061267,719.827649,393.008433]	647
[0.168993,0.351021,0.318537,0.686150,0.098249,0.406644,0.263066,0.750869,0.195447]	[366.229895,400.491530,615.386778,557.344101,436.633830,510.731303,640.349790,720.888443,368.368663]	497
[0.260585,0.367530,0.153022,0.748634,0.145461,0.655137,0.258654,0.321871,0.305625]	[367.423574,401.840525,605.789366,535.340703,459.261758,528.027712,680.947270,713.173886,290.245820]	383
[0.421292,0.353518,0.175105,0.454162,0.179427,0.389087,0.325935,0.538958,0.201457]	[362.628420,400.826234,579.921378,605.432088,393.655144,586.104585,604.315691,728.966054,376.924496]	515
[0.397499,0.353187,0.453163,0.609665,0.088770,0.403387,0.323628,0.581192,0.207167]	[362.855244,409.930930,637.938083,517.476397,471.410450,523.946153,690.423094,715.826829,301.194445]	645
[0.333107,0.247548,0.245097,0.670222,0.353789,0.355615,0.329038,0.305986,0.240667]	[388.970081,411.455244,633.276840,624.873435,340.409517,578.576740,608.026244,680.022857,371.807562]	687
[0.170017,0.338828,0.130041,0.752552,0.224227,0.452819,0.341511,0.304514,0.253939]	[362.631611,400.198685,646.330034,551.241487,347.916380,538.918528,628.035621,723.667634,329.223611]	445
[0.443266,0.371724,0.294177,0.563091,0.298479,0.162220,0.331043,0.647157,0.199013]	[363.134311,404.930017,492.364461,625.456335,495.291715,577.792857,598.222644,724.043634,370.941410]	503
[0.096864,0.089321,0.361100,0.651742,0.627891,0.928849,0.327611,0.317281,0.358011]	[558.459503,439.274113,517.407523,602.139981,415.078636,616.365619,608.294928,539.762248,324.729716]	744
[0.308789,0.121252,0.266930,0.664975,0.335054,0.429889,0.328849,0.135967,0.329851]	[385.690434,476.220365,658.900784,591.788207,402.400287,532.497343,619.070930,666.804268,296.038647]	1052
[0.189467,0.117572,0.277794,0.646986,0.392393,0.279999,0.330770,0.424345,0.729198]	[446.461103,628.394542,534.243359,618.802320,416.270183,614.687749,603.715424,441.328884,334.486510]	940
[0.151842,0.128668,0.257381,0.645349,0.683758,0.391187,0.330770,0.211184,0.688793]	[497.149143,438.786734,515.874800,623.837749,418.721104,609.901550,603.715424,609.413813,338.967715]	593
[0.274607,0.249591,0.275854,0.707884,0.285932,0.446390,0.331043,0.144076,0.339363]	[595.514381,461.692509,645.696392,624.636878,410.624586,551.230343,598.222644,485.959636,282.091581]	1245
[0.200225,0.283451,0.393495,0.836042,0.066965,0.297314,0.325625,0.129007,0.266693]	[517.052585,559.884412,568.143471,548.237180,419.405277,509.570081,634.644801,460.888301,449.958636]	909
[0.266255,0.253987,0.208887,0.659258,0.115914,0.550686,0.325625,0.204559,0.326535]	[427.412161,688.062407,623.048148,553.977059,535.986118,422.743284,634.644801,400.510904,290.374372]	982
[0.216381,0.415313,0.398109,0.638843,0.162125,0.327142,0.331043,0.352035,0.202071]	[392.822446,697.007224,423.849827,622.601577,622.649595,519.213483,598.222644,410.103125,383.232553]	861
[0.508973,0.825918,0.496318,0.832775,0.401709,0.250438,0.371777,0.369881,0.195643]	[355.691129,720.993067,560.384679,548.159644,618.454155,395.668370,644.275450,416.992405,344.844941]	622
[0.393108,0.594003,0.564730,0.861867,0.457627,0.248464,0.337229,0.230506,0.148337]	[348.818566,724.904946,561.758135,561.215761,616.402124,395.843126,632.066855,416.401477,294.911252]	300
[0.316489,0.827033,0.541088,0.644707,0.277452,0.247939,0.251390,0.374769,0.217747]	[337.229645,722.333957,552.483522,550.783365,602.687794,378.510251,641.353633,414.350264,360.482993]	222
[0.379592,0.817994,0.346193,0.848506,0.332713,0.121279,0.385372,0.226239,0.174461]	[335.960758,719.212511,579.282465,558.484705,550.460839,481.734919,624.596607,419.529821,319.829811]	550
[0.447870,0.789678,0.172276,0.700204,0.320324,0.101517,0.365287,0.366252,0.155147]	[338.718122,725.200965,592.039724,549.455062,493.902086,455.918511,642.083386,418.989723,418.362870]	506
[0.168668,0.589151,0.273311,0.607280,0.253299,0.295078,0.317222,0.353594,0.186602]	[362.883526,710.082926,624.032563,545.229627,400.259209,602.004476,651.592877,416.292714,269.719919]	559
[0.263193,0.372316,0.187372,0.876286,0.211038,0.295206,0.234641,0.218643,0.291077]	[364.251375,727.500659,610.295218,556.066184,406.675016,573.506408,629.749880,397.686620,334.099567]	360
[0.308775,0.535159,0.244197,0.429143,0.143473,0.313292,0.327306,0.217170,0.323548]	[433.802257,679.297610,447.910569,626.421485,584.272724,562.532150,600.952961,399.163044,347.165519]	705
[0.202848,0.441580,0.182644,0.706401,0.543866,0.216245,0.323261,0.364684,0.755181]	[438.289114,667.479771,349.062505,600.910941,617.408416,602.827276,617.932430,402.369335,349.915909]	620
[0.274453,0.483929,0.418810,0.438176,0.270154,0.360620,0.331574,0.298881,0.234721]	[361.623049,730.620365,433.795909,595.028456,625.330582,572.315244,610.343623,398.226981,299.320888]	617
[0.321845,0.571223,0.276745,0.664224,0.591935,0.247488,0.420271,0.263492,0.269669]	[420.935511,688.778365,404.925927,546.709547,619.481530,522.542817,639.210849,396.833056,335.853333]	493
[0.237700,0.609070,0.260837,0.709591,0.171539,0.331785,0.324941,0.369767,0.223192]	[420.069458,683.819954,429.967183,557.294903,601.984917,523.261288,633.626162,404.041024,335.175331]	193
[0.399559,0.423030,0.247742,0.855022,0.672294,0.223658,0.335530,0.237129,0.170464]	[355.963369,720.728965,411.034733,551.115705,611.402254,547.275656,645.035862,417.923401,316.070652]	187
[0.355879,0.237052,0.467399,0.735258,0.463257,0.281217,0.334003,0.101482,0.246581]	[343.667707,593.959911,404.889310,553.643328,598.246171,587.143385,646.169985,382.713772,488.033705]	304
[0.335337,0.460688,0.324126,0.725300,0.447176,0.285007,0.324825,0.198839,0.334056]	[358.427614,719.481804,402.721808,549.731512,602.376873,583.334984,644.811516,392.753378,310.138085]	270
[0.457339,0.274760,0.301933,0.689636,0.231070,0.231200,0.341341,0.354037,0.208022]	[346.390389,712.526509,475.302826,551.391062,605.357208,491.283854,633.668166,412.196592,381.910058]	364
[0.373647,0.615765,0.109378,0.570679,0.220233,0.179838,0.370495,0.352398,0.207026]	[344.865277,724.813026,483.323348,607.367122,475.010447,597.631764,619.415743,417.170268,375.336344]	678
[0.472901,0.542424,0.433135,0.646739,0.483128,0.236429,0.334542,0.301267,0.267473]	[333.442368,683.077257,315.177883,626.601699,596.208609,595.267740,607.866268,397.961781,421.895877]	620
[0.586965,0.415189,0.328791,0.684839,0.458680,0.512530,0.410160,0.369865,0.195603]	[330.563994,718.189521,379.428315,551.319767,635.876344,561.712193,634.798023,414.234962,367.298742]	521
[0.522781,0.338669,0.251997,0.802759,0.506818,0.610781,0.325547,0.157897,0.190851]	[346.952989,642.687133,377.603862,558.686213,653.625478,548.115360,628.352224,395.342059,442.724390]	283
[0.630868,0.730673,0.239313,0.730402,0.335769,0.407565,0.374547,0.177803,0.169386]	[329.596025,672.219334,410.308427,550.244530,610.183350,575.991388,626.233259,396.498179,417.277786]	273
[0.502066,0.778336,0.359895,0.696650,0.491398,0.384225,0.318929,0.201434,0.166979]	[327.415721,707.607861,416.027046,559.274396,596.199814,556.472718,633.930584,397.462275,385.701504]	192
[0.643346,0.578237,0.246840,0.833605,0.583572,0.497707,0.320666,0.311640,0.218611]	[350.279002,720.969575,399.666333,557.212391,608.034666,626.427561,633.733228,400.214066,262.580570]	302
[0.634482,0.638629,0.320301,0.717849,0.342864,0.596517,0.325625,0.282781,0.172110]	[331.156795,676.231162,408.831525,548.503793,626.515770,548.914703,634.644801,399.148606,418.973565]	277
[0.500402,0.475777,0.241102,0.821726,0.520909,0.348107,0.329014,0.312927,0.179050]	[327.806947,734.658197,410.758184,542.888984,614.863568,536.834888,645.833787,398.451574,348.517497]	214
[0.501069,0.599729,0.240806,0.797058,0.598489,0.340345,0.341324,0.305740,0.170682]	[328.606226,706.430580,389.017541,548.743996,618.354315,560.453805,633.654164,401.102743,393.211908]	105
[0.443180,0.675414,0.243107,0.725229,0.424998,0.378476,0.374547,0.252320,0.163980]	[351.636069,674.198542,406.667598,549.986272,633.936467,513.604398,626.233259,398.390704,423.871478]	173
[0.452942,0.574624,0.372279,0.619603,0.444171,0.278638,0.190385,0.357092,0.184747]	[350.977159,725.832712,399.304138,539.070906,618.177313,533.622991,670.699824,411.150815,340.969694]	210
[0.242826,0.524557,0.226801,0.770960,0.317844,0.378403,0.324751,0.207948,0.170420]	[396.163103,708.547080,404.038474,617.928151,600.881854,576.306535,597.429097,398.365615,318.717159]	509
[0.595041,0.554346,0.243090,0.785548,0.453001,0.464801,0.398326,0.206947,0.243720]	[356.242864,730.868704,398.210712,554.573320,590.374214,604.870667,625.569067,397.652467,301.066113]	316
[0.669285,0.731688,0.058639,0.768477,0.338100,0.353819,0.338590,0.367620,0.235681]	[352.043964,720.882720,559.880242,612.567829,519.053009,587.603526,611.875195,403.186352,278.142116]	695
[0.534721,0.621538,0.225227,0.592356,0.194979,0.180532,0.317222,0.286732,0.328117]	[331.271035,725.022520,600.414452,545.437367,413.001906,580.791610,651.592877,400.815559,333.340867]	423
[0.137373,0.386391,0.275354,0.557905,0.681283,0.308967,0.332960,0.337060,0.474626]	[436.853977,661.373875,535.653146,619.064130,417.237926,637.792024,610.501501,401.484783,284.716579]	797
[0.175099,0.273345,0.282693,0.655390,0.625212,0.892979,0.330770,0.088757,0.260152]	[508.307989,590.517296,512.952492,621.398395,417.177709,615.465739,603.715424,389.825212,363.567655]	337
[0.476262,0.363566,0.404154,0.560370,0.215455,0.274920,0.198780,0.092357,0.198731]	[331.267716,726.231917,605.536530,556.694358,550.561042,509.031116,641.405313,392.993188,303.425019]	797
[0.161043,0.577308,0.209170,0.590694,0.172423,0.295442,0.236014,0.214605,0.320618]	[369.703830,723.451430,567.852383,527.960800,401.023610,613.279983,666.085838,396.786744,361.502279]	674
[0.426489,0.569176,0.296892,0.670588,0.094332,0.275165,0.360578,0.352359,0.192947]	[342.854765,729.930316,590.583635,552.140618,466.674568,502.555622,642.555295,411.796641,352.154840]	544
[0.373030,0.438027,0.347659,0.701067,0.287288,0.067358,0.330770,0.215620,0.105189]	[348.956705,720.327420,507.005614,620.641784,489.604050,562.400210,603.715424,419.922686,375.586664]	735
[0.080834,0.223202,0.239513,0.660151,0.571110,0.261691,0.322750,0.068336,0.343416]	[523.181181,568.421623,567.493884,555.114100,440.081682,591.256504,640.263098,445.327747,290.298035]	865
[0.496067,0.416331,0.279802,0.583233,0.307470,0.288856,0.328900,0.072609,0.163023]	[572.957743,585.732035,488.646314,612.393219,577.453116,541.014547,603.143440,389.767172,293.263149]	930
[0.592630,0.366207,0.288202,0.651869,0.307639,0.434432,0.322628,0.214209,0.237355]	[437.410543,692.231369,563.086822,557.998715,456.601224,590.808759,647.198842,389.532318,247.053345]	731
[0.480691,0.737930,0.383062,0.497862,0.068904,0.349814,0.179716,0.107651,0.146101]	[371.072497,719.724483,556.394801,524.751335,554.832186,528.234641,674.674590,414.060583,276.438878]	845
