[0.246329,0.704713,0.181950,0.327346,0.478253,0.129492,0.645449,0.507675,0.472389,0.291284,0.596310,0.138797]	[156.020165,139.525817,189.413426,171.738160,156.245723,122.770440,129.921605,148.437085,175.444491,115.250959,100.209751,157.814866]	2316
[0.214760,0.154863,0.241086,0.411666,0.452846,0.394034,0.616281,0.714435,0.276969,0.536180,0.578678,0.140666]	[143.329198,142.979773,170.368342,131.649895,153.470087,144.521106,134.984222,149.968017,177.350095,113.939843,98.921222,159.596637]	2705
[0.168893,0.485927,0.341024,0.422594,0.511879,0.377660,0.410041,0.177226,0.450457,0.472543,0.361290,0.130474]	[156.742030,140.977849,141.307985,135.795495,155.205311,140.420701,129.101198,144.127953,183.450246,115.481254,99.611511,181.463349]	2042
[0.211804,0.456376,0.516015,0.454706,0.498431,0.264780,0.603509,0.739790,0.403694,0.296878,0.439108,0.151543]	[148.575904,141.936775,157.253416,133.532908,153.018572,145.466176,138.527793,149.652210,174.506839,113.432058,102.568051,156.972402]	1322
[0.200395,0.133770,0.298468,0.153048,0.464312,0.239104,0.495002,0.582349,0.413920,0.528759,0.420941,0.160757]	[195.661255,138.103390,135.814843,149.864011,156.454710,135.721072,126.435116,151.315861,182.802125,116.627530,97.848655,155.982750]	1937
[0.437304,0.159441,0.448056,0.557820,0.416575,0.196856,0.169949,0.215265,0.374911,0.230332,0.538380,0.099933]	[179.725846,129.313190,147.768962,141.085400,168.527012,129.370220,151.327780,139.729050,167.894893,123.960827,100.470163,146.766106]	2210
[0.246408,0.235107,0.253043,0.239374,0.441201,0.169772,0.550393,0.739562,0.260536,0.401686,0.499262,0.127695]	[130.977593,145.111447,139.369962,168.207703,156.506843,128.874491,133.378198,148.660425,175.904087,116.805504,99.425910,178.925832]	2285
[0.338704,0.126358,0.231837,0.190381,0.437505,0.219119,0.471937,0.373978,0.440427,0.282147,0.449494,0.088256]	[182.958505,144.156997,138.205031,150.221407,143.255688,129.287107,134.588154,145.927482,190.414700,116.315947,97.437536,159.115713]	1967
[0.412724,0.133789,0.374007,0.251314,0.431060,0.227742,0.385916,0.208626,0.503730,0.510028,0.348709,0.130041]	[182.669226,145.807677,139.621249,154.381088,147.072806,137.670322,129.979457,145.720020,188.060933,116.353519,103.861550,159.079531]	1735
[0.251962,0.204453,0.623979,0.156339,0.215970,0.285043,0.523325,0.256936,0.212998,0.386038,0.522668,0.098212]	[190.655042,155.095575,133.904578,162.317116,143.345950,134.978309,130.914735,155.642072,182.314403,116.090158,103.531656,136.838823]	1818
[0.257953,0.197400,0.237750,0.332201,0.363419,0.216301,0.479757,0.581654,0.538073,0.282570,0.567331,0.108394]	[156.191866,143.442973,144.562132,157.741971,153.905388,132.513508,129.028617,146.370158,186.275138,106.699216,95.928970,188.649068]	2443
[0.375869,0.187660,0.318991,0.369777,0.452456,0.316144,0.529618,0.706673,0.283611,0.395941,0.507894,0.157953]	[163.186500,140.795494,151.083038,138.544461,157.866736,143.564967,132.955090,150.914183,175.743519,114.381835,98.493251,175.981417]	1875
[0.223269,0.295514,0.216390,0.351759,0.488823,0.460561,0.380864,0.607347,0.477193,0.239836,0.623843,0.129112]	[147.655026,141.809261,157.214508,158.269912,152.404386,142.988529,130.385307,146.409545,179.685694,120.826145,97.942279,174.407834]	1700
[0.220831,0.157245,0.140083,0.259848,0.391278,0.512601,0.488102,0.571501,0.540295,0.292039,0.503350,0.100896]	[163.498970,145.183466,139.430889,158.319799,143.352959,136.146194,132.896539,148.355432,184.483407,124.164790,97.130949,190.877591]	1583
[0.264457,0.564216,0.391633,0.184119,0.514243,0.221586,0.193044,0.187691,0.485493,0.469186,0.467603,0.102282]	[172.827633,140.048693,123.482031,160.150612,151.396365,121.895386,129.428547,147.343997,186.615900,118.356260,95.684873,211.193844]	2244
[0.172902,0.165106,0.382985,0.333275,0.433600,0.177385,0.348456,0.212553,0.453922,0.463458,0.345737,0.098914]	[154.776010,143.653986,141.350551,139.850807,157.522319,146.340051,128.275627,147.743549,180.309897,118.097725,105.876978,195.709798]	2116
[0.344700,0.173344,0.268118,0.234218,0.591803,0.243345,0.382624,0.211825,0.389249,0.458412,0.253973,0.133021]	[153.836377,132.390351,169.769327,140.821345,172.592902,122.409549,134.071269,154.258816,161.116645,121.310961,101.182584,205.172233]	2400
[0.351159,0.393549,0.239780,0.294348,0.446213,0.254847,0.360741,0.248524,0.380436,0.290693,0.305621,0.056689]	[148.170300,141.254474,179.545141,138.826583,155.908557,110.602975,138.233769,149.289789,167.789842,130.606420,106.718444,199.548552]	2514
[0.317411,0.727363,0.325411,0.104935,0.492758,0.193060,0.354359,0.244631,0.394044,0.474973,0.454986,0.076026]	[143.359190,134.954677,148.151896,152.796620,164.521220,128.517689,132.024767,154.802457,167.691956,122.466707,113.288259,193.362708]	2326
[0.324180,0.227759,0.512940,0.250147,0.483199,0.216805,0.439496,0.237303,0.377834,0.364362,0.276298,0.112639]	[131.978835,132.487660,194.033586,160.582363,169.476802,121.237883,128.551587,158.797027,164.913382,118.713391,108.107244,161.590281]	1946
[0.323130,0.201982,0.481818,0.409326,0.566379,0.264018,0.546028,0.208177,0.322159,0.334486,0.279259,0.080463]	[132.853160,135.289268,195.952824,142.367610,174.432932,114.524290,132.369366,157.443380,155.847768,114.943019,106.725310,167.428453]	1432
[0.252092,0.230355,0.090973,0.231603,0.613032,0.227012,0.537047,0.175553,0.281434,0.217637,0.179042,0.071729]	[123.395291,131.636033,175.634139,169.594406,178.948895,119.602172,129.610535,156.666557,153.200221,117.907161,109.099350,170.281100]	1976
[0.383958,0.267914,0.233545,0.304512,0.504421,0.210303,0.501077,0.353007,0.479175,0.278377,0.334145,0.089192]	[144.118128,132.856203,182.425475,152.938718,182.391290,122.895558,135.292083,153.324912,147.861629,121.244679,105.721993,175.950517]	2027
[0.106652,0.273380,0.100343,0.289654,0.413693,0.225696,0.675400,0.554772,0.325836,0.403485,0.358299,0.111343]	[141.233061,133.972261,189.680872,144.762072,178.352479,114.253300,126.869182,162.967134,148.991226,105.635244,127.325687,176.057342]	2170
[0.316200,0.294187,0.245400,0.485079,0.363020,0.251100,0.404875,0.224167,0.201345,0.379218,0.453899,0.064517]	[134.644371,132.644597,156.233546,139.246792,175.825938,129.709517,123.928524,161.112533,150.268868,124.404953,116.147580,167.718695]	2297
[0.110341,0.271498,0.255137,0.150546,0.631127,0.197387,0.516332,0.160653,0.243081,0.395596,0.332966,0.058804]	[194.827553,135.888086,163.178329,149.134328,179.789796,134.620548,119.400243,160.451728,152.663230,112.508812,108.443339,163.223856]	2237
[0.183322,0.272339,0.235075,0.285475,0.376236,0.271707,0.412425,0.447590,0.386803,0.494110,0.490519,0.062951]	[199.345278,135.536902,157.428052,144.224207,177.173798,124.953441,128.630496,161.464345,151.246030,102.974817,116.467703,168.959879]	1817
[0.204508,0.293476,0.494991,0.254504,0.475211,0.178471,0.424492,0.175358,0.242960,0.406925,0.327365,0.094690]	[196.028878,131.043019,130.888735,116.761036,181.021065,146.200198,113.641506,167.607215,147.774527,109.253267,113.559565,199.417393]	1500
[0.150967,0.260527,0.215998,0.572028,0.343829,0.363551,0.368459,0.372228,0.425633,0.521639,0.633953,0.080948]	[205.928093,135.968988,174.370391,132.352466,178.708731,132.553163,131.724014,163.902295,148.149157,105.481696,110.770607,164.105892]	1847
[0.288343,0.278120,0.070665,0.204967,0.378669,0.330391,0.318589,0.270902,0.408115,0.339380,0.287711,0.063912]	[148.330830,132.382714,191.470003,156.949352,180.889257,144.587212,113.734127,165.052530,148.945526,104.470897,114.080432,167.396266]	2015
[0.463453,0.303585,0.258616,0.415235,0.273814,0.246604,0.341565,0.297744,0.298679,0.477949,0.461346,0.038032]	[135.553003,135.105261,201.200767,137.347425,178.136521,138.827897,113.270981,164.180020,149.575758,111.242903,108.324686,170.502621]	1892
[0.238247,0.163984,0.175102,0.190788,0.391494,0.317727,0.324657,0.507373,0.421684,0.405603,0.387760,0.087796]	[142.197261,130.691585,168.292222,153.585549,178.903432,138.640716,120.645843,161.187107,150.122636,118.850341,109.610084,194.499140]	2342
[0.202744,0.295039,0.189761,0.197198,0.388366,0.229601,0.272567,0.120208,0.332642,0.275631,0.330597,0.065964]	[128.778455,133.873843,151.342479,160.495728,179.965923,143.684768,136.024649,157.224327,149.324473,119.911628,134.603093,200.789120]	2156
[0.234234,0.239240,0.211145,0.219129,0.298468,0.387525,0.199742,0.292797,0.350436,0.425959,0.315911,0.040327]	[156.298567,129.586614,159.706776,146.138738,180.688405,129.339975,145.718465,166.478506,146.278755,123.111641,114.949366,203.169399]	1877
[0.260608,0.304549,0.455482,0.343402,0.418075,0.410497,0.242598,0.259955,0.418365,0.586536,0.352795,0.063133]	[140.647740,135.093741,150.921412,143.251055,180.117874,137.181778,128.772045,163.147309,149.784093,103.581997,110.763365,194.671762]	2263
[0.299278,0.284697,0.217642,0.221794,0.398469,0.368461,0.230411,0.196133,0.383252,0.613567,0.115779,0.036981]	[134.984166,134.405205,148.786068,148.585066,181.203494,135.148247,129.187873,163.952514,148.483662,106.647432,139.127398,188.597073]	1748
[0.441992,0.366197,0.627029,0.523298,0.351301,0.498391,0.426739,0.385079,0.342779,0.487800,0.190025,0.036627]	[149.372583,138.251739,136.202026,145.964164,184.550789,135.286518,120.265572,152.182905,148.758582,102.318031,142.786980,193.040292]	2096
[0.403771,0.278615,0.366075,0.308712,0.332399,0.135127,0.371226,0.207517,0.385514,0.501089,0.485798,0.049750]	[149.509582,134.584003,133.118320,140.797181,179.668773,130.807353,123.574256,170.855805,148.550028,102.047129,139.597887,186.246037]	1742
[0.193718,0.289987,0.338631,0.327628,0.356883,0.274980,0.259021,0.177685,0.293956,0.476014,0.281432,0.055280]	[171.977122,133.751224,137.575041,144.759764,179.587840,160.075699,119.197442,159.022697,138.032246,102.776280,132.696737,182.603811]	1312
[0.474514,0.282349,0.300256,0.487494,0.483688,0.282837,0.257240,0.144316,0.269490,0.431540,0.309565,0.092205]	[158.856804,134.622156,142.019970,147.416865,180.053178,146.475934,122.414794,156.334387,145.103400,99.738498,134.752286,166.633477]	1858
[0.374020,0.287125,0.333550,0.383382,0.314770,0.236903,0.432281,0.213819,0.367261,0.435137,0.380438,0.051293]	[155.992851,134.238178,142.302207,146.485542,179.416818,135.803040,121.616602,162.754419,150.175161,105.614973,119.108433,175.967842]	1546
[0.378784,0.190870,0.365280,0.240293,0.371473,0.242712,0.303843,0.545594,0.456123,0.561646,0.256638,0.055877]	[143.736563,131.192321,135.617947,153.821323,178.329013,125.453768,120.765211,163.808698,155.807419,103.947569,122.668231,197.804443]	1549
[0.453121,0.459628,0.352122,0.348101,0.390799,0.249213,0.471596,0.360973,0.342894,0.608991,0.307783,0.088434]	[146.364190,134.997571,132.354306,147.656902,174.106446,129.460065,121.140015,165.602475,152.445145,106.766409,115.119912,191.418875]	1093
[0.421009,0.347082,0.179043,0.355510,0.320516,0.254409,0.449653,0.335560,0.366151,0.415306,0.592015,0.060194]	[154.766214,131.384602,142.971994,143.645043,176.425051,126.501174,121.078691,173.723250,150.636850,101.961620,110.093244,180.125475]	1097
[0.371042,0.258078,0.247676,0.325712,0.372271,0.273867,0.479694,0.521771,0.438759,0.433944,0.262166,0.047672]	[159.338401,131.506643,143.902326,150.701183,177.181436,133.152420,120.845697,160.655308,154.462250,107.443504,111.046649,189.692473]	1626
[0.331721,0.538620,0.371741,0.296481,0.388381,0.282734,0.474268,0.517220,0.419121,0.545993,0.362494,0.065563]	[171.242371,134.138724,133.441528,153.370570,172.830556,129.799026,121.128128,164.059218,154.406196,106.593145,111.603039,195.505007]	1270
[0.476733,0.221958,0.500704,0.449840,0.307517,0.223401,0.487801,0.382729,0.111632,0.447701,0.234090,0.089497]	[159.305187,132.712669,135.121322,126.444825,174.757071,131.462260,120.075847,168.854277,158.770225,103.520477,135.644028,191.242074]	1948
[0.200231,0.321126,0.402449,0.378391,0.614634,0.305989,0.602089,0.609616,0.282890,0.309752,0.323914,0.085996]	[160.059029,134.054415,135.482696,133.099856,180.775653,129.024542,119.715059,162.616704,155.260696,121.102576,110.993979,197.790785]	1762
[0.334948,0.277552,0.367097,0.316760,0.436600,0.317820,0.253459,0.429658,0.450472,0.263138,0.354559,0.060039]	[143.034911,133.190389,145.412510,136.383504,180.605246,129.758641,123.156203,159.482725,152.829073,103.404597,125.195857,181.997201]	1619
[0.317223,0.373924,0.330461,0.316842,0.420754,0.285997,0.365036,0.511126,0.361895,0.326453,0.353278,0.096112]	[136.648390,133.896509,159.433546,142.221746,179.330983,132.852464,120.168637,161.002397,153.555690,109.051352,135.622772,196.331878]	1425
[0.424994,0.243274,0.509974,0.473620,0.176810,0.251868,0.407505,0.217461,0.178707,0.491255,0.714473,0.118982]	[141.562941,144.611195,148.733551,119.592667,162.914020,121.660808,120.353205,173.239539,160.035761,107.250959,111.727179,181.386706]	2292
[0.323629,0.143904,0.341855,0.400635,0.438828,0.339013,0.505269,0.571373,0.286706,0.481097,0.356895,0.165848]	[136.162945,129.394505,155.677790,134.358313,182.307031,123.529745,119.634415,167.417944,153.180308,111.293676,126.810073,169.785803]	1432
[0.531032,0.280647,0.477877,0.595827,0.395816,0.319481,0.461283,0.342870,0.331376,0.617923,0.633365,0.226566]	[136.235962,135.721412,153.076669,138.151158,177.022264,126.305741,118.849297,169.197527,149.520841,112.319125,132.441845,162.117405]	954
[0.240027,0.275481,0.316606,0.178510,0.551392,0.456504,0.258074,0.580349,0.368569,0.260092,0.208033,0.136094]	[145.567229,133.906604,187.946451,130.474955,180.797830,122.242143,125.427418,161.235366,155.293615,110.468652,137.685728,168.002823]	1982
[0.480782,0.241234,0.544250,0.551309,0.285034,0.390578,0.306842,0.215119,0.336456,0.270389,0.280471,0.165645]	[147.940198,135.250017,156.225810,128.061191,177.131779,108.057891,126.472437,164.724343,153.584908,119.292101,135.950223,181.711781]	2269
[0.193239,0.288310,0.197602,0.293573,0.364854,0.532479,0.402319,0.528258,0.297800,0.293636,0.342440,0.187863]	[141.715777,134.378556,160.898786,161.082474,182.556340,114.275065,129.139490,162.608037,149.031191,112.279432,136.488665,183.429073]	1839
[0.216238,0.300195,0.233129,0.565332,0.435609,0.454864,0.279247,0.463313,0.366494,0.403365,0.345258,0.227770]	[153.430386,134.316730,154.488688,133.890912,181.936173,114.164758,130.443942,158.925790,152.422393,114.721453,150.640518,157.297727]	1570
[0.245093,0.293886,0.385757,0.466841,0.516813,0.466046,0.342904,0.438695,0.356209,0.264954,0.282544,0.251057]	[132.427007,132.580950,158.231720,128.248082,180.876286,99.765675,131.751604,160.782575,152.756847,116.867805,143.743373,170.384896]	968
[0.247986,0.271527,0.282898,0.408173,0.362511,0.592372,0.199395,0.650815,0.520769,0.614108,0.191356,0.123315]	[151.876950,134.694546,148.812904,137.453310,174.937413,96.912147,134.081447,161.644663,152.897654,114.131551,149.931790,169.958007]	1819
[0.284596,0.278902,0.370861,0.384905,0.409373,0.512283,0.315567,0.528480,0.381860,0.652492,0.305888,0.223639]	[128.083097,134.818760,171.255016,137.244208,178.352546,103.663646,131.800958,160.665653,153.988947,115.920758,146.653949,143.907806]	1460
[0.200226,0.261299,0.259241,0.247601,0.362825,0.657623,0.269034,0.476670,0.364940,0.481522,0.263407,0.093135]	[194.381188,129.838799,156.796549,156.914982,178.448396,101.400353,142.449084,162.146532,154.237787,114.738152,141.809312,148.782096]	2707
[0.323234,0.251099,0.253198,0.555978,0.384896,0.637443,0.306579,0.637169,0.388512,0.465917,0.223494,0.067467]	[152.074045,129.592444,156.247219,154.018071,180.561024,101.032558,133.892069,161.835236,151.163113,117.190130,141.944847,167.936171]	1947
[0.202545,0.220026,0.253956,0.318413,0.389453,0.553835,0.321469,0.674353,0.465884,0.531466,0.209108,0.117284]	[155.112633,129.903951,154.262076,165.675685,178.861241,104.509268,123.687823,163.759532,156.458820,115.815810,141.808540,177.532635]	1766
[0.248470,0.224885,0.377615,0.423584,0.390843,0.610428,0.207126,0.485674,0.113626,0.472927,0.309636,0.152039]	[203.203522,140.773411,151.573148,131.729184,154.584629,109.653875,134.269404,167.455600,169.229778,113.543277,144.436665,152.222624]	2110
[0.340631,0.226542,0.402193,0.468595,0.578402,0.623357,0.247202,0.672743,0.302147,0.422772,0.162898,0.128398]	[177.345339,130.698823,137.120565,136.176695,177.646816,99.729427,130.519561,165.930076,145.830786,115.156483,152.691312,159.144199]	2601
[0.285267,0.272435,0.211612,0.412574,0.499977,0.366163,0.320707,0.472446,0.376357,0.385909,0.227705,0.234069]	[175.640847,132.995750,146.918082,176.544936,180.430734,100.880223,129.276505,163.941848,147.779113,119.906722,135.522781,153.520224]	2083
[0.288388,0.266023,0.269941,0.270825,0.432115,0.525450,0.228296,0.447165,0.441132,0.341769,0.229530,0.088526]	[160.485777,133.547769,136.748206,153.650240,181.015543,113.713332,138.038042,159.799524,154.869612,116.867082,151.390511,160.203827]	2599
[0.444495,0.271644,0.146165,0.648606,0.267931,0.450720,0.427526,0.236689,0.172443,0.258872,0.289710,0.091135]	[167.631337,136.016542,134.166638,146.620947,177.753975,110.726292,137.544460,168.601848,150.915339,113.405636,185.134444,125.247960]	2293
[0.206840,0.247736,0.127117,0.248501,0.621939,0.513734,0.573430,0.163586,0.308881,0.318063,0.246199,0.150584]	[157.217492,131.136912,124.606388,169.159144,181.956812,101.448424,124.154796,164.043454,150.128914,121.207682,169.811125,167.363617]	2520
[0.369958,0.304974,0.343696,0.400316,0.196468,0.487334,0.456357,0.299093,0.240578,0.500293,0.267434,0.194243]	[149.883905,137.175513,139.758107,132.891402,177.847265,118.820540,116.856947,169.404819,150.595062,117.313510,182.999004,139.143954]	2396
[0.152438,0.135162,0.264839,0.160746,0.446008,0.543310,0.342497,0.618803,0.305743,0.329851,0.167723,0.089917]	[137.531950,130.685912,124.249677,188.412985,185.051837,103.604036,122.758926,160.563145,154.296382,118.966269,182.664871,148.994781]	2524
[0.353314,0.279752,0.182458,0.240276,0.418765,0.562152,0.332364,0.497279,0.348674,0.251163,0.303690,0.132522]	[148.976909,132.929965,135.560249,143.541397,181.647313,105.239183,132.558481,160.437327,152.908597,114.190251,176.557181,167.908471]	2229
[0.373974,0.292280,0.098963,0.164243,0.455516,0.505321,0.289970,0.148444,0.273997,0.474653,0.207584,0.092091]	[141.583202,133.607460,151.626451,184.032955,179.422960,99.880774,129.190562,165.247992,149.127585,118.036723,169.113823,146.190448]	1754
[0.197401,0.291472,0.141262,0.240847,0.448894,0.623486,0.209744,0.133042,0.338233,0.438467,0.147730,0.113484]	[145.941827,132.790360,144.861606,208.073143,181.413325,106.804855,135.361269,164.590439,148.010186,114.377321,144.200693,155.141228]	1732
[0.231672,0.313226,0.275515,0.136026,0.278797,0.472123,0.275290,0.591713,0.417025,0.571118,0.543080,0.063482]	[132.515353,143.606734,147.415458,196.558231,175.672481,113.920676,130.781960,162.247251,147.985955,115.041404,132.867059,167.912191]	1969
[0.346529,0.276876,0.479417,0.267975,0.318531,0.592518,0.273972,0.516695,0.421186,0.501744,0.265846,0.097341]	[116.716536,137.341636,151.295144,133.955580,178.398991,107.837073,147.386451,159.452217,152.558162,114.680850,147.704040,190.241186]	2586
[0.210709,0.314505,0.281433,0.310397,0.478591,0.430246,0.328825,0.343502,0.277345,0.372980,0.340898,0.088234]	[129.794656,132.977439,156.394616,149.977121,180.620294,103.208734,127.536030,167.554474,149.894611,113.025495,146.978585,191.592746]	2139
[0.245894,0.259033,0.344089,0.433131,0.451837,0.552018,0.324026,0.535889,0.433573,0.440087,0.315434,0.076303]	[126.448777,133.565988,149.607471,131.657662,180.921882,103.391192,133.319416,158.239562,153.426958,114.753292,135.930626,197.938722]	1614
[0.230302,0.208445,0.413251,0.135353,0.357491,0.589543,0.414615,0.452748,0.347102,0.394534,0.214382,0.094869]	[151.079244,134.131219,144.524787,160.083315,175.546944,111.304716,131.025950,161.960874,153.803519,114.574605,133.623398,192.861693]	1967
[0.279256,0.367418,0.352704,0.189749,0.363933,0.526772,0.358111,0.404385,0.345977,0.474214,0.303379,0.076413]	[149.116091,139.054658,150.370849,137.119832,172.621629,104.243225,134.791396,160.421956,153.584097,110.622710,137.613904,187.099814]	1756
[0.265935,0.350075,0.240942,0.255293,0.420292,0.513824,0.310627,0.424261,0.411651,0.561444,0.288034,0.077033]	[136.493536,133.722027,144.498920,130.474655,180.215766,110.182423,131.172393,161.462665,153.616739,107.940212,163.723784,177.002776]	1676
[0.268636,0.202651,0.478035,0.308510,0.419692,0.507174,0.306420,0.598362,0.352253,0.164626,0.173303,0.064323]	[152.303104,129.352249,143.750240,146.880783,178.790336,105.594751,129.957525,164.246057,151.503774,112.823917,137.574165,186.652556]	1676
[0.333006,0.260678,0.219822,0.398626,0.222862,0.557433,0.323746,0.262252,0.242432,0.736916,0.194053,0.054105]	[151.957784,159.157209,144.564950,153.466295,160.669913,102.567223,136.395856,158.267085,149.105223,113.840286,125.307072,181.684274]	2208
[0.305460,0.279652,0.335550,0.400440,0.314516,0.577138,0.343318,0.111847,0.612383,0.452524,0.355134,0.047895]	[158.132629,142.983084,112.999315,156.093160,181.441416,103.089837,138.970173,155.188961,145.534476,113.960119,139.089788,184.792744]	1983
[0.172234,0.294813,0.576482,0.717989,0.271005,0.555581,0.227243,0.294646,0.372540,0.355759,0.527028,0.069782]	[146.962262,128.677068,115.048628,144.071488,177.375236,99.912516,139.521646,170.825286,148.312052,116.479370,121.886472,187.052522]	1517
[0.234738,0.424552,0.324490,0.289087,0.468507,0.536804,0.377110,0.467226,0.377229,0.400558,0.125544,0.109888]	[172.380252,136.743844,166.150458,130.091576,186.988187,108.038604,134.475210,155.494051,147.059462,112.512043,149.729821,179.088687]	2408
[0.565651,0.347781,0.359009,0.205574,0.426310,0.518912,0.298844,0.477851,0.301919,0.213693,0.220830,0.083255]	[141.654037,133.912092,123.961832,142.030550,181.631560,112.352368,136.056452,159.264469,152.149615,113.669977,154.957155,180.108403]	2004
[0.301738,0.261996,0.339769,0.278538,0.388510,0.370603,0.306361,0.191921,0.455369,0.153328,0.217424,0.035803]	[138.947300,132.776781,130.976943,144.919049,181.097899,116.285457,128.827428,164.805697,152.967152,113.598150,140.337651,186.064097]	1830
[0.732072,0.463431,0.530265,0.348735,0.366860,0.473861,0.145315,0.265958,0.278632,0.400488,0.342918,0.040940]	[140.939551,132.587698,118.598988,137.698280,175.051885,110.479928,136.944086,163.349399,148.145225,110.276319,136.165162,190.563870]	1885
[0.192786,0.265270,0.370230,0.158792,0.640434,0.390558,0.355530,0.547356,0.271372,0.455524,0.211168,0.041390]	[164.286945,131.513967,134.491306,147.797503,181.081848,107.618188,126.722580,164.244159,149.241403,118.289730,157.896414,179.757922]	2355
[0.172024,0.178551,0.443883,0.432810,0.393164,0.484504,0.209817,0.507714,0.354797,0.225512,0.241544,0.059034]	[144.326298,128.603383,119.188409,151.967759,178.585808,102.534279,135.856993,159.494789,151.997657,113.422281,142.680289,194.975655]	2030
[0.244884,0.279760,0.233610,0.185931,0.544294,0.278904,0.323352,0.589039,0.343766,0.681766,0.260260,0.048543]	[129.930710,133.449865,143.394401,142.687312,179.780411,111.739160,127.900788,165.374600,152.913206,113.419371,135.165951,188.018450]	2019
[0.244426,0.257217,0.255400,0.341502,0.366617,0.655968,0.309378,0.615553,0.425332,0.346772,0.211388,0.068487]	[127.062891,130.789137,133.490110,168.319596,178.352559,106.012467,134.340264,160.064700,154.652044,116.789867,156.107516,197.013971]	1946
[0.161320,0.314289,0.306983,0.374073,0.326813,0.556059,0.136263,0.276416,0.184423,0.229607,0.241307,0.041032]	[146.020977,134.969767,121.712729,159.051687,176.371874,101.168918,132.148555,165.036566,149.049502,119.548356,131.385391,195.836189]	2311
[0.426807,0.336063,0.447101,0.657834,0.263340,0.409441,0.169868,0.225001,0.180892,0.208694,0.322366,0.070199]	[152.421264,131.778596,110.566349,151.709282,162.648993,100.433771,140.397481,195.455614,128.832671,117.431243,128.903390,189.207733]	2024
[0.546137,0.359769,0.301837,0.341344,0.299567,0.525894,0.124371,0.144940,0.229751,0.488781,0.479355,0.077945]	[144.493362,143.130114,120.307988,170.271265,165.820180,101.051596,138.071195,172.627008,147.806063,114.090256,122.977018,187.737094]	2120
[0.318218,0.257570,0.333813,0.333944,0.396403,0.351875,0.154736,0.199660,0.362616,0.669751,0.154224,0.042830]	[141.037023,128.666703,136.542254,146.988201,177.346425,108.117702,137.068068,174.335159,146.269212,114.111749,143.771319,181.159087]	1745
[0.357496,0.242067,0.463830,0.480902,0.368998,0.536407,0.126899,0.228713,0.265050,0.540764,0.302693,0.065960]	[159.351858,139.970717,121.978757,154.261486,169.881233,100.616483,132.182685,167.399386,156.161887,118.243920,137.676274,175.563512]	1291
[0.182325,0.226779,0.458903,0.305468,0.414962,0.475922,0.119740,0.149108,0.276253,0.314904,0.239754,0.052653]	[153.905673,125.560092,121.897028,161.353997,177.801497,100.273083,133.983038,170.353447,152.186709,118.458338,133.028779,188.230176]	1397
[0.468001,0.436639,0.283455,0.257057,0.393749,0.528017,0.193591,0.149563,0.454492,0.266151,0.120842,0.066884]	[150.043908,128.353437,151.502305,142.387874,175.175751,101.197608,136.099132,172.359832,146.956767,119.143189,135.075531,174.549633]	2011
[0.228768,0.270236,0.179697,0.228141,0.491766,0.417440,0.275062,0.485807,0.342518,0.404285,0.198926,0.044899]	[133.423464,134.628090,134.899101,142.369492,179.347824,102.862695,131.389496,161.374526,153.714736,117.071164,137.438154,211.571424]	2547
[0.413773,0.270064,0.271940,0.473465,0.306525,0.227701,0.290478,0.350282,0.451361,0.720195,0.266495,0.035434]	[119.788463,134.153005,136.532431,154.002203,183.146451,118.021007,126.120405,164.016713,149.474289,117.924623,135.658027,188.109007]	2601
[0.209046,0.215345,0.325700,0.149948,0.297122,0.320410,0.421843,0.378617,0.397871,0.527890,0.182889,0.088840]	[137.005392,137.193589,124.353799,152.130341,174.551642,118.996046,132.720328,172.319492,144.724098,117.118516,134.180282,185.060147]	1860
[0.469425,0.551641,0.275362,0.345176,0.335212,0.390277,0.330365,0.254439,0.317086,0.352815,0.186878,0.043997]	[141.121640,133.909026,144.781564,148.335736,173.985071,115.520812,126.866825,170.189502,148.185898,113.729591,135.488513,179.086051]	1582
[0.308538,0.153117,0.204405,0.188644,0.411638,0.636247,0.409337,0.526322,0.345100,0.378425,0.102352,0.065572]	[154.372453,133.736787,140.155889,137.283937,174.453658,107.438336,130.017890,161.363521,152.435255,114.542013,153.756157,174.865176]	1527
[0.292052,0.300096,0.189693,0.211056,0.441827,0.509702,0.314006,0.560881,0.433480,0.273796,0.147137,0.065079]	[147.787375,133.200053,148.531075,133.616775,180.146530,101.250461,134.502565,160.176797,152.963440,114.025253,153.417000,188.279398]	1728
[0.168821,0.276381,0.216211,0.303230,0.439112,0.506714,0.326713,0.174093,0.264816,0.671810,0.227999,0.046517]	[117.873103,134.674349,148.399092,135.230252,178.556390,108.550145,129.028422,165.552070,153.807831,113.433666,150.173180,184.486345]	1623
[0.135220,0.289297,0.440931,0.288243,0.425072,0.484884,0.321146,0.516769,0.475344,0.577173,0.230274,0.043993]	[135.898642,132.731462,148.507439,144.051395,181.298177,108.502054,132.422130,158.317552,154.416330,111.742578,157.230922,181.542156]	1630
[0.205200,0.336452,0.152276,0.203610,0.456064,0.189339,0.401247,0.368716,0.536197,0.200127,0.247816,0.097722]	[121.163991,134.436193,162.056123,134.998496,182.983405,131.774133,133.075519,157.415458,152.443703,117.896828,133.472888,191.813474]	2273
[0.255380,0.311379,0.233349,0.304711,0.365295,0.585555,0.335473,0.518591,0.439538,0.261159,0.239768,0.068362]	[133.557610,131.315362,155.296233,133.469972,180.493960,104.052603,131.013757,162.236980,156.323001,114.915338,149.073570,188.379513]	2036
[0.327888,0.261052,0.186863,0.415694,0.407086,0.470367,0.315456,0.419131,0.419861,0.332542,0.203424,0.124627]	[146.753697,133.895445,163.271946,138.089841,181.201861,102.239588,130.665651,161.193770,152.178789,114.067764,138.387728,194.807966]	1993
[0.186135,0.285766,0.271322,0.286617,0.491329,0.548901,0.309640,0.543487,0.411282,0.196447,0.173439,0.115387]	[170.184733,133.650619,162.538394,120.634186,179.153887,100.530060,133.813206,160.294680,153.981179,118.160316,141.055859,201.074345]	1651
[0.208676,0.290367,0.229564,0.208227,0.506969,0.548770,0.310014,0.565341,0.414402,0.319908,0.185979,0.121818]	[151.059604,132.319738,145.582677,121.185505,180.768246,105.911684,123.737381,162.788365,155.873145,113.980713,159.234928,211.098505]	1839
[0.183628,0.209766,0.442859,0.224046,0.368965,0.591550,0.329972,0.642049,0.450696,0.595909,0.141956,0.134097]	[164.230517,131.119485,148.451978,127.943729,177.873064,107.625129,130.335351,164.173878,155.479112,117.015968,144.654131,180.358231]	2289
[0.166530,0.160182,0.712403,0.241760,0.389407,0.576730,0.354565,0.530727,0.305902,0.584013,0.170014,0.158719]	[153.722098,133.552981,136.927233,143.816871,175.402915,104.693863,134.206944,159.905486,152.923042,115.394516,141.226326,161.476175]	1200
[0.187481,0.325192,0.665464,0.399888,0.380939,0.613244,0.269033,0.476335,0.421668,0.676662,0.208328,0.209336]	[157.774637,135.378593,139.657075,146.821758,173.418549,105.211550,133.104753,162.422800,153.014924,115.291273,135.023253,155.451592]	821
[0.179271,0.192013,0.702696,0.205067,0.397739,0.448755,0.233132,0.585637,0.378399,0.375845,0.108397,0.203700]	[149.914966,129.164666,139.598810,137.170017,177.962538,105.123195,130.964196,161.974926,152.722471,122.533968,154.699001,156.466984]	1426
[0.143461,0.168904,0.433180,0.278284,0.423226,0.499522,0.263402,0.322657,0.229621,0.156319,0.126072,0.125184]	[151.831014,144.314430,142.217061,137.372281,158.780150,92.494564,124.034051,161.389767,165.592511,125.392712,171.708984,176.470260]	2198
[0.349964,0.561748,0.391276,0.254490,0.479159,0.528219,0.360127,0.475980,0.245020,0.473388,0.168892,0.173905]	[126.547273,125.440487,139.968086,139.939980,172.116322,99.902331,129.765586,164.212249,162.068827,114.988387,169.018976,176.958869]	2284
[0.210818,0.226283,0.183132,0.159199,0.483777,0.495018,0.363948,0.629723,0.326610,0.332931,0.288262,0.072198]	[133.145759,133.391593,188.294088,134.806146,168.279197,102.366476,130.598380,162.753011,159.772240,112.607545,141.963379,163.297181]	2277
[0.222401,0.175736,0.415950,0.332483,0.363370,0.550296,0.254047,0.692393,0.232280,0.210744,0.196278,0.142133]	[131.527823,132.404622,147.110699,135.033956,178.584520,100.242124,132.603743,162.535017,147.025270,117.637400,159.128856,173.719818]	1841
[0.381413,0.242229,0.520753,0.523421,0.392607,0.593160,0.307724,0.161810,0.234581,0.765546,0.169901,0.137297]	[152.681334,127.052833,137.594990,132.235470,181.007130,103.366965,136.738072,165.312971,142.862194,118.106749,154.549812,168.325699]	1390
[0.744933,0.206240,0.176121,0.385676,0.388190,0.592921,0.248411,0.411591,0.368426,0.339599,0.145148,0.101980]	[147.635850,132.233658,175.175757,121.051300,175.285713,102.875664,133.911980,161.146679,147.749123,116.579708,163.774910,153.437150]	1525
[0.370211,0.309474,0.303303,0.418006,0.412920,0.567283,0.338947,0.534396,0.301546,0.375731,0.277528,0.126213]	[153.301724,133.811296,145.543857,129.717101,175.302795,102.019702,133.883981,159.814702,152.252084,113.048216,140.605308,167.843501]	1395
[0.405285,0.155420,0.522798,0.727000,0.297360,0.474039,0.220290,0.228840,0.173686,0.174088,0.167012,0.143748]	[153.890015,150.697815,139.691912,116.781759,138.534067,98.459821,141.531577,153.459784,185.421981,118.353300,137.114949,166.942561]	2098
[0.485622,0.578431,0.491763,0.538157,0.504000,0.611714,0.607560,0.443489,0.459458,0.549541,0.147162,0.112410]	[159.143617,142.839124,137.934944,125.101070,149.163110,100.753685,124.672851,153.098381,185.844883,118.652230,138.933734,167.284532]	1410
[0.424471,0.436716,0.356430,0.588934,0.473246,0.553245,0.711058,0.496039,0.425999,0.635893,0.174940,0.078866]	[147.366981,135.914273,130.646798,131.884295,156.441701,101.519576,132.991039,153.751037,174.628252,118.872134,157.699545,170.609977]	1210
[0.282614,0.234547,0.412905,0.337190,0.545293,0.375650,0.352714,0.548657,0.295178,0.281515,0.150868,0.078212]	[144.701789,130.649674,151.993780,130.138276,175.980631,105.791177,128.104453,160.483960,155.390225,117.715663,165.654444,179.362487]	2341
[0.223748,0.265160,0.439402,0.368439,0.312107,0.399848,0.523668,0.565681,0.344858,0.451514,0.310891,0.067014]	[129.835700,136.066011,135.306556,115.608931,158.848630,103.206353,134.551721,156.025286,171.622254,116.722677,193.655094,168.642006]	1945
[0.442175,0.184960,0.290269,0.297033,0.400678,0.443784,0.434468,0.408521,0.531840,0.512316,0.404786,0.037274]	[139.795873,141.555988,154.461142,115.204859,153.660222,109.225141,139.646489,139.022572,180.429668,109.249310,155.339331,188.296153]	1956
[0.384264,0.102915,0.380223,0.304714,0.464205,0.421855,0.301131,0.528598,0.290773,0.490063,0.634889,0.070820]	[134.244373,139.997456,152.582157,124.649297,157.632699,105.250798,146.316194,141.266985,171.814253,107.374855,144.771181,194.984907]	1295
[0.213718,0.223322,0.392768,0.154157,0.401722,0.413212,0.489538,0.610811,0.354657,0.269259,0.300414,0.082164]	[119.683623,151.680036,150.654657,155.989786,139.198030,101.873461,131.632403,145.077823,183.063816,122.514915,184.724014,166.137596]	1761
[0.221756,0.121474,0.323775,0.143973,0.407335,0.359635,0.527692,0.403192,0.536227,0.196862,0.299428,0.094208]	[137.124329,142.659655,147.026596,131.238922,145.189451,106.385670,137.086653,144.817579,188.092048,124.366684,186.130807,171.102857]	1463
[0.217264,0.168656,0.123221,0.309706,0.458149,0.457543,0.205687,0.404529,0.508196,0.455606,0.282552,0.086647]	[130.617626,141.759542,146.385406,131.163893,152.992623,107.905901,136.456791,140.002025,183.686703,106.762540,185.548875,169.934609]	1622
[0.210345,0.135832,0.358782,0.225878,0.402363,0.474967,0.315956,0.435841,0.560328,0.483292,0.428227,0.038121]	[141.090267,146.418720,139.048453,140.535218,143.561767,110.788657,132.128032,144.069962,187.066986,119.053061,150.574279,180.524381]	1483
[0.389715,0.257810,0.224426,0.212200,0.496522,0.400573,0.175444,0.462881,0.456851,0.168113,0.713840,0.052007]	[141.467578,143.279668,167.544614,132.121396,153.988528,94.138554,132.851849,141.104933,185.473596,113.466268,140.390040,197.272565]	1579
[0.150924,0.146315,0.313088,0.234691,0.488676,0.387875,0.197783,0.449673,0.399538,0.209019,0.688578,0.073743]	[109.837511,144.353268,177.956441,136.046008,155.995106,106.423283,128.087349,142.522550,183.456662,147.548232,148.115788,194.197627]	2059
[0.197106,0.214010,0.292047,0.135595,0.336244,0.335556,0.195210,0.212468,0.229592,0.459796,0.595699,0.048578]	[121.978574,138.902294,129.087847,141.400951,155.601775,107.101578,135.562889,161.286177,175.767965,134.101978,140.014541,198.891641]	2989
[0.182153,0.160772,0.228490,0.094624,0.476787,0.293735,0.271966,0.403220,0.418728,0.470242,0.614898,0.043682]	[118.867020,140.968117,140.797117,136.739891,167.702363,103.665305,139.070193,143.445029,170.096805,142.732205,145.940417,193.786552]	1900
[0.315807,0.158511,0.507303,0.201542,0.506083,0.354139,0.246725,0.214202,0.330164,0.245079,0.318748,0.052866]	[122.832688,144.093785,129.562539,142.568375,166.963516,109.664200,142.756362,139.618896,171.259171,133.754131,187.388736,162.293456]	1925
[0.304234,0.180982,0.379404,0.213881,0.475853,0.335131,0.311893,0.427918,0.384864,0.464341,0.379712,0.072342]	[120.476495,137.523818,134.976291,125.824975,162.598449,115.571516,126.501860,159.326151,171.619943,129.255373,152.144018,197.716758]	1993
[0.364358,0.226998,0.309466,0.176128,0.572190,0.522053,0.495871,0.527104,0.281243,0.468889,0.310090,0.088463]	[117.401832,135.083662,147.410557,131.421241,172.973460,100.237448,127.961014,160.906533,156.238707,148.103915,182.444180,170.716832]	1961
[0.447591,0.255977,0.210999,0.207559,0.519014,0.416063,0.577970,0.142974,0.249381,0.495375,0.245218,0.110675]	[114.860617,132.929213,133.850422,143.265060,174.191790,99.065787,126.213745,162.011534,158.655545,133.974560,167.011234,181.967799]	1624
[0.262761,0.259432,0.201350,0.192313,0.414216,0.499102,0.228131,0.454968,0.250336,0.205213,0.272414,0.097475]	[112.927485,128.672205,138.501482,148.777232,178.587667,100.637688,133.043421,157.600968,149.364370,141.292275,198.271144,175.971405]	2370
[0.443843,0.204149,0.263679,0.356922,0.378981,0.593124,0.246146,0.630952,0.406842,0.285614,0.206706,0.149827]	[113.046093,128.412809,134.579679,148.267917,180.762232,99.783725,130.018169,161.439721,148.664592,136.833475,185.044040,150.175830]	1887
[0.193558,0.215378,0.256415,0.241902,0.405426,0.558723,0.401161,0.659300,0.364463,0.200679,0.210270,0.132364]	[115.615512,130.294925,129.327628,162.627177,178.595463,103.505265,131.791765,164.183610,149.324535,119.517339,192.632132,141.168433]	1195
[0.547647,0.202180,0.157969,0.257983,0.321318,0.497923,0.526165,0.571292,0.376059,0.150859,0.253403,0.100460]	[113.613350,134.283844,163.466747,151.922326,162.051691,96.391882,129.478454,157.611559,172.831834,120.230651,177.703940,141.614929]	1899
[0.436121,0.235303,0.224711,0.222186,0.375429,0.488630,0.304353,0.634906,0.231241,0.177269,0.178361,0.067312]	[111.852463,130.584567,164.565946,126.490697,177.318692,101.306411,129.373697,161.780956,148.400539,133.782802,180.433323,168.394754]	2286
[0.229158,0.271689,0.378903,0.321406,0.514947,0.410950,0.217310,0.469130,0.225169,0.141713,0.133031,0.160816]	[115.388761,132.306339,140.330740,150.852228,177.492355,100.052288,130.463796,163.291554,148.211423,138.234227,186.003285,144.988140]	2263
[0.283511,0.237931,0.204044,0.192579,0.610677,0.433833,0.505569,0.527484,0.181010,0.122263,0.128664,0.273673]	[109.485507,133.651094,156.543178,168.695096,176.245434,111.998868,130.392439,161.307714,155.351363,136.635488,163.648086,132.931750]	1963
[0.183288,0.310690,0.240823,0.240901,0.230387,0.435007,0.232035,0.565868,0.256388,0.510271,0.232797,0.110778]	[127.857065,132.351111,157.749318,184.943725,175.578873,119.451022,124.681409,164.631287,151.939969,131.379334,155.528819,114.961100]	2675
[0.577344,0.138729,0.542702,0.705000,0.354284,0.374661,0.258180,0.441477,0.253175,0.242389,0.220395,0.130236]	[105.759208,128.723100,152.430850,138.593640,180.352987,112.866255,132.541849,158.936115,146.595949,132.209626,188.432894,122.948564]	1735
[0.527315,0.237691,0.193991,0.330008,0.369088,0.471687,0.397769,0.619077,0.298684,0.198651,0.171986,0.149098]	[105.342000,132.892623,169.379827,144.428444,184.060718,116.095945,123.824285,162.905932,150.525172,143.450557,171.254740,118.420882]	1345
[0.258176,0.263996,0.150416,0.227722,0.435830,0.446561,0.363019,0.520254,0.471105,0.211457,0.348379,0.194281]	[121.423163,133.225553,145.118534,157.969111,181.588517,117.154900,125.826542,158.243985,154.713312,166.466841,170.626718,126.197416]	2296
[0.570612,0.365160,0.621539,0.214396,0.410561,0.434894,0.397428,0.237373,0.266292,0.193936,0.356377,0.218688]	[108.717750,132.408931,152.402733,151.100685,175.565781,116.170267,130.051937,167.701384,145.356045,131.868163,176.438734,119.056360]	1647
[0.865794,0.255543,0.208456,0.374346,0.306314,0.420929,0.307092,0.263571,0.352887,0.201363,0.123328,0.183444]	[106.846934,132.667611,151.263602,147.369363,174.777390,129.320915,134.246957,167.017170,148.798412,144.978728,174.344393,115.827379]	1611
[0.282520,0.653020,0.291521,0.550144,0.364851,0.400332,0.449565,0.206298,0.417108,0.282807,0.488901,0.341324]	[107.538288,129.474562,157.240695,140.202235,172.825724,121.783323,132.849692,170.829883,153.788893,131.755133,187.836958,110.000411]	1418
