[0.375423,0.280286,0.485992,0.297695,0.324447,0.294227,0.387055,0.417035,0.356839,0.531020,0.220654,0.154758,0.193644]	[226.946463,356.524713,241.135746,232.339756,262.111880,291.623863,280.650558,304.562883,414.031892,351.957748,271.954624,181.896963,225.562535]	1242
[0.385455,0.623549,0.288074,0.244718,0.319789,0.228797,0.315317,0.316163,0.175980,0.765404,0.142755,0.139612,0.190738]	[227.365424,347.802376,258.048625,230.042999,303.224008,294.143679,307.856276,294.428886,346.652830,426.253705,278.302908,191.039933,222.911441]	769
[0.377011,0.599415,0.454690,0.776482,0.454672,0.676694,0.366912,0.460589,0.602423,0.670843,0.459215,0.405718,0.210868]	[232.899558,292.261076,244.057469,226.380049,341.876690,261.002748,304.339072,344.855984,450.869580,339.916763,229.516088,200.265831,220.642010]	774
[0.346169,0.780189,0.272064,0.236301,0.218421,0.203340,0.206755,0.323659,0.611482,0.547682,0.326372,0.330650,0.207493]	[241.100765,294.639029,230.550306,236.505230,302.910827,246.954127,334.448467,338.977840,381.335697,420.899935,230.178887,223.519211,220.013486]	783
[0.319300,0.175530,0.525790,0.689086,0.513394,0.505557,0.321201,0.252000,0.219959,0.516110,0.478120,0.393614,0.206124]	[220.856551,309.182767,277.974828,228.973781,285.820825,279.295247,288.154633,360.102926,424.003852,361.196428,275.968972,180.551344,224.835243]	984
[0.326197,0.520089,0.453654,0.532504,0.554983,0.720438,0.445158,0.401810,0.325063,0.593567,0.491682,0.366560,0.216285]	[236.255073,295.168705,259.292217,228.917016,311.572771,263.562087,316.372650,358.072813,484.804608,309.964796,222.988282,203.761424,220.920831]	572
[0.307964,0.492467,0.384302,0.790185,0.862052,0.679239,0.506916,0.242836,0.450736,0.299629,0.413997,0.327256,0.216285]	[228.559470,381.466767,252.484779,234.329691,248.662941,257.583378,269.936948,320.195801,455.857274,295.346985,282.594810,190.899348,220.920831]	565
[0.356715,0.466898,0.547574,0.281812,0.573830,0.674785,0.338847,0.347420,0.495999,0.451502,0.423752,0.375185,0.213265]	[234.340717,309.842780,251.051666,235.749860,311.879398,257.918184,311.241722,341.631568,498.304546,307.455470,245.952217,199.394007,217.179524]	618
[0.326942,0.435976,0.395552,0.633202,0.879399,0.832974,0.530461,0.387007,0.520938,0.299099,0.481970,0.383329,0.213953]	[231.420303,464.209716,247.185246,228.482189,258.813125,258.544407,271.433473,326.071012,378.760435,297.796322,262.435484,192.334646,221.958487]	611
[0.349602,0.612703,0.376714,0.663510,0.757573,0.791480,0.536721,0.422473,0.415288,0.522858,0.555737,0.355719,0.213953]	[219.916227,441.824484,258.593121,236.707501,267.757401,269.723670,284.696136,311.398293,375.239402,300.574713,247.187852,188.438736,221.958487]	356
[0.444543,0.507650,0.484526,0.680193,0.780140,0.479641,0.983693,0.314832,0.295956,0.523211,0.601287,0.310670,0.213953]	[242.754990,296.908594,310.556231,232.122662,268.592628,268.668089,285.396209,299.941123,398.782109,407.745719,247.623902,185.498677,221.958487]	560
[0.534007,0.480639,0.549806,0.662375,0.935194,0.449605,0.526149,0.269299,0.375377,0.429396,0.638357,0.340740,0.213953]	[245.236937,321.433021,274.652185,239.057171,274.408447,247.484934,282.895475,323.680322,480.139762,321.593493,245.476395,191.263895,221.958487]	270
[0.433090,0.219947,0.439505,0.428569,0.935194,0.608162,0.526149,0.298557,0.379856,0.207618,0.616105,0.310671,0.212244]	[215.847420,440.590108,288.628659,238.870995,274.408447,250.996450,282.895475,337.160112,374.229066,316.818292,244.825511,191.750140,221.687452]	355
[0.455053,0.392629,0.381685,0.622102,0.905708,0.347009,0.585023,0.466841,0.636422,0.098227,0.509517,0.261158,0.211983]	[216.992562,480.680548,246.380242,239.812865,258.112375,251.228877,276.669465,297.397204,401.447941,310.683284,260.872182,188.889321,224.385390]	332
[0.672280,0.391833,0.268716,0.623151,0.779848,0.530300,0.988223,0.292629,0.733871,0.124685,0.478159,0.344571,0.213452]	[239.082811,310.450132,322.122875,242.028008,267.755684,274.260564,285.230214,291.691259,489.844534,299.882772,245.461014,193.825869,223.662090]	472
[0.533879,0.424876,0.467196,0.423149,0.779216,0.614874,0.981582,0.172794,0.604862,0.150382,0.559228,0.339149,0.213452]	[244.755098,308.069716,304.200634,242.502375,269.008065,294.672493,284.761101,323.706242,466.326697,298.539231,241.105892,193.517781,223.662090]	318
[0.343868,0.397938,0.378252,0.716548,0.735759,0.471418,0.981582,0.301191,0.548066,0.131043,0.606922,0.297364,0.211937]	[222.494703,474.533036,262.231181,236.835619,271.157032,272.620263,284.761101,314.344953,358.034912,312.812829,242.051972,181.921575,224.780200]	519
[0.538485,0.212078,0.510059,0.551364,0.860435,0.761773,0.538827,0.412547,0.704970,0.108261,0.499540,0.336956,0.216124]	[228.547263,337.124753,245.187227,233.107708,268.839529,278.555884,282.403163,315.600807,498.184474,305.851843,243.334691,187.643715,220.861098]	416
[0.529264,0.370009,0.186580,0.274131,0.862918,0.375775,0.540634,0.349733,0.691722,0.106671,0.583181,0.194955,0.216124]	[240.208231,327.054627,280.153105,248.734209,269.909553,323.223945,279.125172,245.065428,485.578346,299.769996,237.632699,190.252579,220.861098]	630
[0.514520,0.409923,0.486938,0.700441,0.699263,0.482863,0.805495,0.494224,0.664781,0.123802,0.400853,0.306475,0.214845]	[245.865333,329.646494,251.732669,234.667649,291.672668,276.688063,260.068085,319.299100,475.842593,291.962877,264.112778,184.677119,221.063697]	598
[0.459470,0.396623,0.453693,0.544665,0.369331,0.306583,0.310128,0.362674,0.273842,0.259755,0.408209,0.264868,0.214845]	[223.594939,475.114855,235.299635,236.820765,286.154125,307.724678,333.034237,306.101246,330.490380,305.456097,262.513830,186.450006,221.063697]	701
[0.557268,0.274858,0.488430,0.758060,0.514028,0.370791,0.408336,0.511926,0.516274,0.101422,0.371523,0.403343,0.215068]	[223.187922,456.580915,237.088406,231.950986,255.720735,300.678500,281.988001,314.089413,359.817736,315.232324,275.011001,190.257709,222.034350]	513
[0.411102,0.492993,0.549753,0.661317,0.514028,0.200587,0.408336,0.520371,0.629164,0.150340,0.363610,0.370037,0.215068]	[246.876908,321.767606,280.269326,236.170803,255.720735,266.590367,281.988001,332.672860,447.953666,299.600103,278.260403,189.105843,222.034350]	589
[0.473789,0.373257,0.284065,0.690897,0.621956,0.463133,0.306271,0.273987,0.323217,0.189854,0.308325,0.331668,0.211985]	[219.987310,310.965523,281.051781,236.463901,293.793716,313.884778,317.074093,331.690125,432.637969,287.202838,242.006324,195.958530,225.408219]	737
[0.531837,0.480688,0.533475,0.817190,0.857141,0.468411,0.570107,0.257097,0.374342,0.244337,0.309677,0.341359,0.211985]	[238.417490,505.073461,249.894572,232.174341,256.950925,303.822806,276.308198,323.652026,307.677080,285.488300,276.099573,185.821892,225.408219]	589
[0.498571,0.420949,0.370658,0.824903,0.747347,0.630608,0.978275,0.526499,0.324220,0.367847,0.469166,0.383825,0.215509]	[240.872188,534.664154,235.902260,237.862749,264.584803,320.696543,285.250320,318.153806,299.737956,237.598423,247.302241,201.543299,220.450463]	390
[0.409840,0.468500,0.323618,0.511997,0.755666,0.498290,0.781824,0.730243,0.705356,0.391353,0.514373,0.302985,0.214984]	[252.049190,433.382723,238.618930,231.785247,286.531841,323.899783,275.734812,327.036576,373.607106,236.069781,240.902036,189.592022,221.243530]	352
[0.520179,0.569509,0.266675,0.610426,0.693204,0.377202,0.929182,0.742667,0.483203,0.391368,0.327453,0.452970,0.215031]	[250.239940,453.480937,221.933057,235.126517,304.544157,321.124851,280.206980,326.511790,337.895289,239.084208,220.562537,187.901368,222.591417]	314
[0.544967,0.533737,0.298023,0.513313,0.788634,0.551272,0.809528,0.417487,0.696290,0.307127,0.270137,0.467373,0.215237]	[248.524178,363.824134,237.495167,238.134863,307.645062,337.221509,310.927777,323.296280,430.953556,240.423834,188.549585,198.024903,220.837680]	307
[0.543346,0.585639,0.276872,0.448961,0.759756,0.658320,0.945919,0.372585,0.448228,0.354949,0.369272,0.309454,0.216494]	[245.477316,500.258490,253.206121,240.871525,303.593174,315.173658,279.152783,320.796082,299.686427,235.047635,220.268009,193.058619,219.997291]	343
[0.588133,0.507063,0.642204,0.477611,0.792224,0.690559,0.929182,0.345911,0.465826,0.347877,0.559310,0.271004,0.213928]	[254.274484,484.642804,247.588422,239.775784,298.025658,300.444325,280.206980,356.573329,306.116140,237.359123,223.456213,182.031549,222.080882]	351
[0.598534,0.422746,0.571728,0.585089,0.820276,0.410675,0.999236,0.359810,0.510298,0.359953,0.344704,0.354283,0.213928]	[280.663370,480.572791,264.061241,239.989055,300.008699,298.779290,282.120049,354.669475,299.016501,230.748774,223.357531,188.362101,222.080882]	232
[0.764708,0.717541,0.515721,0.461306,0.738449,0.724313,0.738798,0.328486,0.455802,0.339055,0.396998,0.292119,0.211527]	[258.795286,490.917550,242.159015,235.871049,284.270628,292.687953,277.538075,345.135432,309.162670,229.514694,247.223225,182.988769,224.064154]	286
[0.701382,0.643238,0.619355,0.595618,0.751735,0.963924,0.730879,0.396413,0.404122,0.341096,0.343063,0.280257,0.209065]	[263.205425,489.086769,237.798527,235.213643,288.144978,295.043823,279.988788,332.967662,315.661349,229.692708,247.615153,176.807052,224.868641]	195
[0.681614,0.539029,0.408868,0.597233,0.758753,0.425696,0.936516,0.631933,0.336567,0.397080,0.427857,0.294614,0.204197]	[257.165319,483.717664,246.315806,231.689515,307.170809,312.554268,281.348578,345.704241,303.600610,226.253750,233.720251,174.913156,225.562455]	283
[0.666159,0.471962,0.497695,0.733260,0.282854,0.313684,0.244211,0.395755,0.205521,0.271257,0.314100,0.417373,0.213561]	[262.682406,463.073581,262.428913,234.238079,292.906233,349.371848,364.185129,333.929353,300.475639,221.389131,218.371206,187.380909,221.500398]	651
[0.567185,0.445748,0.466913,0.583450,0.776515,0.311934,0.369858,0.451490,0.105664,0.402103,0.461935,0.325642,0.210552]	[255.225056,461.605524,267.853514,235.408952,295.674545,352.340140,285.400379,311.574780,302.649705,222.300514,250.649587,191.743522,218.204772]	514
[0.478332,0.720569,0.597509,0.644666,0.828317,0.354918,0.563429,0.345885,0.104491,0.270780,0.542368,0.332663,0.213115]	[267.435360,478.130033,253.340218,235.921796,283.961961,323.770298,280.406086,323.457759,304.477563,214.183929,230.331671,186.478042,223.855576]	373
[0.466262,0.288817,0.408759,0.558451,0.865921,0.333325,0.535480,0.387510,0.299239,0.331782,0.426548,0.240112,0.213115]	[313.423277,442.069607,259.585339,231.788230,284.714823,358.911455,275.770217,305.464989,294.611698,235.884312,246.291756,190.311661,223.855576]	639
[0.218304,0.465255,0.208695,0.480137,0.774596,0.200923,0.559292,0.363003,0.252261,0.338217,0.390943,0.250018,0.213263]	[314.358320,427.346581,268.232970,238.908209,312.696164,281.285646,292.799205,350.250525,310.462987,237.012955,239.357134,190.810005,224.062288]	598
[0.283024,0.446523,0.317465,0.536745,0.799326,0.611247,0.823824,0.488449,0.665936,0.239702,0.311160,0.370948,0.213245]	[425.364062,370.122836,235.307943,241.390036,301.389299,304.816937,311.135433,336.825009,258.611209,235.630814,205.251059,195.215580,217.036939]	655
[0.197633,0.355999,0.251998,0.480240,0.274965,0.386195,0.110463,0.308376,0.376251,0.274974,0.248877,0.505549,0.215609]	[417.145419,347.173406,235.786667,240.276006,259.804636,326.268488,376.293954,333.880479,272.106989,251.289947,224.970772,201.286905,220.900056]	1038
[0.261876,0.379251,0.302920,0.590170,0.490187,0.452602,0.488977,0.315959,0.288718,0.340604,0.384239,0.515547,0.210782]	[478.235946,335.339888,241.668885,231.264564,275.033456,301.809678,276.244349,318.478343,309.711007,226.666234,258.648952,190.740454,220.144280]	915
[0.480625,0.335845,0.178340,0.332926,0.218281,0.482962,0.225907,0.226652,0.389998,0.269405,0.201664,0.583334,0.214439]	[430.056292,354.070380,232.572934,234.380955,307.097550,308.635319,320.799538,344.960353,272.916599,256.475319,238.360329,204.296760,221.124211]	774
[0.294812,0.451044,0.159937,0.229746,0.242031,0.344597,0.223046,0.212259,0.413188,0.343278,0.169737,0.428049,0.212089]	[474.423797,354.520954,238.750672,234.759435,283.057410,296.674084,323.147940,321.032444,264.109958,233.962426,237.229257,202.454654,221.950652]	317
[0.226871,0.442390,0.178930,0.132033,0.270554,0.516204,0.168829,0.245871,0.419370,0.245845,0.133656,0.408083,0.203384]	[452.281473,365.906247,237.677288,235.750042,286.504149,304.818791,319.030380,300.047954,254.743912,236.360433,235.389636,188.455038,224.433989]	380
[0.280900,0.525078,0.193414,0.112271,0.314069,0.827974,0.160541,0.279245,0.393555,0.277718,0.148287,0.398058,0.203384]	[435.896895,332.275503,240.718761,231.304163,281.558919,316.209205,317.204808,339.342609,245.181032,224.207744,233.193369,189.890924,224.433989]	298
[0.374376,0.602359,0.432086,0.266671,0.233582,0.408377,0.208327,0.258020,0.189211,0.252927,0.137151,0.235804,0.197314]	[302.571267,415.986463,240.353311,226.297187,298.809754,321.084420,313.090251,353.184377,306.791540,228.843786,238.212535,208.907875,225.481676]	871
[0.236516,0.670795,0.219452,0.171803,0.636256,0.465757,0.189546,0.179674,0.188233,0.312941,0.486718,0.286303,0.188931]	[355.117887,425.658707,229.026156,227.464271,287.788480,306.704193,319.755713,296.929428,290.603856,231.624316,248.925150,203.863228,218.188701]	871
[0.253281,0.543613,0.355470,0.367544,0.637827,0.280390,0.872951,0.338016,0.488496,0.267024,0.324122,0.421311,0.214157]	[417.742847,363.324340,248.923305,223.711830,298.455978,296.943114,279.239580,367.486778,276.650329,240.449170,251.736347,191.042180,220.435739]	838
[0.301823,0.740457,0.528740,0.406592,0.754674,0.353934,0.970765,0.343581,0.651284,0.290143,0.265082,0.318711,0.212804]	[347.602860,339.874346,231.019417,241.565083,301.365456,292.213127,280.979987,346.798248,257.571435,322.294221,293.809647,191.805661,221.035384]	399
[0.433895,0.685098,0.420623,0.544395,0.748297,0.309863,0.904359,0.337418,0.694208,0.319150,0.241025,0.415331,0.211932]	[363.367122,422.574400,236.206248,232.965699,303.183853,271.998417,280.021472,376.274706,258.051211,239.222617,234.045779,184.457770,220.509061]	372
[0.398163,0.458361,0.362816,0.487935,0.717191,0.298630,0.970602,0.258436,0.351115,0.382969,0.315879,0.436078,0.214694]	[304.957987,434.593692,231.952884,246.542965,306.591675,333.262535,281.513888,352.207382,291.533064,233.446045,234.480332,187.992046,221.150181]	487
[0.628318,0.413000,0.319888,0.458790,0.585889,0.178093,0.966372,0.289602,0.525029,0.344379,0.335181,0.405388,0.211939]	[332.294272,438.028916,249.499201,231.703431,292.578355,303.569037,285.483350,366.366668,285.840970,224.593707,236.278737,186.015029,223.565032]	364
[0.290644,0.408105,0.494867,0.434241,0.704944,0.202807,0.999236,0.472620,0.528302,0.289029,0.389384,0.342913,0.212424]	[304.061931,441.493956,237.922928,237.370558,305.515944,347.349232,282.120049,333.037345,283.918643,227.405973,237.422903,181.305231,223.221878]	308
[0.288635,0.588371,0.616680,0.430409,0.727005,0.185213,0.999236,0.275290,0.520472,0.230097,0.368571,0.306045,0.212151]	[268.545624,369.088136,241.466246,234.129603,303.389782,362.755320,282.120049,320.631118,255.652945,335.903840,242.441968,180.435387,224.419625]	273
[0.293897,0.599424,0.431329,0.824522,0.839732,0.252977,0.981155,0.345422,0.834732,0.223293,0.374943,0.246306,0.210853]	[299.226831,374.083228,244.103111,238.157929,305.000179,338.343849,282.233459,319.408065,258.206973,344.264338,235.540477,179.329566,224.536883]	301
[0.229662,0.408667,0.392195,0.694036,0.619124,0.395666,0.173943,0.286295,0.404653,0.359678,0.209913,0.450424,0.214094]	[262.998099,439.399871,249.929245,239.644323,317.155681,351.869593,318.130999,311.916003,311.842051,232.236269,260.718822,186.175899,220.612800]	666
[0.174737,0.667330,0.383271,0.533082,0.790201,0.335747,0.536833,0.430837,0.269158,0.385153,0.300571,0.444354,0.214094]	[295.221952,421.457969,235.874276,233.282442,291.963409,316.941121,269.957808,359.556236,305.508418,225.444075,274.325738,186.222372,220.612800]	537
[0.142330,0.348494,0.276541,0.246195,0.141328,0.446068,0.232061,0.626735,0.210147,0.277619,0.195425,0.502945,0.214545]	[320.063804,341.227845,229.441496,238.696483,251.507823,312.517312,332.871156,451.822581,299.569086,237.605646,292.978141,205.515539,221.166727]	907
[0.234008,0.450068,0.398080,0.663296,0.660796,0.278748,0.573323,0.234766,0.319221,0.378923,0.397657,0.313684,0.214046]	[334.927603,428.526630,229.884742,241.244743,262.602945,323.443297,285.427894,353.518030,295.848679,228.054375,258.339623,182.350575,221.937057]	1067
[0.274287,0.407095,0.489250,0.581223,0.757780,0.404375,0.944746,0.311330,0.665210,0.366962,0.289664,0.309609,0.214046]	[332.834237,443.821033,229.799904,237.874064,285.721367,337.534927,281.549166,295.827563,278.812500,238.928421,262.528755,182.388442,221.937057]	560
[0.352845,0.473194,0.457763,0.581223,0.771560,0.391653,0.562363,0.703604,0.443460,0.371612,0.210380,0.301048,0.214046]	[327.374282,337.471320,233.930916,237.874064,264.866531,471.087382,289.890531,308.196080,257.159661,220.031207,254.034317,175.480468,221.937057]	402
[0.262027,0.578447,0.300162,0.534763,0.559115,0.170189,0.436316,0.365130,0.244691,0.379414,0.214821,0.340725,0.211913]	[273.653344,431.667137,279.647705,238.544401,341.627787,367.960373,290.228148,259.406021,313.456429,225.197754,270.091262,198.742679,222.318782]	771
[0.509126,0.339093,0.301208,0.449970,0.295084,0.566779,0.259537,0.335420,0.225705,0.272642,0.437785,0.528498,0.215796]	[298.729752,339.649309,224.806408,240.695855,276.237754,455.311929,313.785481,347.228693,266.037124,242.608943,281.164358,203.423113,220.835671]	1020
[0.369463,0.279221,0.190964,0.467761,0.266164,0.361750,0.308124,0.334154,0.236485,0.286142,0.466448,0.409875,0.213538]	[321.177176,305.274815,225.505394,242.080642,278.063223,468.640865,322.123663,341.716627,261.214871,230.113950,227.390600,195.146330,222.241375]	471
[0.491197,0.495625,0.307026,0.442450,0.453528,0.162056,0.276197,0.445135,0.210322,0.320823,0.276222,0.451771,0.211003]	[323.935702,305.717561,238.566292,233.382796,336.701617,450.000793,281.939918,378.681630,252.381140,230.719666,254.481375,204.158462,220.962277]	605
[0.471656,0.521014,0.412014,0.380106,0.571165,0.261251,0.848340,0.151924,0.505509,0.327212,0.347423,0.432162,0.215195]	[322.547825,359.954171,243.017261,235.980947,304.004373,446.140761,280.977725,329.666017,276.526007,228.651475,234.540036,186.430433,221.012137]	591
[0.404581,0.509131,0.531724,0.549147,0.685662,0.288304,0.562831,0.150050,0.484485,0.340519,0.347307,0.410932,0.212267]	[322.346997,330.764852,247.614816,232.029371,276.549151,491.102926,285.509335,311.993183,270.414326,221.866282,245.142341,181.845092,222.753625]	359
[0.332901,0.526192,0.388593,0.842365,0.811506,0.218172,0.984241,0.501273,0.549659,0.355653,0.320369,0.425062,0.212992]	[322.392257,365.601806,248.497219,235.787619,290.692253,472.208802,285.377822,308.887431,265.250949,223.286343,237.458258,191.104582,222.713849]	289
[0.435174,0.493472,0.378516,0.731610,0.754533,0.353074,0.981582,0.310870,0.380791,0.360306,0.214082,0.351620,0.215237]	[312.174596,320.553373,238.839607,237.108025,273.772195,311.989675,284.761101,485.687882,297.367182,231.429439,250.009838,202.832652,220.837680]	588
[0.362776,0.398072,0.418424,0.564973,0.745027,0.470238,0.306069,0.299350,0.363442,0.390647,0.119637,0.395775,0.212176]	[285.164939,445.897983,245.339246,235.786900,314.952363,333.810964,283.066128,377.061280,289.788309,225.426338,245.621522,190.868266,222.081840]	537
[0.346480,0.397816,0.202943,0.419426,0.724281,0.439848,0.930952,0.305746,0.675164,0.369785,0.252984,0.450082,0.212176]	[348.557870,429.399657,321.292736,232.175008,276.337801,314.495290,282.850901,278.991017,283.554825,232.006218,246.275947,206.874075,222.081840]	655
[0.396534,0.576817,0.474236,0.341215,0.221823,0.315144,0.406900,0.379513,0.393533,0.335785,0.206522,0.369589,0.216226]	[370.472621,400.493477,244.381795,235.895726,236.086958,295.765900,321.862234,352.832526,267.857294,244.660302,325.122665,191.698424,224.426483]	1057
[0.320955,0.788047,0.375532,0.546295,0.549027,0.221078,0.242697,0.585266,0.455085,0.380093,0.474450,0.236668,0.212823]	[333.528439,330.600030,226.888259,247.772840,343.630995,319.272367,290.712943,433.084513,259.749046,228.119835,231.505578,184.210896,223.469417]	754
[0.379124,0.700732,0.444258,0.351074,0.711158,0.433143,0.628519,0.710135,0.590780,0.333405,0.518257,0.329367,0.215932]	[351.914439,311.936314,242.403087,235.153162,249.790833,296.931528,281.371547,479.768091,237.760983,252.268485,274.197196,190.301164,221.521765]	681
[0.424666,0.772373,0.654519,0.526602,0.849780,0.601455,0.509583,0.642058,0.580070,0.349651,0.463020,0.327851,0.212892]	[352.000714,311.417317,236.636361,245.048176,252.540929,294.216675,269.704401,473.379868,241.234336,250.948172,273.338096,184.927955,220.722687]	266
[0.438634,0.448270,0.694729,0.668953,0.725028,0.659131,0.520667,0.651671,0.579326,0.379421,0.424976,0.259677,0.211344]	[355.011750,305.778775,246.635588,232.336544,257.363913,293.934862,275.016018,483.901390,237.443701,258.154477,263.695807,201.277723,220.526497]	233
[0.193566,0.663764,0.653692,0.513905,0.744615,0.709284,0.571578,0.141983,0.552035,0.358917,0.483559,0.238258,0.210745]	[381.676852,303.609469,237.318652,238.060076,263.409298,290.839118,271.815459,444.762501,218.387301,280.464215,271.175089,189.644284,224.006461]	271
[0.261998,0.751658,0.635355,0.562429,0.523633,0.358741,0.338149,0.256455,0.430398,0.321028,0.418748,0.350540,0.214850]	[312.695039,307.250009,246.765718,238.199970,305.926136,355.176474,307.228567,451.163998,222.279007,269.262501,248.033343,196.116114,220.761893]	524
[0.371226,0.540111,0.502308,0.758970,0.820458,0.671018,0.556139,0.461622,0.470560,0.222278,0.459114,0.376879,0.214850]	[389.807595,310.987468,246.739982,230.754630,264.208747,290.276111,274.989548,455.739028,219.386824,262.581356,266.198157,196.746339,220.761893]	475
[0.315184,0.356380,0.334338,0.419552,0.122520,0.503763,0.162585,0.421682,0.534480,0.366913,0.447069,0.370239,0.205738]	[291.796954,310.102696,226.212988,229.666414,229.246407,376.457452,343.426102,451.742553,230.621171,281.959440,275.838798,236.508467,221.248086]	887
[0.164393,0.708928,0.400917,0.464620,0.251620,0.426144,0.375829,0.245304,0.522208,0.376494,0.382668,0.381110,0.209239]	[284.851688,309.666679,234.721398,229.691187,313.865241,400.293991,321.138541,456.029173,229.523307,261.781505,241.646009,205.857495,215.820399]	647
[0.301169,0.622744,0.452003,0.528811,0.528953,0.325282,0.332694,0.456848,0.531842,0.351366,0.378279,0.404517,0.207249]	[293.348646,308.901065,303.740726,231.814845,277.378924,296.113507,287.276252,481.675725,230.373363,309.268083,264.825345,180.748978,221.256618]	817
[0.296038,0.700985,0.548889,0.633170,0.306265,0.341191,0.435898,0.190849,0.483620,0.270626,0.382716,0.368925,0.215477]	[323.225695,305.475623,232.920903,239.534178,335.561910,354.110539,324.411614,437.540528,222.697797,278.621965,220.788240,183.551118,221.279410]	734
[0.308906,0.547296,0.518952,0.940181,0.627823,0.550861,0.313708,0.283309,0.437774,0.447523,0.374486,0.289358,0.215237]	[371.177740,307.086182,239.952076,231.579386,309.891069,315.391965,280.480814,446.414076,232.132068,270.212613,249.429336,186.043311,220.837680]	469
[0.416498,0.234205,0.405558,0.276725,0.204906,0.512929,0.292755,0.923670,0.500018,0.418589,0.198135,0.319898,0.205150]	[304.679493,308.219739,232.999997,229.323990,234.870778,339.534639,316.337630,489.213917,230.036026,280.473891,322.705317,193.477115,226.848283]	784
[0.292214,0.766475,0.408729,0.328983,0.202289,0.471936,0.164404,0.226450,0.494439,0.212204,0.143479,0.268633,0.206748]	[326.603335,313.134794,226.568730,225.740151,212.752167,320.096985,294.262987,484.809275,212.569258,259.011231,339.472733,178.900223,227.206813]	876
[0.284620,0.809406,0.461737,0.454797,0.299304,0.545116,0.368851,0.187922,0.523461,0.338301,0.355543,0.394801,0.215068]	[300.634416,306.222461,236.084092,232.006474,318.116292,476.183823,338.469068,330.025887,230.284773,304.863452,216.926144,196.333208,222.034350]	935
[0.403636,0.546064,0.299734,0.839135,0.799996,0.381261,0.317905,0.802499,0.546782,0.325725,0.394954,0.347615,0.215248]	[322.647506,309.144528,252.866179,240.642144,301.467664,307.957197,269.586059,475.166116,231.686548,294.916823,265.285776,185.729315,220.528263]	751
[0.307173,0.379827,0.299068,0.425736,0.153563,0.494609,0.401368,0.322906,0.533415,0.398820,0.363132,0.453145,0.216428]	[295.887740,310.136157,231.377910,228.720373,289.972950,367.173236,336.161189,459.339403,230.294992,263.359666,226.874625,198.188893,219.791206]	621
[0.241760,0.422035,0.278496,0.632802,0.128464,0.413493,0.181854,0.558725,0.542549,0.327332,0.176485,0.526969,0.215539]	[342.051542,309.675720,236.206652,227.000666,235.823345,315.773586,318.711739,455.346316,230.607694,312.156746,292.790633,210.683300,220.692228]	838
[0.225811,0.657994,0.497167,0.218164,0.249730,0.369408,0.245311,0.253623,0.411469,0.429918,0.135724,0.407670,0.215539]	[293.054625,306.228820,236.848239,230.488270,235.790682,361.174551,294.817455,462.803147,233.434302,296.300440,299.546129,212.834903,220.692228]	721
[0.302509,0.232033,0.395169,0.299833,0.273207,0.225200,0.353578,0.294859,0.515456,0.346187,0.300770,0.436560,0.214099]	[352.392802,314.915881,230.249241,231.050600,298.191733,273.735255,315.856751,448.737659,231.983113,304.958937,310.265278,185.712727,221.396038]	999
[0.115536,0.584622,0.460875,0.590330,0.229121,0.409542,0.377453,0.254903,0.490446,0.405961,0.198621,0.311418,0.213200]	[288.040116,314.407166,221.142014,234.828708,347.019787,313.074469,293.986737,475.789526,226.652757,314.211406,289.994785,194.361021,222.525572]	810
[0.368636,0.616399,0.486146,0.406912,0.226583,0.266891,0.334725,0.216071,0.483157,0.404495,0.253228,0.359857,0.209750]	[302.679971,311.213198,218.079935,242.503898,351.861063,285.365028,282.016660,467.348922,228.518968,311.817993,327.424138,197.392769,221.350959]	381
[0.525829,0.755778,0.371002,0.628120,0.662519,0.332335,0.193237,0.314647,0.449419,0.310867,0.218782,0.582355,0.211325]	[314.526262,289.685142,211.578890,231.185320,331.178584,265.611086,301.247935,461.225961,219.640580,330.276635,330.590632,216.227091,220.030670]	485
[0.445615,0.622987,0.459613,0.364948,0.220134,0.436659,0.207290,0.351027,0.436010,0.261944,0.385472,0.410443,0.211817]	[314.642482,278.349309,222.356857,245.965604,353.813144,346.190444,294.070724,445.987348,206.948334,336.395098,225.057496,195.250793,221.269765]	683
[0.377078,0.175058,0.670654,0.192170,0.683622,0.243711,0.688185,0.466664,0.319504,0.283704,0.340662,0.368503,0.211817]	[325.105756,306.498925,225.367178,237.563108,347.986380,330.531783,285.517035,438.075992,235.447764,265.416732,264.841904,197.576084,221.269765]	686
[0.239469,0.271640,0.232372,0.731789,0.654437,0.399178,0.773643,0.508398,0.606679,0.238122,0.367964,0.274730,0.207425]	[292.531595,295.427746,229.441272,238.604815,331.640011,319.962065,269.094602,437.437758,245.509834,345.094434,276.550868,188.500878,227.048651]	369
[0.416058,0.296961,0.393106,0.385166,0.589932,0.201651,0.795178,0.655986,0.531657,0.281549,0.338764,0.217990,0.204734]	[300.399199,292.062182,229.571701,240.138245,330.351332,297.926331,299.140140,343.497530,245.610501,447.687939,250.203634,190.418155,226.706960]	436
[0.187609,0.217915,0.569313,0.264994,0.797529,0.434531,0.698980,0.541721,0.427715,0.304087,0.314138,0.385219,0.213884]	[304.453952,317.787487,232.239927,236.254147,330.249505,302.289254,267.387774,413.780462,244.835814,366.851750,242.939739,193.879754,221.204871]	520
[0.300666,0.248068,0.356330,0.144885,0.615000,0.531201,0.655345,0.555092,0.736069,0.293826,0.590739,0.346718,0.213410]	[314.764098,315.108557,238.971201,228.657186,318.199811,319.125080,278.822195,349.146324,241.206573,406.614786,238.459653,186.261690,221.012683]	326
[0.200817,0.220100,0.211061,0.463343,0.727050,0.695687,0.904359,0.517362,0.539229,0.138556,0.344212,0.372128,0.211161]	[316.012367,316.463306,241.812499,226.915642,293.135904,324.675249,280.021472,338.805018,236.922483,436.900687,253.860807,185.368408,222.293405]	607
[0.542537,0.203498,0.237414,0.173834,0.551247,0.537121,0.744600,0.405545,0.361762,0.439943,0.443887,0.374823,0.211161]	[312.449444,296.861706,238.338223,221.716830,288.873564,329.917536,283.978051,292.587816,240.264738,488.363033,224.622726,186.621880,222.293405]	536
[0.368791,0.322125,0.227374,0.081764,0.457323,0.556625,0.409205,0.371746,0.721861,0.429830,0.299479,0.371854,0.211161]	[327.631321,293.059435,237.180190,220.947428,282.510186,326.474065,307.964723,294.508829,242.512307,476.959525,216.297401,191.688884,222.293405]	192
[0.151838,0.556562,0.426574,0.444357,0.565429,0.371249,0.385019,0.382736,0.320748,0.381550,0.478802,0.315021,0.211161]	[329.394060,276.777408,235.678937,236.112008,328.768002,318.432741,323.621483,281.196268,229.120881,512.371611,204.175301,187.388756,222.293405]	795
[0.432988,0.572553,0.235305,0.131639,0.651791,0.560996,0.824141,0.237815,0.293693,0.515863,0.465887,0.266787,0.214309]	[315.902896,258.774854,236.435280,225.960954,274.800447,319.883729,267.149822,287.972438,227.026768,501.013136,276.420887,189.906559,220.689033]	485
[0.480716,0.243594,0.237255,0.359056,0.420986,0.147679,0.295927,0.356727,0.316084,0.412891,0.368516,0.329537,0.214309]	[313.089752,308.158655,238.992367,231.435845,318.259453,346.614029,313.922347,388.506036,235.677765,357.831624,255.196969,184.096027,220.689033]	815
[0.358085,0.234960,0.290930,0.351347,0.501088,0.449988,0.628889,0.553465,0.555983,0.212362,0.414579,0.279062,0.213647]	[293.772238,315.252367,232.955767,229.342123,252.758828,313.888263,286.952253,419.701434,244.342820,361.158054,257.062311,203.532570,222.616018]	657
[0.274736,0.251374,0.524746,0.310240,0.697783,0.349263,0.964695,0.567627,0.534371,0.278260,0.350234,0.129432,0.213647]	[298.937055,303.646824,233.611458,229.061174,267.021760,270.258909,278.166291,345.151714,247.559070,489.705234,265.910486,192.728248,222.616018]	411
[0.238505,0.217404,0.788295,0.455693,0.741084,0.620559,0.771342,0.402697,0.414986,0.118572,0.285343,0.124280,0.213647]	[303.567731,316.274980,232.887994,229.963726,272.277249,319.524460,315.433688,447.078960,233.921333,351.743682,239.580145,205.970732,222.616018]	567
[0.381562,0.218493,0.697277,0.646798,0.899841,0.572676,0.522973,0.490169,0.616279,0.233407,0.330764,0.104933,0.209990]	[297.137034,316.379739,232.356008,231.773465,260.386417,302.533101,284.289095,348.138511,237.763042,463.018971,279.596987,189.400464,222.334882]	493
[0.580861,0.157047,0.627917,0.634596,0.871806,0.575511,0.522973,0.581360,0.368760,0.228748,0.322369,0.079633,0.206456]	[323.128074,311.007972,231.109382,230.949222,258.423223,334.614492,284.289095,291.492947,230.315341,469.546548,278.948804,180.531576,226.000861]	352
[0.170544,0.300260,0.360595,0.154105,0.145006,0.524275,0.187477,0.332323,0.663437,0.400859,0.218456,0.339095,0.206836]	[352.005986,295.121463,238.531686,218.260767,290.918568,315.080441,306.198652,319.647621,250.649331,422.292615,277.788835,217.611437,220.659909]	970
[0.336269,0.349187,0.318481,0.335416,0.462084,0.282070,0.327728,0.505902,0.195504,0.521046,0.262937,0.436938,0.209828]	[334.837447,255.594144,233.341903,230.119073,325.592583,329.935858,289.069846,324.188612,251.692240,450.956446,255.205093,213.372029,221.404039]	958
[0.341160,0.338677,0.516375,0.342136,0.855364,0.311388,0.528250,0.539584,0.581378,0.352430,0.340489,0.206534,0.204558]	[333.678281,260.748633,243.063566,220.987409,266.815559,335.863074,263.759396,324.089968,244.326676,440.259645,274.617211,231.214062,218.202214]	775
[0.380320,0.365711,0.704658,0.275475,0.760958,0.244316,0.964695,0.474531,0.590154,0.178879,0.491671,0.152043,0.204558]	[318.549548,270.541107,234.571720,240.686042,264.335268,306.576324,278.166291,354.543363,247.694416,460.769548,249.877861,218.787076,218.202214]	387
[0.463035,0.207265,0.625882,0.405515,0.853731,0.418858,0.536721,0.568461,0.521592,0.238231,0.398712,0.097465,0.209471]	[283.542260,297.732444,232.278226,235.583808,266.209075,308.928473,284.696136,426.218270,233.243112,392.542385,234.896520,213.935149,223.788126]	461
[0.456246,0.565416,0.768386,0.398280,0.806903,0.353651,0.983693,0.610958,0.266258,0.304894,0.352735,0.110511,0.208330]	[321.676232,257.451418,235.030198,230.149438,267.371153,309.085899,285.396209,330.122710,233.681566,508.831945,255.962466,209.976621,220.714216]	629
[0.527496,0.439229,0.790727,0.754014,0.792023,0.608781,0.981582,0.471778,0.309208,0.318546,0.301852,0.104959,0.203039]	[302.736092,262.031622,236.537746,228.857676,269.800637,329.172975,284.761101,312.179796,226.825224,485.200336,255.961358,213.399623,223.964049]	262
[0.654021,0.713067,0.532366,0.769341,0.700493,0.436636,0.981582,0.456534,0.283664,0.348823,0.277758,0.117274,0.207457]	[316.870084,262.114658,228.376676,236.863878,282.806956,326.213345,284.761101,331.863283,241.194200,468.346555,242.892006,214.440462,221.922925]	270
[0.318063,0.299689,0.819387,0.468126,0.817123,0.349673,0.875375,0.372067,0.209242,0.154979,0.247228,0.098925,0.208071]	[314.387146,293.784560,235.660751,230.044358,300.111915,317.925666,280.826809,427.127503,242.414857,370.493617,249.211664,218.272459,222.038824]	713
[0.313975,0.216154,0.629347,0.687096,0.772953,0.367626,0.762381,0.462749,0.597551,0.128896,0.259643,0.122469,0.208071]	[289.377760,317.681615,224.427405,239.056991,280.435243,318.997656,268.761924,461.109526,243.477135,333.903170,282.754183,215.948440,222.038824]	359
[0.364942,0.214021,0.570642,0.906446,0.747961,0.485044,0.981582,0.576351,0.639454,0.076344,0.269900,0.110857,0.208071]	[283.420345,316.963070,218.479962,239.662132,272.935627,312.526873,284.761101,449.101361,236.990743,327.281316,292.501249,219.487703,222.038824]	255
[0.295116,0.231866,0.388834,0.464866,0.508932,0.404937,0.360464,0.266633,0.359937,0.324832,0.373632,0.306944,0.206782]	[305.095084,313.180513,235.721680,225.859693,283.503020,307.239383,266.751038,333.389293,218.519591,462.707050,281.885847,215.171636,217.282538]	948
[0.552502,0.470256,0.351294,0.194258,0.232559,0.791654,0.420494,0.340883,0.377454,0.414203,0.295308,0.333697,0.216464]	[314.972427,269.395278,238.319613,226.942729,296.772041,331.008091,275.270462,317.871032,242.486926,456.452937,289.936625,185.683469,220.801529]	757
[0.513089,0.229087,0.332290,0.159296,0.410278,0.248460,0.286136,0.409504,0.396330,0.474451,0.476086,0.263203,0.213392]	[318.458255,292.968411,234.798832,222.078961,263.466342,335.532608,300.467797,329.906842,245.030314,422.996193,294.119481,197.767275,220.125266]	758
[0.262470,0.565608,0.366750,0.487439,0.150782,0.522965,0.521853,0.525120,0.239170,0.714497,0.229969,0.337732,0.213392]	[323.804990,256.978358,228.390531,237.987962,293.038386,314.938100,252.205111,473.753278,235.780234,337.773255,326.885113,193.235188,220.125266]	1009
[0.414985,0.268722,0.146502,0.290662,0.097785,0.244345,0.482630,0.402925,0.632902,0.746907,0.304124,0.331079,0.213392]	[327.209202,285.097508,223.483198,240.218226,302.038219,303.204115,256.939238,367.023186,240.889517,419.943375,251.681270,188.280691,220.125266]	823
[0.311900,0.360242,0.144009,0.678629,0.471538,0.348511,0.296461,0.341891,0.783965,0.469272,0.248806,0.180270,0.207973]	[316.792498,291.780700,238.523491,238.751914,235.210654,320.090379,278.939356,329.273192,250.175783,416.806761,328.912904,209.286651,223.626831]	742
[0.349286,0.465139,0.404589,0.175930,0.234079,0.209949,0.217351,0.372804,0.146240,0.586688,0.220128,0.162990,0.201012]	[323.273006,258.143397,242.602280,224.397972,240.834940,369.532401,280.583839,417.401752,237.528369,327.220977,272.078642,196.135697,221.095641]	1022
[0.517529,0.475524,0.478558,0.112897,0.815602,0.472866,0.598146,0.660889,0.685926,0.737863,0.459959,0.162002,0.198750]	[325.435579,236.257569,242.023395,224.454944,227.933261,319.301274,278.856314,445.657379,247.973573,342.904008,285.389637,185.919567,222.335554]	715
[0.369997,0.405581,0.398779,0.205418,0.682292,0.366438,0.634332,0.470382,0.134556,0.639049,0.198512,0.174768,0.185438]	[290.275943,257.394862,242.570705,223.777666,227.700303,374.660361,268.287440,471.519598,246.807504,313.903162,315.182297,190.946063,223.403822]	734
[0.460306,0.520937,0.262608,0.203408,0.171197,0.283759,0.224455,0.510759,0.473275,0.811616,0.382320,0.170322,0.189117]	[320.994530,249.567501,236.850215,227.651742,332.940283,313.591227,241.971770,501.766633,239.542496,302.798645,316.042252,173.805440,223.360792]	838
[0.394839,0.560345,0.259828,0.363233,0.325049,0.220265,0.326708,0.569433,0.723527,0.530854,0.316853,0.188845,0.178642]	[334.046956,241.084181,224.330311,232.324090,302.980196,323.107224,285.261539,493.959307,248.244370,297.114420,222.749354,288.936157,220.832387]	913
[0.313280,0.603547,0.338986,0.370045,0.449425,0.183456,0.480277,0.572043,0.864473,0.760866,0.440779,0.396390,0.168527]	[330.913487,238.223441,234.327405,227.716449,244.723941,317.785907,210.743693,482.267965,251.831357,315.222977,254.502148,309.528497,222.189592]	478
[0.445208,0.470759,0.395817,0.293173,0.347872,0.476613,0.503541,0.528687,0.932983,0.807023,0.387088,0.344822,0.124422]	[316.735757,232.527717,235.278191,220.143963,242.334486,325.895329,191.268200,471.170227,262.610890,313.398715,266.300124,330.992553,219.931853]	335
[0.304004,0.548619,0.359788,0.324107,0.592619,0.282122,0.531529,0.620640,0.376629,0.433801,0.425540,0.471595,0.153653]	[296.070714,227.197446,237.639077,231.128581,252.485535,356.926727,189.044891,473.958555,269.689118,308.978368,263.717385,301.644471,220.876042]	635
[0.265665,0.551905,0.276950,0.228169,0.346318,0.377221,0.583653,0.489673,0.583002,0.643272,0.286621,0.252278,0.124281]	[343.835763,237.283911,223.457713,257.076642,240.184913,306.375189,186.463107,479.581615,272.393843,307.781570,267.318772,337.612746,216.394835]	582
[0.149545,0.559340,0.266769,0.373161,0.418500,0.767531,0.380069,0.571413,0.262305,0.691536,0.185976,0.150815,0.099292]	[286.709637,231.323713,242.098471,223.155178,262.197138,357.729895,183.286574,482.205634,266.986264,314.682520,262.760656,344.163583,220.874920]	654
[0.680742,0.552701,0.310864,0.287863,0.588218,0.402849,0.508920,0.308562,0.420362,0.494569,0.287770,0.327458,0.204899]	[306.014315,229.531006,230.606525,237.737340,325.343729,352.444113,197.310454,482.210760,263.552711,313.611276,280.408777,257.667703,220.175935]	585
[0.474319,0.536303,0.174828,0.196996,0.398156,0.265398,0.444903,0.294229,0.549220,0.593333,0.209422,0.304837,0.196843]	[343.343723,231.296022,230.832802,224.982414,293.672202,345.333977,230.762936,445.927135,263.589319,307.167399,239.782282,313.910096,222.288004]	779
[0.142886,0.513693,0.206655,0.217632,0.445812,0.388611,0.664060,0.294094,0.458039,0.501767,0.738486,0.376869,0.212960]	[280.314157,230.633362,223.609923,231.043009,252.285099,383.752679,204.048719,441.430865,299.236760,297.244415,320.960179,285.036864,221.054405]	702
[0.635749,0.547378,0.309998,0.585776,0.252820,0.307874,0.308720,0.161451,0.506056,0.423476,0.083065,0.271595,0.210603]	[290.561742,230.026117,228.808291,234.417267,221.336945,361.808954,208.719639,468.093735,274.279033,314.637738,365.578823,288.906927,216.223168]	729
[0.606855,0.542804,0.254798,0.206170,0.518576,0.441190,0.560464,0.283286,0.649198,0.587396,0.337576,0.396840,0.214506]	[297.199371,232.694161,231.699803,233.990521,298.135134,372.502748,198.947760,444.472959,276.845955,306.466195,278.171309,284.369470,221.694604]	647
[0.935118,0.521202,0.178537,0.515986,0.382560,0.303521,0.570720,0.263821,0.597793,0.743198,0.178102,0.290388,0.215654]	[294.409758,234.269309,219.735244,229.249050,267.876686,377.187692,194.135603,436.036510,277.463385,303.600563,306.053855,286.203689,222.163911]	389
[0.470302,0.493223,0.341138,0.230838,0.681566,0.157974,0.427048,0.212328,0.273363,0.274706,0.272670,0.183934,0.209245]	[327.565906,234.911293,236.443731,232.311690,249.176417,322.278953,190.658771,459.540598,293.688576,307.045562,288.359645,275.611802,225.775404]	735
[0.492113,0.428399,0.383074,0.291994,0.415751,0.251563,0.275799,0.242053,0.223508,0.293800,0.296288,0.187794,0.204263]	[311.638344,234.682942,241.319030,233.084538,251.267992,341.251894,176.207419,445.427808,279.119484,308.411352,271.783344,283.323252,226.424732]	518
[0.249368,0.536660,0.244854,0.343398,0.105502,0.450087,0.749361,0.569431,0.326744,0.153618,0.250637,0.145914,0.206463]	[302.964624,233.835489,224.300610,233.752012,314.956110,433.810211,195.294666,315.219804,357.705457,318.396976,283.891871,285.817549,223.919783]	936
[0.391213,0.452374,0.172727,0.318183,0.191765,0.311395,0.668125,0.378448,0.587565,0.226748,0.503446,0.759538,0.211459]	[316.979703,235.906409,241.217772,234.383023,305.963896,348.323778,208.236841,436.882635,323.305816,273.681966,262.844479,261.088166,221.012976]	798
[0.527227,0.616673,0.572206,0.338206,0.158455,0.230737,0.585492,0.324725,0.528499,0.212021,0.258209,0.334445,0.208334]	[293.826451,237.270405,232.131110,242.979846,270.786261,364.121160,192.215771,444.873595,307.335222,298.064509,240.444890,322.026045,223.324976]	515
[0.414272,0.618239,0.206783,0.064227,0.129539,0.564249,0.544287,0.498509,0.415749,0.237118,0.311308,0.365407,0.211834]	[333.616506,234.384410,213.182860,242.428839,344.966828,325.673415,205.864557,436.292155,308.634613,311.188438,214.090917,321.028686,221.926329]	700
[0.584784,0.744523,0.586930,0.573958,0.179950,0.305434,0.425279,0.344483,0.301141,0.338726,0.386501,0.614218,0.214453]	[314.789188,252.433695,230.062144,236.409621,313.623946,341.233079,188.171687,450.176049,296.583097,281.354502,257.181057,282.407222,222.718324]	650
[0.306910,0.454724,0.252884,0.359743,0.198869,0.480902,0.739664,0.600407,0.225730,0.251769,0.378223,0.435788,0.209612]	[293.151207,238.417107,222.709522,239.677352,321.728149,317.780768,206.290955,432.147869,358.888842,299.436719,247.467594,295.238154,224.961587]	560
[0.233966,0.275917,0.273452,0.197289,0.221620,0.431037,0.589412,0.581213,0.367458,0.342423,0.387964,0.635639,0.213915]	[313.280705,234.109964,233.827125,230.010426,343.023738,475.326884,211.402093,358.819679,291.882300,277.466267,208.336770,291.924957,221.056947]	815
[0.420841,0.624714,0.207582,0.456371,0.454817,0.218009,0.678811,0.529939,0.419943,0.363316,0.512545,0.321137,0.214439]	[299.366010,247.736281,220.999594,240.294638,291.477297,306.753039,220.130154,371.159452,475.639050,263.956323,218.626783,345.973627,221.124211]	803
[0.214883,0.664357,0.437322,0.208931,0.394572,0.497445,0.593041,0.553313,0.551616,0.390127,0.431342,0.211729,0.215728]	[315.488243,248.314763,208.562608,244.050521,274.479210,343.483255,198.327722,362.827787,425.056950,250.750028,253.186734,334.528095,221.950613]	496
[0.543776,0.664098,0.501647,0.644678,0.558468,0.315253,0.516371,0.481533,0.489585,0.412446,0.525229,0.453490,0.213854]	[322.228330,251.289720,212.934549,244.552705,287.826060,293.403140,202.741244,373.378898,438.825425,242.548180,252.293663,287.361442,220.360064]	388
[0.497507,0.475086,0.208356,0.451141,0.588185,0.419875,0.872037,0.623532,0.393652,0.291067,0.545808,0.327514,0.203104]	[317.798761,237.170594,215.592467,247.394755,282.515809,326.830216,193.001627,444.215941,289.080626,286.276373,291.252265,284.208179,223.427707]	654
[0.138998,0.280701,0.240271,0.251388,0.684436,0.542132,0.684522,0.612613,0.135851,0.345727,0.524231,0.464502,0.198283]	[318.338013,235.474537,218.871470,246.489150,282.880965,359.129201,201.573805,367.281423,401.706277,265.619215,223.172233,291.959838,224.001356]	656
[0.447966,0.379411,0.336047,0.126405,0.597537,0.343523,0.640578,0.549290,0.366706,0.365075,0.348775,0.439058,0.196032]	[323.984222,234.209955,231.633494,225.838473,275.364153,364.456827,207.036963,438.261128,303.475170,280.557032,217.640468,283.490894,218.594432]	492
[0.274772,0.449869,0.174699,0.251168,0.627707,0.323808,0.683660,0.551301,0.522021,0.255195,0.421376,0.248601,0.195391]	[289.393252,246.205002,214.385932,234.636837,290.207726,323.680394,199.796491,429.210802,372.138508,272.886976,223.115075,308.249958,221.757668]	832
[0.282909,0.307728,0.303116,0.313425,0.611904,0.295550,0.562850,0.612302,0.191664,0.197378,0.318114,0.470522,0.193235]	[297.607614,231.884445,204.445269,234.022930,280.562745,370.185909,207.814879,359.414773,415.405846,278.968873,213.446200,303.342315,223.894567]	759
[0.325146,0.356213,0.190301,0.289872,0.140271,0.213296,0.736905,0.258728,0.857982,0.260288,0.233826,0.377421,0.189296]	[291.445803,230.469658,234.501433,252.714277,269.978920,406.203479,196.137071,415.815325,295.106653,282.028249,250.209419,312.526377,221.683404]	517
[0.504995,0.330944,0.096851,0.249768,0.131899,0.367665,0.751060,0.248111,0.363427,0.344841,0.183977,0.338060,0.189296]	[305.332931,231.055077,228.740523,263.480005,281.385817,480.856026,197.944165,316.710714,345.132219,261.544393,210.737249,317.689347,221.683404]	368
[0.229215,0.241448,0.536465,0.514278,0.293510,0.151981,0.391372,0.463161,0.414016,0.296936,0.247079,0.432498,0.211480]	[303.445561,235.011740,262.084578,238.456507,263.953692,344.904621,202.739020,442.315296,291.516701,263.335084,278.601064,281.281387,219.709316]	1156
[0.554566,0.627268,0.562411,0.373601,0.154862,0.342471,0.372695,0.565447,0.426144,0.361500,0.450124,0.601917,0.212558]	[313.591067,246.009842,233.971910,231.596276,363.490518,348.218967,203.223499,345.321707,395.630487,263.342274,202.385990,270.137576,221.021241]	531
[0.243069,0.727398,0.291792,0.478240,0.170071,0.240596,0.661829,0.480239,0.344325,0.294903,0.284457,0.475991,0.195021]	[305.583740,239.578414,252.582449,241.286197,269.777715,293.134341,186.851351,432.494455,347.687798,293.176990,279.445748,328.898197,223.573021]	578
[0.320573,0.656327,0.301278,0.275387,0.377165,0.219968,0.667858,0.595818,0.398970,0.254885,0.189684,0.354001,0.198235]	[314.205872,233.709819,248.971302,237.847614,245.069299,292.471046,188.435254,409.328255,341.277374,309.475587,284.532484,336.074010,223.390777]	532
[0.300207,0.858397,0.325934,0.270209,0.398821,0.164125,0.846746,0.452447,0.411863,0.335989,0.358731,0.334196,0.210168]	[299.690698,243.140365,239.960792,235.345960,230.507571,273.260935,197.414014,438.174371,361.533568,288.413604,272.379185,365.919833,219.524566]	560
[0.582762,0.472277,0.229829,0.427050,0.469952,0.369783,0.832485,0.484667,0.382323,0.235807,0.440676,0.243433,0.204243]	[291.917035,233.816996,230.857724,242.907691,277.773542,325.516248,202.460900,434.001835,319.688344,316.066881,252.616636,338.992990,220.488708]	674
[0.203105,0.783023,0.488268,0.303009,0.781493,0.620380,0.404922,0.467613,0.303328,0.315215,0.465344,0.344305,0.201344]	[315.167313,255.425066,214.012521,250.023725,288.235489,279.444444,211.916547,436.449031,349.218500,287.471471,252.704967,319.350706,221.150702]	564
[0.184307,0.241975,0.243242,0.188650,0.330341,0.323027,0.633550,0.537342,0.107338,0.276588,0.126713,0.350978,0.214590]	[331.982990,243.153200,245.205171,235.419798,255.620899,379.804373,217.710693,376.891224,387.275734,251.149871,239.611181,328.236554,219.170992]	1104
[0.371962,0.276036,0.408651,0.225573,0.522415,0.196094,0.566179,0.485450,0.365103,0.247578,0.182534,0.440412,0.198529]	[298.331134,254.568969,236.973126,237.606971,272.012087,291.295161,218.144946,433.875167,412.630028,285.445499,234.236091,285.537288,221.983376]	956
[0.240840,0.524646,0.360587,0.441741,0.579226,0.490173,0.591521,0.192465,0.216241,0.373203,0.374663,0.437803,0.204524]	[307.958685,245.162027,237.790089,237.980810,284.000515,333.344257,208.483284,376.478413,419.890409,237.893277,264.318652,268.214648,220.719559]	631
[0.218999,0.195931,0.337521,0.459402,0.566612,0.364983,0.675726,0.483530,0.501445,0.299351,0.423629,0.454880,0.212961]	[283.779509,263.138727,223.538309,245.460936,282.456495,328.937527,228.596900,420.529406,313.065676,298.531550,281.748256,274.017714,221.824688]	772
[0.306347,0.582460,0.343999,0.625027,0.562301,0.349399,0.718751,0.580367,0.347317,0.263959,0.313683,0.338757,0.208924]	[289.406082,243.619017,218.856216,240.614595,276.597955,300.443693,227.794196,422.291166,357.396236,313.518545,261.983659,286.809473,223.438045]	543
[0.467185,0.292873,0.370465,0.290782,0.171538,0.283996,0.615389,0.316379,0.338713,0.221820,0.269658,0.198605,0.212064]	[360.683205,233.407050,233.385804,244.409775,303.329846,302.613833,238.842039,445.871702,335.016597,288.947467,231.370991,297.688840,220.143165]	763
[0.333075,0.341950,0.409090,0.695211,0.494777,0.261825,0.328021,0.392748,0.311359,0.276400,0.224584,0.420058,0.190993]	[308.191952,243.127953,223.981313,240.522374,324.440242,371.481247,223.039309,325.411792,341.547688,264.706350,364.148790,225.319594,221.261783]	981
[0.494028,0.798643,0.232865,0.224932,0.132230,0.326437,0.312261,0.356336,0.254617,0.383064,0.128498,0.236319,0.213078]	[315.725987,246.643333,270.089611,218.378790,330.370731,472.814762,237.401785,343.885918,319.833965,239.274511,231.589574,258.770162,214.558715]	950
[0.386971,0.507459,0.526792,0.377076,0.786244,0.431557,0.306335,0.575933,0.216518,0.403696,0.184719,0.455484,0.208680]	[290.759744,251.871014,307.480442,237.097171,270.438702,385.353483,212.469428,346.704177,305.656018,234.263768,373.237707,237.216378,220.581965]	778
[0.200369,0.244397,0.184525,0.338857,0.834861,0.257081,0.776171,0.603494,0.229395,0.359363,0.207137,0.420834,0.206602]	[330.762058,252.560433,276.924580,239.491090,273.175107,467.459938,216.612036,343.393751,293.584310,234.160490,284.217539,245.578662,217.468757]	823
[0.338918,0.562465,0.316141,0.517268,0.546247,0.255304,0.387056,0.630662,0.344360,0.287521,0.200151,0.505507,0.200329]	[304.334991,259.725380,270.347608,232.440206,270.510420,442.405553,208.262693,360.790581,330.914668,258.772479,277.846353,265.751508,221.227665]	666
[0.254487,0.629516,0.438494,0.736134,0.635427,0.222260,0.472007,0.603707,0.384030,0.244095,0.172993,0.443397,0.190252]	[259.949875,257.336583,265.781766,233.559594,261.819359,356.471112,226.187298,415.688800,346.399832,294.524557,258.405485,260.525449,221.646221]	542
[0.389886,0.623319,0.652978,0.777573,0.527815,0.309469,0.509050,0.739581,0.315554,0.264218,0.140704,0.446507,0.190891]	[320.024692,255.720325,257.050744,229.156982,279.081722,301.556589,204.791532,355.781550,357.608329,262.646115,352.649641,253.570637,222.847264]	631
[0.485540,0.640328,0.682205,0.783592,0.563895,0.354214,0.457671,0.649053,0.251732,0.276052,0.147277,0.355730,0.188697]	[315.729150,256.480471,261.133675,223.695745,286.771657,341.805495,192.836939,358.779608,422.311500,254.182825,252.734678,225.598191,221.002188]	302
[0.170157,0.513849,0.342661,0.339724,0.551383,0.553477,0.682797,0.397404,0.105927,0.283914,0.151747,0.335475,0.188845]	[327.731966,234.059279,252.196489,247.113904,291.302147,317.333582,190.587486,375.324165,304.604480,258.638464,393.217621,258.685610,222.767538]	915
[0.247383,0.204591,0.474179,0.516393,0.481532,0.261464,0.508653,0.675279,0.361568,0.378129,0.149928,0.284312,0.189239]	[302.053464,236.434946,264.917912,246.025044,271.790742,312.026469,191.438872,375.109594,344.129737,253.906824,343.597559,279.789229,221.459589]	688
[0.329128,0.248534,0.491468,0.388613,0.583550,0.561526,0.602246,0.715835,0.320886,0.339840,0.174669,0.216949,0.190443]	[323.048528,233.634191,249.041429,249.675902,285.423784,327.161327,190.138345,340.105169,413.657960,257.549477,275.372123,256.112467,221.680743]	492
[0.543047,0.299675,0.409750,0.246209,0.398260,0.176652,0.403082,0.487992,0.275426,0.348694,0.251957,0.431139,0.211963]	[320.033068,230.242258,268.826568,238.204102,358.977876,333.702109,191.588434,338.993234,302.321900,256.678920,389.448767,224.087837,220.703002]	775
[0.534120,0.377255,0.263025,0.258538,0.133948,0.212021,0.355766,0.562769,0.169539,0.445684,0.577605,0.486295,0.213454]	[336.432263,233.105553,252.516476,243.417782,372.175240,312.111898,191.914562,377.135141,344.329559,253.056213,293.952938,238.705741,220.250002]	611
[0.526110,0.384369,0.232341,0.365337,0.225970,0.457853,0.275734,0.625833,0.359510,0.452278,0.230513,0.626600,0.214786]	[324.125946,232.681613,232.101221,246.986923,331.791805,347.923499,189.596840,342.327501,292.184566,255.563986,363.771667,283.241969,221.381643]	543
[0.288665,0.425314,0.384303,0.755990,0.335286,0.363453,0.354177,0.500023,0.212096,0.286612,0.416933,0.266947,0.207456]	[315.008473,232.883234,202.145774,232.118831,372.249726,332.780140,235.514544,309.383189,310.363500,257.053962,403.730079,247.001519,216.545965]	1019
[0.604848,0.692229,0.670881,0.698055,0.684811,0.285476,0.371469,0.368633,0.267460,0.348281,0.187535,0.412073,0.211638]	[329.287185,235.448086,232.879385,232.719324,302.355652,310.891773,216.363628,304.848644,303.858566,258.694561,444.421450,238.969201,215.052053]	712
[0.216783,0.804121,0.473258,0.741704,0.480754,0.245927,0.398890,0.534955,0.259810,0.317324,0.550360,0.484018,0.214177]	[299.599092,251.288077,240.794003,232.300949,263.232950,356.764413,205.772350,323.517880,274.337023,241.215345,460.328620,304.308457,221.172855]	541
[0.428088,0.774380,0.624648,0.394608,0.681048,0.374810,0.460731,0.546639,0.176675,0.323841,0.606059,0.366764,0.210473]	[325.747938,251.417156,239.103392,236.559022,271.326046,310.264207,203.195299,324.221049,292.893041,252.693876,444.466673,292.535089,221.186769]	447
[0.209692,0.544771,0.317236,0.325854,0.287811,0.431985,0.644295,0.687087,0.303629,0.342886,0.259939,0.413857,0.202862]	[332.177698,255.047619,224.423512,239.538316,283.983259,337.664645,189.521010,392.268822,235.869919,241.284786,380.106051,337.543081,221.105196]	722
[0.415117,0.716044,0.494039,0.601230,0.123702,0.613991,0.208805,0.527002,0.124630,0.338422,0.246076,0.106063,0.187476]	[311.897291,257.421238,184.186313,231.839028,246.520124,367.781044,257.082787,301.244121,247.749452,240.594589,439.537539,343.922031,220.296992]	849
[0.412998,0.205316,0.352212,0.351470,0.676843,0.216985,0.625307,0.518818,0.735828,0.323019,0.451671,0.526608,0.189999]	[322.418151,267.799789,211.103729,237.932734,296.190109,316.313268,189.430422,400.567816,267.930608,247.104228,378.183916,275.590730,222.655063]	950
[0.499166,0.525608,0.382541,0.192052,0.188910,0.379279,0.238546,0.219563,0.322959,0.443289,0.262143,0.327893,0.182110]	[316.380548,231.320936,193.679325,235.074746,250.744692,310.911112,293.340948,456.287504,333.232959,316.806093,235.859436,324.532569,223.286624]	1238
[0.363535,0.526441,0.479406,0.180196,0.248901,0.408436,0.643850,0.241502,0.255902,0.744282,0.328412,0.382931,0.115238]	[267.522066,241.961317,207.323710,239.386871,308.653897,298.997174,220.916855,442.308738,361.699741,310.804294,234.458886,306.613975,216.507792]	760
[0.410547,0.487167,0.598033,0.542287,0.274331,0.517157,0.731289,0.595445,0.356349,0.257548,0.402598,0.518883,0.185334]	[289.636176,238.355576,199.599047,242.309475,317.600323,288.126202,186.361133,438.109343,346.876765,310.933017,237.411699,337.002892,219.923517]	517
[0.469102,0.474665,0.589510,0.571811,0.317227,0.406841,0.785191,0.406875,0.247719,0.280623,0.412186,0.539324,0.188574]	[277.447254,237.204695,220.224216,235.515840,288.530322,282.556942,185.726601,450.537869,351.444988,311.074395,269.161156,333.896849,221.427452]	310
[0.332464,0.501531,0.311166,0.384002,0.309194,0.674043,0.682856,0.314633,0.395529,0.497749,0.500052,0.402536,0.193976]	[239.175812,232.855686,237.650430,246.916892,331.786220,322.018250,183.781676,447.113406,340.719002,322.872326,237.273728,282.233454,222.546044]	668
[0.390571,0.434945,0.406775,0.403015,0.561095,0.347275,0.530008,0.549655,0.339303,0.284255,0.354212,0.373425,0.192559]	[302.216871,236.726424,244.677574,230.914604,288.236258,310.148452,192.100870,422.669391,343.297565,313.081467,273.414400,283.305410,223.181358]	765
[0.441958,0.495398,0.359019,0.148902,0.441932,0.466133,0.487627,0.349316,0.463451,0.626564,0.409864,0.454468,0.212554]	[312.689929,228.993382,247.376761,244.098679,359.270980,302.907609,197.506088,440.163960,355.393270,312.273472,228.446474,243.079557,220.209119]	793
[0.264293,0.495595,0.380853,0.398001,0.583099,0.388686,0.483589,0.260322,0.349822,0.486412,0.163861,0.289129,0.206653]	[275.144033,239.041067,245.578897,240.320183,299.207562,308.925346,199.588837,438.133531,351.748837,305.630152,263.973012,275.114285,220.418798]	644
[0.304763,0.470437,0.534953,0.443063,0.712320,0.457915,0.356589,0.220232,0.220083,0.269131,0.305399,0.408425,0.212197]	[276.076794,237.582383,237.615505,223.470788,263.703018,349.992577,231.141160,437.441042,349.187198,308.335376,235.032011,292.629024,220.468062]	787
[0.326011,0.498563,0.359549,0.311939,0.362715,0.314029,0.501344,0.296393,0.105808,0.596331,0.474894,0.466464,0.201894]	[286.248981,241.539694,236.249068,253.741765,291.627687,362.877169,207.177183,430.547334,306.722672,306.568559,222.732816,311.463210,221.772712]	798
[0.275314,0.426648,0.512215,0.525672,0.175730,0.648322,0.469293,0.192645,0.193622,0.307301,0.558280,0.292826,0.212130]	[274.957946,234.971913,224.059152,226.185472,343.925894,428.372057,218.030419,356.801272,341.425643,314.598643,251.343386,267.615935,221.012233]	777
[0.151507,0.387900,0.285709,0.390474,0.202094,0.691254,0.397184,0.299550,0.236905,0.180065,0.428701,0.517567,0.214458]	[302.264882,236.430537,262.366800,219.127033,354.579682,384.185661,199.225306,363.087150,357.974681,316.055678,226.404018,271.829484,219.860423]	561
[0.348878,0.512421,0.268532,0.379891,0.261156,0.374167,0.668581,0.397902,0.314247,0.107092,0.417552,0.230092,0.210777]	[320.328317,233.984350,238.393773,228.244555,303.636317,442.833190,193.732094,390.469855,294.970708,313.587142,248.946734,308.646497,224.736350]	849
[0.244423,0.679535,0.387307,0.280616,0.534236,0.307323,0.364023,0.239570,0.302761,0.203986,0.389824,0.227928,0.213977]	[286.109467,237.633439,235.718567,232.004801,345.481770,354.141570,198.118498,435.145495,331.621810,310.753249,229.705931,288.265273,220.173590]	723
[0.375670,0.595807,0.231554,0.696787,0.402636,0.246981,0.721938,0.559450,0.406440,0.185338,0.447728,0.201677,0.209971]	[287.354887,235.997901,226.952802,230.951878,299.153484,361.337120,201.184206,408.891945,322.158193,318.258828,266.722176,321.056756,223.390715]	728
