[0.462942,0.550056,0.435884,0.380287,0.535262,0.384217,0.551534]	[535.852989,482.396163,507.811596,339.714696,414.250107,518.404576,407.005011]	263
[0.853495,0.359258,0.266477,0.408113,0.621793,0.648646,0.714009]	[543.689964,491.125386,454.542247,323.922114,410.284570,517.469261,483.458292]	191
[0.227614,0.359027,0.303723,0.437540,0.519194,0.668483,0.640659]	[511.750993,466.396205,367.202424,362.437292,415.524334,521.011130,584.689227]	147
[0.229749,0.227174,0.430009,0.154732,0.237030,0.495702,0.580201]	[523.013970,386.652436,360.422394,452.031363,437.473413,517.783057,587.543016]	663
[0.168436,0.429400,0.282843,0.313135,0.584032,0.664191,0.770147]	[548.530432,485.329238,368.947969,405.030871,360.628167,512.949401,568.560980]	829
[0.151904,0.198785,0.265124,0.312899,0.510904,0.671316,0.570633]	[523.703380,460.264072,376.524035,372.934387,395.624760,512.088188,601.652689]	232
[0.176738,0.498475,0.424387,0.232754,0.500853,0.647098,0.280020]	[604.848078,469.126756,456.057738,365.087738,371.078675,509.400716,458.579001]	223
[0.166841,0.611449,0.374871,0.276743,0.525839,0.563277,0.458861]	[549.772504,457.445211,375.758241,400.719915,354.749270,510.703026,598.924863]	243
[0.161264,0.597747,0.499954,0.290566,0.611971,0.598181,0.634353]	[552.166650,461.110227,525.702053,393.005890,345.224026,508.786969,437.191118]	226
[0.169134,0.463754,0.367612,0.206141,0.449839,0.526064,0.659810]	[495.848717,468.345316,520.768268,451.022782,323.612039,512.324198,437.157524]	373
[0.358089,0.436031,0.277746,0.148544,0.368249,0.670746,0.650222]	[510.694471,441.712698,372.157051,456.587605,367.380920,512.245913,577.381807]	544
[0.587778,0.192844,0.365438,0.259205,0.640924,0.322842,0.337571]	[509.518981,487.045468,519.706100,453.983676,336.977150,511.716183,393.812530]	681
[0.425658,0.205461,0.397741,0.348886,0.656895,0.360782,0.620915]	[510.177405,429.565937,372.966345,424.512754,412.739361,512.578905,595.059050]	476
[0.505909,0.215172,0.357752,0.414476,0.657342,0.265048,0.602766]	[492.274968,445.320119,525.624476,418.959149,419.167518,506.981125,428.760594]	271
[0.467782,0.192132,0.343647,0.395658,0.256875,0.572141,0.668905]	[478.622706,452.770684,525.404079,371.317008,459.979818,509.782433,426.528300]	350
[0.313622,0.277819,0.395879,0.388736,0.230606,0.431978,0.662201]	[437.642629,452.107574,545.310021,344.475063,501.028001,514.898364,436.305331]	297
[0.315455,0.318604,0.376302,0.607416,0.191630,0.119112,0.273387]	[469.297168,402.049358,460.826630,290.414791,536.772269,541.281809,595.146929]	679
[0.337751,0.294968,0.510746,0.756079,0.209601,0.167006,0.215486]	[474.497287,355.596952,583.933285,310.376382,473.900206,525.233432,551.337737]	727
[0.242686,0.189365,0.629114,0.640350,0.269862,0.074317,0.223386]	[498.483938,337.621076,416.810436,360.563647,465.099758,526.973587,666.115096]	493
[0.251461,0.207307,0.591791,0.471472,0.363438,0.055607,0.240221]	[451.761855,443.840558,401.600507,351.422169,393.869235,555.354644,667.490718]	474
[0.415673,0.295916,0.433476,0.179950,0.222556,0.374990,0.322550]	[367.036093,457.498894,439.118272,387.267971,477.479733,436.168550,680.416535]	897
[0.301842,0.263223,0.364185,0.386252,0.259644,0.325539,0.315295]	[413.772745,403.784937,626.501668,322.410004,523.899774,512.879537,473.654554]	709
[0.115021,0.244387,0.409895,0.636153,0.211496,0.240852,0.262047]	[457.311099,291.916150,410.415451,384.546772,577.089227,510.162979,618.160179]	722
[0.600980,0.226492,0.553760,0.378014,0.279119,0.450332,0.320441]	[379.893339,349.327305,420.715719,354.433003,522.280664,516.850476,710.021083]	506
[0.431794,0.338004,0.460494,0.422869,0.275062,0.206125,0.296495]	[458.994717,310.778061,641.795061,312.621641,564.786251,522.614962,462.393856]	293
[0.150200,0.300650,0.633473,0.548846,0.199192,0.062792,0.215904]	[453.374473,367.493977,617.560708,293.063592,470.736769,551.355519,515.842311]	608
[0.333693,0.318588,0.447764,0.187931,0.365713,0.300828,0.314327]	[453.638492,333.620971,673.135275,311.618084,506.705104,457.581823,522.412405]	594
[0.416718,0.385707,0.392407,0.305116,0.620591,0.303500,0.413633]	[395.554208,337.455166,588.938783,374.196894,538.276963,509.394055,499.227049]	490
[0.659377,0.268543,0.458511,0.356031,0.413111,0.571830,0.474712]	[409.177901,358.598889,572.909606,345.973457,558.047371,519.263100,477.601705]	343
[0.150063,0.319527,0.574952,0.476962,0.420773,0.451806,0.257502]	[389.891453,368.414691,584.535096,370.975927,519.455345,516.948454,488.232561]	418
[0.545848,0.283790,0.444295,0.380373,0.370884,0.583736,0.317164]	[386.513955,380.883433,555.091197,363.278802,497.219952,522.049692,516.269057]	328
[0.672121,0.256177,0.402937,0.370736,0.724604,0.598458,0.339848]	[384.831374,349.729660,554.488683,356.540894,545.022960,522.906312,525.466565]	157
[0.505025,0.270166,0.306717,0.453210,0.380545,0.315304,0.304502]	[366.190226,392.927861,602.240865,304.153580,546.106659,516.567543,545.562289]	290
[0.166107,0.300129,0.598591,0.445068,0.457826,0.090170,0.378636]	[352.471951,402.217527,554.526000,338.840095,508.499277,533.321534,562.222911]	675
[0.287111,0.276426,0.475450,0.182978,0.204997,0.509246,0.159241]	[428.038890,425.454603,658.593513,390.549502,507.779277,413.325912,426.825434]	1112
[0.177351,0.337078,0.528223,0.755969,0.285865,0.064992,0.277423]	[442.015407,359.224724,580.643405,327.352532,477.232119,546.945022,523.885775]	1012
[0.165589,0.346156,0.558788,0.699973,0.438268,0.065291,0.218168]	[435.897611,327.086180,603.618173,309.800518,548.628098,542.262381,490.044682]	374
[0.715205,0.395785,0.543045,0.199256,0.359459,0.249382,0.398452]	[427.876297,328.535958,597.841169,349.055800,534.415220,522.196010,471.162406]	425
[0.686899,0.231007,0.555234,0.375276,0.416972,0.363721,0.369469]	[423.629311,331.218713,643.130366,318.359855,524.061193,517.297986,504.878339]	268
[0.190178,0.310367,0.686801,0.487505,0.357800,0.101508,0.392401]	[448.185763,347.404257,615.639125,352.950806,558.591957,459.016622,456.843579]	632
[0.313924,0.415983,0.455096,0.171111,0.318867,0.458455,0.424247]	[410.976226,374.998726,677.537246,380.519859,568.674960,407.749805,442.869784]	700
[0.427486,0.453227,0.416806,0.461366,0.136399,0.310034,0.408455]	[406.852266,352.850735,639.979598,326.647638,535.779665,518.085464,470.413563]	489
[0.224147,0.403353,0.443277,0.553624,0.377978,0.537785,0.338004]	[448.584268,438.022376,579.637971,315.691230,541.071974,516.414709,418.709346]	545
[0.252163,0.231067,0.643571,0.494861,0.361022,0.414646,0.174916]	[410.651106,429.037531,524.430602,389.650439,507.305394,517.967299,464.149352]	581
[0.169302,0.474370,0.252544,0.462312,0.462657,0.532421,0.507296]	[442.235498,402.716360,607.146407,330.497175,466.875904,522.613403,471.369939]	637
[0.326378,0.495810,0.389708,0.419863,0.419145,0.226779,0.677803]	[435.174732,476.122134,632.757226,316.005121,396.465164,521.116783,467.194932]	416
[0.197765,0.280320,0.359513,0.405114,0.321195,0.638813,0.618480]	[446.819883,526.857772,537.410764,290.862111,445.664971,518.127063,467.811585]	388
[0.442884,0.227942,0.507065,0.318474,0.293344,0.260899,0.548267]	[449.139080,497.154302,398.647145,286.429002,653.536140,511.055644,443.523349]	366
[0.258171,0.350708,0.426992,0.341801,0.334801,0.211669,0.223897]	[416.417888,433.094142,517.278916,415.407476,479.214535,512.588918,447.864948]	866
[0.346288,0.288593,0.433067,0.391332,0.342242,0.560259,0.585287]	[403.313876,511.383073,522.296611,374.475352,457.150239,514.851301,441.916970]	542
[0.505549,0.420829,0.519945,0.514625,0.339614,0.638068,0.524349]	[390.861790,528.476184,387.607035,343.845842,641.287711,517.939037,424.842505]	408
[0.501261,0.284688,0.655863,0.338750,0.160306,0.533632,0.600530]	[406.427692,520.309320,400.758731,297.592322,652.165815,511.475492,451.241276]	288
[0.533817,0.206477,0.750398,0.316850,0.146228,0.525108,0.363642]	[406.103909,537.464333,366.313965,341.349001,683.448522,511.091112,431.841957]	298
[0.520198,0.245427,0.834258,0.346486,0.146069,0.382898,0.356827]	[331.278687,549.238245,368.287668,337.670168,614.735037,514.896986,540.221238]	404
[0.459733,0.202112,0.708313,0.397526,0.111389,0.460667,0.625253]	[416.484670,518.999851,340.015218,354.309764,631.937138,513.682578,466.832083]	326
[0.371129,0.199879,0.716630,0.356682,0.116234,0.545701,0.431424]	[399.585623,533.255139,333.613166,328.988903,640.822271,517.268986,511.602492]	217
[0.641706,0.680649,0.750842,0.352561,0.107512,0.414804,0.402015]	[406.740408,522.501771,339.475625,320.055050,619.812075,510.720199,531.547087]	189
[0.444195,0.334480,0.635939,0.401803,0.242044,0.381341,0.391873]	[408.841131,540.398664,336.217124,315.768486,626.912918,514.716011,523.577970]	179
[0.640394,0.764184,0.687975,0.440401,0.184699,0.358178,0.445156]	[411.387283,533.769083,338.417835,338.782072,597.534574,513.612117,514.202818]	168
[0.697368,0.597449,0.763732,0.295276,0.191113,0.615207,0.492035]	[413.643998,537.808474,347.924759,328.658551,584.522486,516.839162,509.524986]	234
[0.382003,0.141805,0.686823,0.246549,0.363214,0.594261,0.563343]	[391.290321,548.277940,368.922344,371.318900,575.813743,521.002755,465.176457]	329
[0.463260,0.201679,0.591425,0.277049,0.402565,0.586210,0.540186]	[414.730127,505.002825,405.425344,345.750469,554.968002,515.776195,492.678768]	315
[0.671330,0.213038,0.599621,0.312447,0.441076,0.542595,0.459260]	[336.538596,523.276476,414.076596,381.306871,549.561467,513.528173,512.040529]	188
[0.630250,0.197829,0.494944,0.548630,0.396176,0.600097,0.262443]	[370.874533,543.576843,332.404860,401.935083,405.345978,510.011284,707.784585]	512
[0.743790,0.401442,0.535312,0.620679,0.596792,0.241245,0.327637]	[381.686795,543.463210,304.935976,403.448384,427.470253,526.327598,672.803284]	300
[0.564523,0.381384,0.445758,0.611415,0.528251,0.495563,0.287472]	[382.135957,550.284202,333.412943,370.322455,414.493933,522.940370,682.311386]	199
[0.698803,0.339336,0.355448,0.550190,0.551152,0.525302,0.324167]	[381.128297,519.016425,317.688869,386.862942,642.232240,517.926001,474.214272]	263
[0.614537,0.561949,0.494999,0.631092,0.523596,0.596737,0.352240]	[360.068477,527.477238,334.592776,409.618703,610.220229,520.392584,462.608297]	151
[0.737114,0.404786,0.414919,0.518318,0.515576,0.605914,0.379691]	[424.918708,530.653057,303.620631,358.989861,663.743500,520.079715,463.947172]	187
[0.738508,0.425120,0.523359,0.634533,0.558670,0.482773,0.351879]	[428.063595,532.622061,309.389268,357.979500,436.164479,518.649762,683.595535]	252
[0.690909,0.274360,0.442886,0.655649,0.582408,0.643372,0.341685]	[386.818616,529.516550,329.604979,388.202725,598.308720,515.615990,517.296376]	193
[0.444686,0.304141,0.475800,0.673910,0.498993,0.681487,0.311366]	[406.189507,535.408062,351.163389,355.848415,405.089551,518.526246,655.943601]	246
[0.154520,0.341136,0.300644,0.347634,0.392884,0.177755,0.370612]	[417.011430,410.992117,305.826845,460.575703,651.112227,534.071443,505.634436]	772
[0.209389,0.308021,0.313596,0.654791,0.501477,0.575265,0.278907]	[429.931555,491.724562,381.127661,405.216244,522.994676,512.549995,490.027497]	733
[0.162152,0.596651,0.365051,0.317959,0.497758,0.277365,0.374235]	[466.673303,436.594665,306.745823,432.691104,419.925803,516.336298,688.922086]	572
[0.415515,0.359813,0.329135,0.490478,0.607397,0.334048,0.312788]	[344.073501,466.737702,315.002023,544.749887,420.679238,517.859576,669.242604]	576
[0.260267,0.497874,0.271927,0.380542,0.499019,0.240769,0.386774]	[387.374297,448.803702,264.675655,462.620496,608.260144,523.801205,538.173533]	399
[0.251633,0.360141,0.347106,0.239161,0.458709,0.419949,0.184199]	[414.190077,389.009123,390.700077,491.607830,507.610711,511.317625,538.031787]	765
[0.512861,0.248946,0.428530,0.396567,0.477797,0.512191,0.569601]	[415.004096,512.730795,375.257247,514.837428,401.375458,515.140457,486.145925]	634
[0.566074,0.359298,0.456204,0.579158,0.534630,0.631000,0.450318]	[413.119295,456.816196,362.145758,505.011378,412.392676,517.856156,554.307520]	343
[0.255395,0.253541,0.449501,0.230381,0.462812,0.330505,0.415907]	[447.436913,516.801167,375.415029,511.890410,387.362755,511.990295,494.343381]	566
[0.224079,0.233153,0.408597,0.320142,0.440699,0.231507,0.259296]	[415.947137,404.297344,455.042677,500.373662,319.229967,510.817084,669.784165]	859
[0.187685,0.391487,0.390943,0.476890,0.416096,0.302671,0.429489]	[426.313151,348.533407,423.703355,484.536639,564.053284,515.238369,473.289438]	657
[0.244549,0.394840,0.506328,0.313798,0.559185,0.218223,0.426693]	[442.210446,336.285850,413.137214,481.664083,612.538708,525.317458,430.279357]	574
[0.226948,0.372608,0.373239,0.265929,0.448565,0.627542,0.441903]	[428.418142,295.399152,386.308182,537.932936,632.143124,525.502329,458.308417]	561
[0.174443,0.434298,0.476570,0.355811,0.530329,0.649036,0.153850]	[490.245638,308.802831,342.617047,514.288964,419.039885,518.338111,684.813771]	408
[0.164147,0.413652,0.483100,0.526738,0.490848,0.565881,0.568215]	[466.825366,329.070194,341.981892,520.041088,609.191111,513.327481,483.121239]	345
[0.158313,0.418211,0.407440,0.371734,0.393692,0.263007,0.328155]	[435.243470,389.431459,385.906601,488.134468,554.299917,516.015878,476.828263]	574
[0.694127,0.329162,0.371457,0.367728,0.265247,0.548951,0.363950]	[405.287062,428.015161,467.870943,477.518066,448.248105,510.260815,514.280295]	644
[0.485201,0.627895,0.206343,0.344679,0.449620,0.269011,0.379607]	[414.426309,404.053995,320.510200,533.021201,592.266444,510.317359,483.158907]	523
[0.685885,0.489542,0.243787,0.267708,0.465677,0.308219,0.353346]	[371.441885,387.148352,361.278258,531.471450,564.060146,518.827635,530.235833]	402
[0.266618,0.523407,0.475637,0.261142,0.547759,0.432436,0.221019]	[411.629238,349.766990,368.217014,504.506588,415.334894,522.750291,704.441923]	544
[0.630747,0.475659,0.590603,0.756564,0.527701,0.653314,0.391246]	[422.023666,300.641105,350.603022,534.420715,655.207325,511.857087,487.734690]	437
[0.178032,0.456594,0.468180,0.487275,0.576507,0.363872,0.191705]	[430.448656,288.199840,377.312690,549.868784,567.854560,516.575377,546.884500]	494
[0.187699,0.375073,0.539128,0.334199,0.598396,0.340361,0.398746]	[450.424568,340.282835,438.925554,509.168453,527.433351,518.258610,484.474913]	625
[0.189760,0.602406,0.466167,0.411815,0.436696,0.494503,0.354055]	[406.783798,352.202508,396.921559,486.630358,419.946052,525.411636,669.936362]	659
[0.154685,0.435305,0.713756,0.817302,0.582590,0.736762,0.495369]	[401.354209,348.785785,350.333765,526.072532,419.237593,513.699483,671.073969]	354
[0.141085,0.454431,0.639710,0.397876,0.486548,0.693651,0.623711]	[399.186865,349.442261,368.394957,530.851420,420.072191,517.413281,646.593729]	190
[0.357464,0.284916,0.641861,0.539340,0.485825,0.468873,0.630818]	[417.197437,341.482821,378.339986,529.964693,572.772050,524.750996,457.027107]	298
[0.134322,0.386849,0.577339,0.268547,0.320141,0.632818,0.564734]	[420.301015,329.710010,399.525493,541.962054,547.055166,518.446303,473.100670]	272
[0.441924,0.335652,0.551175,0.264256,0.535372,0.598698,0.358052]	[480.526130,309.663099,382.143248,511.127709,389.447147,514.875584,660.507505]	397
[0.186173,0.336088,0.670080,0.120706,0.442415,0.494393,0.587923]	[485.925486,343.204990,352.318023,554.484460,392.965515,521.308645,595.576009]	378
[0.269280,0.352920,0.526548,0.353725,0.469878,0.550942,0.646493]	[461.733314,348.029566,386.954935,540.187725,522.316311,514.083042,442.557900]	266
[0.320808,0.399296,0.679448,0.446850,0.420926,0.539307,0.789294]	[455.491293,335.553887,405.358632,538.947629,523.838842,514.805074,436.094607]	188
[0.524978,0.301155,0.730116,0.544143,0.314892,0.507739,0.742181]	[500.031880,352.226694,382.162620,515.340463,371.548849,515.816538,592.413617]	216
[0.246044,0.357995,0.606732,0.327192,0.471969,0.568437,0.472205]	[481.875336,329.799892,397.092866,559.621067,518.357458,511.543705,425.492712]	260
[0.392655,0.352871,0.796923,0.770016,0.392944,0.587085,0.827645]	[468.551778,309.122289,412.164436,543.972268,521.083804,521.604389,439.624082]	214
[0.490967,0.654698,0.189204,0.511161,0.281079,0.203786,0.456371]	[436.504036,411.176000,421.952067,529.238802,308.056887,516.260654,597.901257]	568
[0.359786,0.441663,0.365352,0.177280,0.415953,0.473831,0.604549]	[463.387876,341.358417,416.299252,506.576846,523.411517,512.036871,453.170139]	513
[0.402064,0.432773,0.344079,0.215815,0.216760,0.627924,0.755925]	[436.686620,345.795039,417.524679,550.667237,523.414640,513.766936,424.313966]	210
[0.392411,0.299783,0.567412,0.467987,0.403903,0.200751,0.791168]	[438.037388,390.689717,411.038679,536.867468,361.606269,514.022261,573.547837]	257
[0.308638,0.361730,0.587507,0.451840,0.379694,0.459360,0.837849]	[451.285285,350.367169,408.855724,557.115145,516.979193,515.384577,409.538580]	200
[0.316419,0.307632,0.795081,0.533814,0.376958,0.552158,0.816418]	[456.106273,332.098925,411.879042,551.601890,522.169115,512.539613,427.663829]	137
[0.455055,0.357559,0.683100,0.487578,0.366990,0.266106,0.831395]	[453.210646,355.875911,409.300724,562.856729,368.829149,516.330714,572.422414]	163
[0.383186,0.332018,0.575151,0.244846,0.420844,0.460079,0.673612]	[470.990903,316.015905,410.339451,546.474458,530.069029,512.114856,434.417885]	220
[0.277059,0.327162,0.582975,0.192754,0.502419,0.572992,0.689473]	[471.869880,326.319904,416.773280,539.760868,502.888062,516.226754,451.874495]	168
[0.385040,0.342433,0.549251,0.578499,0.433082,0.598653,0.569327]	[471.071868,321.264953,415.826168,542.537330,525.125632,511.633521,427.644451]	133
[0.363408,0.309662,0.560001,0.281011,0.446741,0.523736,0.778739]	[457.853272,327.941984,411.557614,537.553589,520.352776,512.192142,445.840438]	121
[0.346934,0.356905,0.538678,0.505663,0.400890,0.545888,0.819491]	[473.849651,326.859238,414.044691,526.250055,534.560238,513.697898,423.624845]	121
[0.354748,0.335486,0.415099,0.247733,0.410706,0.545519,0.748379]	[475.013556,348.705802,399.427492,521.418437,528.487166,514.747382,426.968634]	85
[0.574896,0.316408,0.598052,0.221978,0.504536,0.473467,0.372486]	[429.123402,325.389925,433.849686,516.959251,425.163700,506.186817,600.780114]	571
[0.491660,0.399175,0.592753,0.325046,0.640937,0.651974,0.152488]	[472.383234,315.732643,403.266722,527.948320,382.152598,512.968032,620.492497]	404
[0.581784,0.360823,0.556236,0.741218,0.518067,0.412064,0.541146]	[475.507869,344.379435,411.588619,543.000262,361.230739,520.862028,581.331687]	380
[0.337522,0.427678,0.754092,0.377205,0.494604,0.408415,0.671144]	[479.544254,336.073244,411.664396,540.244315,362.719713,514.650235,601.980212]	147
[0.467002,0.427295,0.385285,0.465300,0.333000,0.308406,0.580706]	[475.340293,364.489251,405.906534,525.372505,363.491210,517.728151,572.533372]	199
[0.285662,0.419677,0.620683,0.529559,0.226013,0.547935,0.687066]	[465.039282,338.295983,412.551092,525.688944,383.930305,514.152670,590.312334]	195
[0.371642,0.290938,0.590902,0.317816,0.408050,0.656922,0.738762]	[480.113289,304.815727,413.980306,524.479117,525.387205,517.676551,455.171578]	184
[0.389985,0.352612,0.631262,0.273870,0.444727,0.542552,0.672240]	[459.344480,313.442144,412.517878,551.099349,523.987397,512.161673,446.469701]	147
[0.503989,0.363879,0.483493,0.481550,0.373537,0.738032,0.222062]	[508.632788,345.755479,416.700985,532.731923,414.993673,515.040410,496.425278]	383
[0.286508,0.309934,0.287630,0.363240,0.328840,0.413617,0.346266]	[521.568791,383.481499,467.206566,449.842381,525.141427,513.532963,387.224967]	781
[0.475549,0.349835,0.541515,0.267915,0.437034,0.514934,0.562419]	[475.217587,377.234501,411.714134,478.466970,518.951967,515.371849,441.464432]	663
[0.404913,0.306636,0.792279,0.433015,0.363403,0.396508,0.642825]	[478.977803,341.638739,410.719641,516.499449,527.884909,522.526015,415.069208]	269
[0.575611,0.335244,0.516888,0.484380,0.381670,0.522887,0.336948]	[486.468230,371.096805,414.504055,530.864358,416.806925,512.361486,485.340766]	518
[0.632009,0.390540,0.168519,0.339138,0.286305,0.252194,0.318458]	[473.657542,311.732675,495.788980,501.273926,532.390207,514.805331,420.234124]	931
[0.238376,0.223755,0.326363,0.457334,0.371658,0.424190,0.609258]	[547.487243,348.101078,428.070420,433.787967,517.248221,514.717793,456.066460]	739
[0.390143,0.377623,0.496521,0.431638,0.437514,0.496796,0.508380]	[532.729590,367.603328,342.437209,485.814194,511.385928,515.796805,472.151680]	525
[0.460504,0.422261,0.559769,0.225171,0.499810,0.597879,0.320565]	[481.311112,397.711200,407.498759,514.069974,393.252530,509.220700,504.580491]	669
[0.227980,0.216844,0.252563,0.379286,0.481613,0.324114,0.281279]	[497.060709,392.365483,421.935156,465.160602,532.214992,512.173059,412.620762]	878
[0.559428,0.394220,0.179058,0.538473,0.415255,0.361343,0.320494]	[447.684390,444.821714,484.679204,456.190465,531.394244,513.068615,363.245943]	546
[0.378762,0.410307,0.344260,0.228720,0.526795,0.435219,0.319527]	[477.447468,453.120708,420.550058,452.244560,415.665705,517.027970,482.824215]	660
[0.408985,0.422239,0.313367,0.404102,0.272569,0.266446,0.407342]	[472.065490,398.489599,464.460545,505.022844,548.540840,514.025412,354.515064]	693
[0.204457,0.161499,0.202680,0.513566,0.219759,0.225664,0.364897]	[612.628971,468.136202,404.744308,364.803024,551.436415,514.384487,330.213048]	613
[0.489917,0.450050,0.193179,0.313023,0.356904,0.182240,0.549054]	[527.388128,450.487459,433.345744,404.516831,572.413351,520.459591,332.720852]	476
[0.405658,0.352563,0.340230,0.318540,0.103570,0.120024,0.588127]	[532.488579,477.047988,407.190032,403.464309,589.157828,509.565295,328.875771]	547
[0.361135,0.441473,0.266647,0.470170,0.251851,0.229734,0.643561]	[535.588902,473.494660,378.005729,413.157667,594.481369,513.446686,336.297244]	540
[0.408400,0.351590,0.197689,0.600027,0.282300,0.340523,0.537878]	[533.213206,349.124478,468.154300,412.469520,633.615480,518.832898,339.596540]	446
[0.443073,0.339237,0.458831,0.355880,0.127716,0.156659,0.522399]	[496.783476,414.194370,440.119691,418.522570,639.497239,512.868664,342.916769]	581
[0.420393,0.241778,0.330458,0.314044,0.377563,0.596564,0.500659]	[498.781089,424.489643,478.314401,382.725198,653.818495,510.064225,317.825138]	812
[0.158790,0.209429,0.546785,0.410683,0.610749,0.642814,0.319734]	[575.969971,430.598556,472.256509,298.618786,628.373038,511.738669,315.642670]	410
[0.258229,0.186926,0.161830,0.482013,0.796826,0.661489,0.340283]	[510.762787,481.332089,420.629258,381.124988,626.675038,511.531123,297.009892]	334
[0.187236,0.240374,0.441328,0.406186,0.578304,0.704901,0.268405]	[547.607182,453.739444,449.928434,361.173133,540.641951,517.325490,353.587602]	379
[0.263274,0.311215,0.522191,0.633275,0.736984,0.731973,0.299649]	[542.007688,418.675265,469.353732,399.928417,573.843167,515.978607,301.131465]	278
[0.386119,0.378175,0.593613,0.673601,0.873971,0.520724,0.293277]	[522.430580,415.172214,494.044061,406.142008,530.224278,512.737652,354.530559]	176
[0.197404,0.497302,0.561577,0.508809,0.850557,0.642814,0.311044]	[520.532419,387.605407,500.932660,414.780510,549.133116,511.738669,354.997302]	160
[0.274571,0.524487,0.509030,0.700724,0.928035,0.518462,0.322492]	[521.909942,385.475378,519.727365,410.900310,537.847256,513.444325,355.645474]	90
[0.304955,0.454241,0.429001,0.388174,0.762612,0.671316,0.322730]	[514.593409,383.022496,512.377514,412.787513,534.263713,512.088188,366.879063]	137
[0.305168,0.409242,0.481446,0.725856,0.993247,0.564888,0.320857]	[537.181332,367.762149,514.635583,412.355436,543.737674,510.693393,357.159834]	135
[0.241314,0.399171,0.523736,0.428807,0.796495,0.636871,0.363196]	[547.341966,401.320099,476.880994,409.630799,587.550369,511.571368,302.225537]	185
[0.297421,0.505853,0.562041,0.560099,0.942921,0.522106,0.296954]	[492.967924,416.442157,511.453434,410.495268,537.438345,517.854949,349.223369]	172
[0.227868,0.467191,0.461997,0.382133,0.708927,0.642814,0.296436]	[506.911684,433.078179,514.847327,409.292915,568.549902,511.738669,300.206882]	164
[0.340321,0.517012,0.459623,0.767792,0.934933,0.659355,0.154175]	[537.258283,389.129503,504.988614,413.693636,577.529990,513.105431,308.714646]	155
[0.210827,0.442351,0.576976,0.499998,0.828994,0.728821,0.295552]	[518.752816,401.936043,492.693126,412.226091,541.369461,514.281626,357.486138]	163
[0.334957,0.384171,0.600866,0.530603,0.883893,0.625544,0.288917]	[473.363891,456.771217,484.184149,413.714063,588.167762,511.181964,301.710695]	145
[0.550571,0.465894,0.576271,0.363922,0.758784,0.572626,0.276957]	[507.399954,383.353061,466.747374,417.805896,450.288115,510.177491,464.528919]	205
[0.218906,0.340694,0.358217,0.352496,0.274232,0.655299,0.698275]	[512.802561,294.185356,531.555354,411.834556,648.161217,512.976119,366.455941]	730
[0.469365,0.452093,0.464399,0.589047,0.326120,0.437449,0.569254]	[524.160896,331.122678,478.389515,415.093023,643.428840,512.283962,347.697543]	324
[0.923868,0.368825,0.480411,0.708955,0.400281,0.341947,0.697250]	[537.204741,341.266798,489.898818,413.354870,598.032830,518.081936,338.592804]	212
[0.609431,0.399582,0.464546,0.557671,0.322794,0.391874,0.706614]	[514.901145,326.413665,509.884186,411.074575,627.838741,515.195686,335.727072]	157
[0.547929,0.350684,0.497821,0.743402,0.386607,0.418041,0.665411]	[531.315575,338.615900,505.295762,410.535720,606.498385,515.176626,336.055772]	145
[0.645516,0.382272,0.437145,0.729489,0.282376,0.350000,0.675879]	[515.012720,319.269717,534.524535,413.360727,608.210564,511.985961,342.051730]	188
[0.269816,0.336878,0.414024,0.594131,0.285576,0.468634,0.770466]	[548.277249,368.508327,492.244705,359.195907,615.419673,514.019842,350.426638]	188
[0.318110,0.362303,0.409864,0.610145,0.297529,0.341585,0.498395]	[554.528238,323.883788,515.397093,412.422589,610.808593,515.657952,332.002611]	275
[0.230547,0.326164,0.377123,0.544806,0.318157,0.437892,0.626659]	[536.491509,380.238618,540.648865,338.684717,587.366118,517.911224,346.114842]	279
[0.420212,0.356436,0.379375,0.777564,0.254292,0.436857,0.661874]	[545.131651,354.591704,527.662530,360.458896,594.659856,513.778490,352.093113]	183
[0.552581,0.308658,0.454015,0.908870,0.319999,0.323598,0.522624]	[544.505248,300.179110,505.201953,413.711877,571.232776,518.215744,372.904542]	242
[0.388055,0.309204,0.494369,0.682289,0.384262,0.420928,0.671040]	[555.114194,352.978512,478.282745,406.653695,564.321296,515.892998,361.959272]	278
[0.488850,0.358766,0.490968,0.394655,0.367697,0.357823,0.510216]	[520.267262,339.030403,486.929535,412.401824,559.447094,516.462656,389.505967]	175
[0.376029,0.310411,0.395196,0.575055,0.385797,0.403594,0.491095]	[527.021287,358.663841,462.402585,412.931397,538.391172,511.590602,408.339005]	187
[0.402751,0.211111,0.235452,0.421306,0.380552,0.598322,0.398700]	[461.694703,353.858842,532.064831,420.876004,549.350919,514.504215,424.252560]	692
[0.478275,0.281112,0.199185,0.493429,0.474718,0.468537,0.613863]	[463.724017,342.873995,538.303887,392.061883,546.109687,508.676127,436.084375]	432
[0.506487,0.455752,0.126906,0.422987,0.527964,0.523240,0.216304]	[425.743541,411.672403,533.594478,386.907267,405.438379,523.310724,550.792155]	774
[0.385518,0.616583,0.266678,0.505337,0.382290,0.390332,0.486244]	[437.759102,368.153179,518.023145,415.880201,534.519427,509.565552,438.388295]	641
[0.405902,0.658173,0.173245,0.535884,0.407659,0.476926,0.448022]	[443.326272,395.957461,536.280331,363.451479,526.879590,516.772419,431.877730]	277
[0.356161,0.496422,0.312563,0.763404,0.422972,0.542663,0.682939]	[435.955781,420.667151,526.407572,378.387212,521.274558,517.065289,439.831892]	238
[0.339109,0.474093,0.298485,0.507132,0.361295,0.406109,0.614391]	[464.046293,422.365508,496.795137,393.415885,528.066860,516.581372,408.602569]	297
[0.192642,0.631027,0.368995,0.777460,0.414183,0.542663,0.754648]	[443.867174,357.362988,528.860872,428.157744,527.288305,517.065289,425.003595]	286
[0.205084,0.609310,0.363780,0.553288,0.441517,0.517074,0.755753]	[469.022464,393.297701,538.585041,359.295444,520.832198,517.243646,435.162129]	250
[0.292660,0.404675,0.447826,0.444826,0.406188,0.640612,0.809842]	[430.891910,393.425800,495.448097,410.518732,534.323187,514.227680,443.428781]	304
[0.288786,0.563965,0.414207,0.445238,0.404803,0.482232,0.507055]	[428.410496,371.206622,528.626953,413.996988,522.280543,517.746513,442.297194]	210
[0.289240,0.482395,0.396389,0.664777,0.386080,0.440781,0.849385]	[444.664422,395.591375,500.243568,414.352384,521.577197,516.205597,434.863087]	147
[0.236540,0.581909,0.380900,0.644730,0.466119,0.570859,0.799515]	[419.884991,379.751777,514.728092,425.824992,522.566239,514.002854,440.814775]	199
[0.251359,0.508239,0.360855,0.525765,0.405458,0.638852,0.562656]	[430.547636,436.773632,499.231701,382.588470,529.769818,512.444112,444.365920]	243
[0.288500,0.432572,0.332907,0.680407,0.378159,0.506775,0.652020]	[442.420145,371.658621,548.058213,411.872645,528.603420,518.134753,417.880207]	291
[0.295803,0.477744,0.284740,0.414921,0.474896,0.491805,0.642418]	[426.565217,429.037351,539.957582,391.209416,467.704271,513.833805,495.298882]	312
[0.255269,0.541458,0.300922,0.462967,0.382694,0.638561,0.631033]	[431.578843,394.961730,522.602649,409.465926,516.279449,514.474722,448.235740]	204
[0.210726,0.575275,0.328866,0.606059,0.382379,0.558325,0.548418]	[443.910436,378.881093,526.918140,408.356991,528.632968,513.860821,439.137716]	157
[0.267782,0.518883,0.366285,0.628007,0.362831,0.552161,0.516064]	[451.170959,348.713808,552.011345,425.697634,528.649072,511.931505,421.273857]	163
[0.258097,0.578346,0.250817,0.504773,0.438720,0.578714,0.496377]	[457.748350,388.901382,514.950265,372.806629,528.328677,510.830832,457.152983]	242
[0.226850,0.575713,0.331092,0.619100,0.401299,0.638852,0.671394]	[446.018121,338.442049,566.682742,404.317464,526.850023,512.444112,432.855211]	195
[0.246562,0.481133,0.395171,0.663074,0.472467,0.492201,0.744940]	[393.794305,417.876599,530.198344,370.462781,537.535675,518.678880,447.822734]	218
[0.328647,0.379457,0.361912,0.612853,0.429593,0.555354,0.567233]	[432.199988,409.511752,503.619590,410.217817,520.437070,516.502244,446.918310]	308
[0.363544,0.275078,0.488267,0.745567,0.369384,0.494341,0.732347]	[393.805989,428.363155,501.315392,406.724327,532.616435,518.212904,453.121086]	242
[0.254788,0.269747,0.395114,0.766117,0.425567,0.418167,0.778631]	[398.786692,430.541596,508.756216,408.773027,528.886029,517.661430,436.777908]	212
[0.583370,0.368024,0.401289,0.175103,0.355654,0.161545,0.387505]	[405.087846,502.617930,477.572767,437.903549,372.816918,502.630568,544.146956]	580
[0.422534,0.494972,0.312298,0.156566,0.328821,0.164917,0.152208]	[372.232400,480.834131,519.722776,444.049341,334.238581,501.859478,591.236446]	548
[0.324392,0.253204,0.393904,0.504237,0.513217,0.495388,0.310784]	[398.164883,479.720107,545.781479,408.757936,401.571929,519.861852,479.485651]	819
[0.344212,0.381068,0.384870,0.150637,0.401195,0.364863,0.448742]	[371.253072,498.127317,494.889293,422.833759,515.884474,511.317615,427.410763]	873
[0.346549,0.371232,0.344025,0.556753,0.388356,0.569200,0.515927]	[314.283193,506.195353,506.153232,412.050308,527.294618,515.693856,468.787981]	501
[0.523612,0.285626,0.390616,0.195853,0.324981,0.258332,0.494840]	[370.933463,529.136785,437.131920,458.073663,521.808249,514.201275,399.961191]	543
[0.361287,0.419957,0.450484,0.519398,0.469326,0.524613,0.220683]	[348.129098,525.773958,520.501622,408.956382,398.200881,513.056420,523.599775]	620
[0.411119,0.482701,0.501818,0.657040,0.693630,0.372102,0.259964]	[368.249351,522.566557,515.634872,411.182094,398.839426,517.085267,498.830335]	276
[0.514817,0.184927,0.292679,0.625180,0.485049,0.064486,0.343784]	[347.888713,543.919959,501.797846,417.153810,590.531324,586.198370,270.499353]	397
[0.553544,0.506125,0.399867,0.595860,0.540318,0.467822,0.206717]	[329.821213,545.137533,527.004616,425.446448,577.990884,503.412096,316.706561]	392
[0.531526,0.395923,0.297877,0.488129,0.723793,0.700957,0.329351]	[401.249540,534.806345,533.349725,380.762091,538.492030,514.412434,347.338153]	294
[0.254255,0.196808,0.423273,0.317730,0.324104,0.405489,0.736290]	[410.407090,521.955111,535.417606,351.027315,563.193127,514.662939,357.109290]	681
[0.489362,0.354304,0.435861,0.539363,0.476189,0.543197,0.445912]	[425.737056,524.083214,519.847210,340.890110,600.360951,510.688898,338.168594]	469
[0.315694,0.349568,0.298085,0.227612,0.506881,0.492119,0.527263]	[435.639131,462.000797,516.270038,444.421300,523.474859,516.906456,358.854018]	799
[0.215229,0.333267,0.227385,0.180154,0.501632,0.320543,0.408258]	[417.915676,493.888708,550.594093,403.886810,508.067931,512.416770,374.896768]	493
[0.264962,0.324417,0.325851,0.224383,0.649605,0.422186,0.456749]	[487.699776,435.910670,501.652966,450.430332,555.561072,516.747805,325.154205]	625
[0.431397,0.342261,0.616329,0.198226,0.430409,0.438560,0.449342]	[427.931034,397.560661,508.966426,457.201047,611.138544,516.364457,339.200695]	604
[0.375341,0.556622,0.250229,0.166728,0.203536,0.197347,0.350090]	[403.480664,514.137917,476.386951,454.035497,531.188863,515.492278,351.944577]	607
[0.539023,0.221940,0.275087,0.336360,0.584776,0.414566,0.402399]	[329.994693,539.155103,513.760364,455.150883,436.061779,512.789125,449.135211]	702
[0.586481,0.323721,0.330820,0.396350,0.664295,0.671316,0.230423]	[342.881567,495.149909,523.551111,429.429723,419.554280,512.088188,491.535795]	354
[0.547615,0.263631,0.266167,0.485925,0.805318,0.699798,0.260137]	[394.091390,482.737186,539.932628,366.144202,533.169492,517.830590,398.530369]	311
[0.550790,0.511802,0.294729,0.480418,0.932232,0.513430,0.290896]	[310.237433,505.713749,569.456238,435.487078,529.803313,515.218348,371.487040]	246
[0.616260,0.629821,0.317850,0.578003,0.881511,0.490733,0.275135]	[395.481466,534.588109,518.530426,383.444906,524.094010,522.160743,365.181900]	184
[0.662787,0.370994,0.299665,0.524236,0.615705,0.664191,0.211102]	[389.376378,525.005700,461.473876,391.307512,564.990257,512.949401,370.977515]	272
[0.629971,0.442030,0.198231,0.533572,0.734029,0.594367,0.229498]	[365.833820,527.938127,556.466159,397.745634,531.061078,520.887761,336.866954]	314
[0.276179,0.542895,0.235174,0.415287,0.447066,0.630238,0.301626]	[386.149473,539.627902,490.733671,398.139956,567.955234,509.656761,345.750879]	466
[0.246645,0.368522,0.229380,0.409234,0.609727,0.671316,0.265530]	[389.961033,510.000041,513.683635,393.743013,498.024654,512.088188,417.649122]	319
[0.485571,0.288812,0.244542,0.464716,0.531954,0.731997,0.254845]	[400.718278,528.160434,470.706185,365.055772,572.100263,512.993520,364.544067]	337
[0.573339,0.262737,0.379061,0.435473,0.652944,0.651960,0.273260]	[332.146364,547.197756,513.277968,424.403778,363.400334,518.739452,518.671407]	313
[0.592297,0.560102,0.325851,0.538168,0.746357,0.539444,0.289176]	[369.815158,527.440665,520.843827,373.823629,547.393447,514.150341,363.281421]	247
[0.438437,0.267067,0.374959,0.632565,0.780137,0.642814,0.280410]	[411.667448,544.022185,513.702342,364.226338,551.949585,511.738669,330.322693]	270
[0.506074,0.409587,0.379204,0.672043,0.823184,0.622958,0.364930]	[369.590194,528.904846,529.964079,410.804090,552.514134,510.245466,323.139894]	236
[0.562678,0.443004,0.353890,0.794442,0.489544,0.656098,0.299010]	[349.698433,540.446445,534.347331,410.536603,375.040013,514.651279,510.982432]	254
[0.518320,0.188641,0.471417,0.535875,0.782101,0.699798,0.333253]	[368.034936,527.560035,510.938147,417.333497,522.818123,517.830590,365.203141]	231
[0.619253,0.196847,0.366783,0.660725,0.842568,0.537750,0.299439]	[422.550350,506.299157,592.361270,339.560493,510.006302,512.362650,358.532742]	200
[0.599715,0.423495,0.386330,0.558793,0.451489,0.317806,0.392284]	[339.930447,539.861385,510.855474,425.561079,599.455975,523.775624,326.842881]	491
[0.542306,0.202251,0.377769,0.366032,0.743853,0.548820,0.310927]	[399.992525,535.959299,540.545200,363.358294,592.856663,510.423325,300.956044]	339
[0.563095,0.408190,0.403192,0.599143,0.737454,0.548820,0.305277]	[389.257431,513.145886,522.692817,424.393492,536.651342,510.423325,351.579364]	227
[0.593463,0.630158,0.389021,0.455971,0.904656,0.523834,0.315026]	[355.821213,537.271307,532.925178,410.610441,561.075454,516.480764,321.701714]	169
[0.596402,0.260507,0.384095,0.636680,0.765656,0.736762,0.318725]	[360.031487,527.451565,551.932216,413.134814,368.578537,513.699483,491.864377]	200
[0.525982,0.173340,0.469228,0.169149,0.770308,0.558673,0.306288]	[395.324300,528.873989,499.412709,388.564479,368.260989,509.873447,517.322691]	242
[0.443164,0.245250,0.468278,0.247629,0.389670,0.227608,0.288644]	[393.250221,509.772318,500.996597,422.798701,608.938746,516.130734,296.429967]	586
[0.413153,0.503222,0.484442,0.171218,0.262101,0.296115,0.699427]	[279.140971,527.420608,516.018462,447.280366,643.321594,517.158380,336.477380]	612
[0.496736,0.261447,0.333948,0.266312,0.315891,0.186866,0.697726]	[412.065954,503.464952,439.721703,434.767156,619.934491,513.077633,324.768854]	486
[0.221830,0.407582,0.169431,0.235380,0.370183,0.245619,0.694143]	[379.362690,454.938630,500.135830,465.372110,614.234547,519.008349,334.679444]	814
[0.206565,0.318968,0.236242,0.175196,0.374963,0.192085,0.317196]	[461.974492,438.118689,528.832054,415.744895,582.519579,515.437893,323.114820]	786
[0.462851,0.290915,0.333636,0.413176,0.458398,0.154713,0.645375]	[521.889149,368.428184,446.611064,445.200169,571.144790,509.765317,350.858214]	662
[0.319326,0.358822,0.576278,0.384552,0.255688,0.213586,0.794684]	[506.563874,385.194910,504.540971,420.142881,556.618039,511.570388,351.514445]	515
[0.233214,0.355815,0.417702,0.623485,0.272278,0.409166,0.690189]	[545.233777,340.542509,477.296285,410.833079,611.647371,514.950206,339.798307]	240
[0.430675,0.313098,0.489619,0.652877,0.281132,0.554132,0.715986]	[536.664574,327.714412,501.946993,413.770529,560.337879,509.672475,386.809337]	239
[0.849273,0.304142,0.491159,0.623080,0.313083,0.561945,0.731553]	[542.131437,320.772702,515.996110,410.359412,546.993801,509.366198,379.006072]	211
[0.410137,0.345004,0.451608,0.536446,0.344604,0.483334,0.545826]	[518.863204,310.216224,514.517843,403.513714,546.296162,508.485244,432.915610]	245
[0.259160,0.324167,0.294762,0.530181,0.456951,0.567324,0.683156]	[506.374202,368.622128,534.450720,352.708564,542.513511,513.881479,427.123589]	346
[0.408582,0.261004,0.229333,0.461550,0.381332,0.434836,0.343256]	[478.138241,356.340824,493.700025,410.528164,524.432146,514.358008,473.794701]	604
[0.239992,0.610550,0.287639,0.658447,0.343222,0.540039,0.595068]	[477.693440,385.173913,532.176875,382.602808,527.459637,515.255863,416.592415]	584
[0.421461,0.609230,0.135492,0.381192,0.343409,0.687081,0.477180]	[393.037332,371.754775,517.961292,424.610816,532.835860,516.006735,485.881642]	419
[0.275418,0.654623,0.247082,0.801786,0.351460,0.441643,0.455129]	[426.920148,375.000095,549.664823,421.804800,519.449614,514.841932,428.754818]	305
[0.240967,0.608563,0.270846,0.474674,0.385737,0.414681,0.600719]	[426.642407,376.261438,506.122532,425.991861,530.620626,516.043930,441.514059]	175
[0.393207,0.419584,0.325628,0.578465,0.406218,0.556726,0.580905]	[410.422698,398.112562,491.175086,411.871172,549.567816,518.188224,456.325662]	338
[0.303004,0.386572,0.379831,0.589348,0.350286,0.647042,0.477284]	[388.071224,415.856782,513.617917,410.940645,524.939300,517.447146,468.927394]	218
[0.265160,0.495102,0.320220,0.559717,0.433040,0.528216,0.679492]	[456.292544,391.115300,503.673888,413.605644,525.836796,514.474533,418.820453]	285
[0.227123,0.627001,0.367243,0.663344,0.420467,0.576154,0.640713]	[446.342279,358.898478,514.971409,424.233652,524.918178,513.058619,440.224295]	290
[0.218798,0.561396,0.330348,0.440257,0.369394,0.582346,0.507415]	[440.429610,389.829086,518.932049,405.671359,524.825240,511.605944,440.129300]	188
[0.084342,0.443466,0.391268,0.691493,0.407259,0.373684,0.821653]	[508.784635,369.512442,512.244711,411.064692,365.700226,515.744808,568.976480]	359
[0.100645,0.474702,0.397074,0.658182,0.644194,0.563778,0.227716]	[497.734839,374.939477,555.630872,411.438570,384.962861,513.259172,506.175661]	489
[0.306171,0.544579,0.411530,0.865260,0.778704,0.590569,0.222774]	[483.187939,389.533470,518.358976,411.244953,363.523552,511.130182,552.536389]	241
[0.536852,0.339221,0.499824,0.654535,0.271188,0.124219,0.442326]	[520.487608,344.648488,485.876572,411.001337,530.455449,523.079843,436.365096]	884
[0.552781,0.284026,0.530288,0.529304,0.385721,0.483486,0.714219]	[531.233018,340.258992,477.888206,411.481393,375.786647,512.715650,579.417421]	484
[0.743925,0.399764,0.403857,0.743920,0.403686,0.429400,0.799608]	[532.837613,331.556110,471.665327,411.433501,519.741315,516.316747,425.843202]	176
[0.566605,0.421593,0.582875,0.670491,0.341733,0.192495,0.795539]	[512.219942,388.524935,462.393220,410.508706,364.049637,523.356904,560.899784]	177
[0.899141,0.309786,0.334676,0.750336,0.368662,0.562888,0.797299]	[535.234567,333.109412,482.202997,409.550961,512.560669,513.916388,423.630458]	198
[0.695456,0.274700,0.383262,0.436677,0.311377,0.540432,0.619734]	[541.591023,329.685155,471.647882,412.854349,532.315890,513.270198,411.419380]	177
[0.473156,0.266069,0.379850,0.714845,0.386265,0.535278,0.538700]	[537.287034,328.670567,471.093505,411.456648,517.090030,514.792732,431.443918]	159
[0.278874,0.317411,0.398305,0.665312,0.413547,0.562662,0.670436]	[547.557157,311.305296,469.318565,414.230028,530.805767,512.643551,438.234776]	197
[0.570500,0.289123,0.446347,0.550772,0.315483,0.537415,0.712604]	[527.509180,326.819363,467.887261,410.234031,530.852955,511.407144,439.205186]	197
[0.632524,0.456495,0.433682,0.558860,0.196769,0.670746,0.519453]	[523.721328,340.136716,461.466326,414.209983,526.375160,512.245913,429.968253]	176
[0.626150,0.264479,0.384670,0.492602,0.318844,0.534909,0.763019]	[553.293247,306.128536,477.463751,415.581371,527.881044,515.452749,424.615629]	165
[0.449058,0.355832,0.506514,0.500521,0.355488,0.461194,0.569793]	[533.102119,328.082654,488.775752,399.044106,521.609803,522.301833,416.852084]	181
[0.466994,0.324769,0.505471,0.698706,0.374921,0.563781,0.563581]	[539.546083,311.905897,494.251400,412.718243,528.445940,520.230244,410.546192]	161
[0.628238,0.436289,0.540972,0.714662,0.241313,0.526465,0.745297]	[527.391747,336.263760,486.971254,410.564479,377.019406,516.142430,578.114422]	175
[0.366881,0.324533,0.388556,0.493559,0.382503,0.529938,0.826113]	[541.473301,331.184895,463.966402,415.823795,528.688878,514.479283,417.167076]	135
[0.485539,0.337733,0.414234,0.757931,0.384514,0.549938,0.769640]	[533.548454,325.859672,470.868158,410.139760,530.414435,512.526379,431.679031]	75
[0.490085,0.428330,0.384457,0.727706,0.409116,0.473513,0.628565]	[532.773369,330.654094,476.902436,409.918691,525.026860,515.139480,418.470671]	106
[0.672666,0.305880,0.393884,0.682434,0.382981,0.597445,0.759288]	[523.762324,328.281368,468.927517,414.085678,522.113337,515.495059,434.801183]	138
[0.338257,0.449621,0.281662,0.164771,0.249252,0.265457,0.617680]	[505.811103,293.126495,570.552194,444.154812,462.612869,517.265559,463.704973]	469
[0.298603,0.286842,0.278091,0.375522,0.228495,0.507741,0.740904]	[494.692836,306.613916,553.617857,414.578693,531.623255,515.681207,419.358785]	412
[0.367623,0.320982,0.413032,0.687260,0.266442,0.617499,0.550184]	[506.489958,388.646292,528.436294,363.070834,372.581755,514.485399,558.823275]	293
[0.413676,0.198233,0.099200,0.415761,0.644904,0.568656,0.159950]	[398.817944,463.606366,574.001263,349.961737,387.622665,509.450746,558.070158]	866
[0.301996,0.221256,0.236602,0.613272,0.738610,0.619126,0.158345]	[347.774819,512.490192,537.599149,382.678678,361.325222,514.740204,588.722284]	514
[0.296695,0.188024,0.295555,0.275521,0.557451,0.547671,0.101953]	[370.643252,516.167699,482.921080,394.541756,363.597002,513.569540,625.951343]	721
[0.332483,0.427808,0.152861,0.487151,0.394185,0.168001,0.451254]	[499.017207,370.850403,549.362001,390.638264,299.974209,514.647994,655.083142]	1028
[0.261428,0.540667,0.276621,0.628276,0.558868,0.568061,0.449817]	[429.685908,395.870587,580.646444,347.414021,466.564030,513.312078,513.032679]	414
[0.252651,0.572959,0.324575,0.732003,0.428688,0.537856,0.581016]	[445.987215,378.954874,522.480251,422.003898,390.632048,513.097524,600.907566]	250
[0.254312,0.511338,0.337019,0.601580,0.432656,0.440601,0.559242]	[425.344206,385.271530,519.154945,409.613498,512.360002,516.866239,460.131323]	217
[0.314903,0.425739,0.403599,0.551297,0.411295,0.606443,0.572967]	[447.300850,363.347535,526.569233,414.929170,529.464095,516.434726,437.249579]	303
[0.294174,0.445239,0.392617,0.580850,0.358130,0.589839,0.537609]	[438.785624,378.630534,525.141699,412.654550,523.497325,514.181614,442.438047]	172
[0.403168,0.455369,0.171298,0.370024,0.352846,0.713449,0.464040]	[372.477734,457.787642,490.477669,373.470063,538.070468,516.763848,489.711474]	464
[0.340572,0.560775,0.274771,0.681142,0.315465,0.527972,0.533818]	[431.446249,368.924648,519.783327,426.613060,522.070515,515.033564,458.472728]	388
[0.313211,0.536201,0.329156,0.666585,0.374334,0.566745,0.570178]	[427.885434,410.937722,563.751233,372.402694,521.258763,510.388996,434.452456]	151
[0.317391,0.490975,0.379133,0.545671,0.391428,0.638852,0.712613]	[429.742533,386.161032,531.443282,415.569400,522.803261,512.444112,443.521814]	153
[0.291773,0.639876,0.203134,0.595844,0.370575,0.663990,0.473184]	[416.971914,383.732875,533.517738,415.601080,525.641969,522.185117,447.934984]	308
[0.273081,0.415002,0.377805,0.376518,0.367545,0.722117,0.696714]	[430.462237,413.050315,493.737238,414.785672,493.353694,516.632913,494.471035]	301
[0.200735,0.507251,0.447923,0.491056,0.564888,0.603752,0.204168]	[456.086220,376.186764,522.396291,412.448036,400.877583,511.193007,559.726474]	447
[0.535299,0.231866,0.423536,0.554765,0.391540,0.403862,0.626106]	[340.364012,431.119217,503.084983,413.124195,593.978748,520.085191,453.818096]	682
[0.395455,0.203633,0.364562,0.395004,0.488748,0.631661,0.348443]	[369.583425,413.128996,484.081721,415.280583,536.855417,518.264296,485.034594]	336
[0.231130,0.434400,0.304942,0.234851,0.456545,0.398856,0.546096]	[432.688038,398.371193,533.279913,368.658517,509.313172,514.589668,471.600177]	574
[0.278416,0.522127,0.298895,0.775525,0.518837,0.568836,0.557648]	[445.539338,377.406247,504.667682,409.500904,526.905886,510.652691,455.071035]	344
[0.239689,0.601037,0.372360,0.749777,0.516353,0.654144,0.722793]	[440.140672,343.098290,520.551821,410.471536,520.375318,512.752210,458.697133]	170
[0.212886,0.567044,0.351892,0.610147,0.424558,0.549807,0.688161]	[429.018569,389.697418,511.483165,409.023559,526.815731,517.529506,441.823027]	190
[0.211562,0.563685,0.373251,0.686853,0.452404,0.560775,0.664096]	[427.596080,416.487729,525.944367,357.610045,528.782530,512.531955,444.243582]	157
[0.278128,0.517013,0.235159,0.333403,0.314986,0.673309,0.442905]	[457.086269,393.219266,510.558069,382.960454,540.669976,509.774985,442.079081]	310
[0.230706,0.627761,0.366918,0.763904,0.371238,0.637826,0.709555]	[429.035937,413.596684,541.173784,357.857716,522.372975,513.108203,443.683257]	290
[0.291262,0.485146,0.384126,0.909405,0.434778,0.510321,0.526245]	[429.012503,398.090278,526.845896,410.468531,529.888300,516.232576,429.148036]	202
[0.260687,0.560658,0.267769,0.407940,0.468341,0.554825,0.587021]	[422.650299,441.310880,509.909544,365.141223,533.529662,510.729596,436.076218]	287
[0.432898,0.484620,0.333717,0.633519,0.417856,0.487116,0.507282]	[425.304192,386.311312,500.318795,436.867941,528.148752,513.476686,452.591850]	290
[0.504920,0.389733,0.271339,0.521392,0.302129,0.569741,0.399903]	[380.918616,475.603339,528.904356,370.854200,530.425674,514.182983,451.600386]	333
[0.172929,0.581237,0.210534,0.429679,0.355127,0.570123,0.845783]	[437.136135,438.646339,510.240215,380.909499,525.014837,514.640028,419.299510]	339
[0.290772,0.593451,0.235612,0.621759,0.376319,0.542024,0.743972]	[451.789182,407.582939,519.525673,392.162634,529.566943,514.699460,419.943800]	115
[0.277870,0.653635,0.241276,0.585477,0.386207,0.655573,0.805130]	[427.755250,402.861385,505.443053,389.763971,527.633049,512.544167,439.375880]	169
[0.249038,0.582476,0.312210,0.688798,0.411459,0.434115,0.496725]	[447.515339,345.573928,546.930134,418.283092,514.292501,519.667148,427.829067]	233
[0.188307,0.596489,0.343768,0.748792,0.373187,0.476193,0.807805]	[427.653566,359.730294,542.220364,419.686866,519.670122,518.847604,430.204079]	125
[0.355263,0.569460,0.308910,0.542369,0.385787,0.493899,0.497575]	[453.121161,369.032409,511.077115,428.980459,523.382839,515.019641,442.786482]	213
[0.259554,0.659512,0.211859,0.771625,0.325436,0.562921,0.385087]	[447.201080,373.966723,582.707350,370.570474,531.450866,508.782320,424.420573]	303
[0.288853,0.547179,0.289056,0.575024,0.362896,0.513804,0.494142]	[443.968629,379.103697,539.542257,427.121148,518.598883,518.034131,421.928605]	267
[0.203959,0.632507,0.322972,0.668347,0.390680,0.650029,0.564830]	[466.093447,356.705989,547.393440,401.490677,392.471281,511.726867,584.974331]	261
[0.252601,0.614412,0.406711,0.748669,0.381464,0.540899,0.708439]	[412.887900,370.572701,556.159207,398.556385,520.529169,513.955321,446.253192]	223
[0.328179,0.365010,0.320066,0.531656,0.330534,0.625660,0.576212]	[423.582210,410.583704,538.149024,400.499363,535.059899,514.401801,428.595882]	317
[0.279055,0.574273,0.362912,0.765388,0.346106,0.556073,0.639600]	[410.808271,394.789137,538.087312,411.890421,531.018936,515.557081,439.131045]	259
[0.400374,0.531158,0.340062,0.668580,0.363246,0.462439,0.646884]	[430.123387,360.773649,529.177264,442.504059,523.849272,514.839439,438.259527]	174
[0.409285,0.428752,0.191507,0.376555,0.325599,0.577032,0.588411]	[382.135410,479.215577,561.966062,325.933367,527.856655,511.220356,463.545351]	333
[0.626786,0.296350,0.192772,0.413000,0.398820,0.276532,0.443159]	[438.206984,430.935453,516.280782,397.749169,508.831495,514.415631,428.826823]	317
[0.329216,0.627995,0.218057,0.460275,0.312755,0.605977,0.566178]	[450.692237,356.862617,546.712608,399.984800,523.847269,513.861754,428.217752]	263
[0.407088,0.652127,0.162425,0.395267,0.343227,0.589991,0.498269]	[417.987641,358.155491,557.501870,404.701301,525.444994,512.620057,448.135118]	195
[0.469216,0.595043,0.191137,0.503791,0.483223,0.613567,0.212282]	[375.639453,404.784099,515.913858,392.003272,407.114447,519.641642,618.381429]	463
[0.403276,0.506221,0.323466,0.493742,0.484384,0.415575,0.114020]	[384.493283,418.948836,509.269484,371.483737,383.983637,515.832706,677.407288]	325
[0.408657,0.299421,0.514884,0.419527,0.568712,0.507576,0.148026]	[358.872484,436.971189,520.247539,399.534998,368.647863,507.599251,649.337521]	455
[0.314384,0.350128,0.689186,0.705851,0.502281,0.478799,0.548819]	[321.934329,393.642187,534.439895,413.425603,411.191044,510.259735,641.396924]	419
[0.406005,0.132136,0.455565,0.293074,0.549430,0.534552,0.369375]	[351.024750,470.936098,495.273960,401.895234,353.630548,514.123942,648.419597]	779
[0.534443,0.384778,0.195811,0.412464,0.518753,0.561969,0.267213]	[329.135325,397.382616,505.254054,432.626475,400.212634,520.549681,662.363932]	741
[0.258031,0.555280,0.192889,0.442454,0.609895,0.532105,0.124232]	[346.527457,412.702649,528.264835,420.597961,528.926182,517.891063,489.331895]	344
[0.208942,0.709286,0.272081,0.397688,0.612863,0.442588,0.126256]	[338.332660,392.540298,548.153993,380.393884,546.996101,517.931226,517.450362]	251
[0.464509,0.502582,0.340024,0.394706,0.609515,0.589589,0.157972]	[365.665174,377.401226,520.185170,403.297182,507.992587,518.285880,527.004066]	289
[0.494183,0.454378,0.157628,0.425417,0.510339,0.286272,0.149061]	[349.926492,385.527527,516.243609,393.405743,536.541851,524.048921,522.348535]	253
[0.535858,0.637527,0.270270,0.662966,0.740096,0.151784,0.155071]	[337.224569,398.445570,524.318117,380.772043,590.806446,517.610296,485.060376]	303
[0.616832,0.568041,0.621551,0.490774,0.341350,0.463996,0.567398]	[323.728350,359.391505,539.723197,422.758887,427.214069,515.362512,645.376154]	602
[0.254394,0.673827,0.156383,0.440568,0.485512,0.535518,0.572041]	[345.112059,360.467976,518.026683,430.328859,413.559689,514.310482,656.925621]	266
[0.403068,0.692140,0.471027,0.546037,0.663063,0.455050,0.143677]	[359.612515,378.351817,531.452015,384.271240,565.886798,515.510759,497.391308]	464
[0.490224,0.359035,0.518240,0.422202,0.552862,0.479988,0.138037]	[355.407068,422.951888,489.459374,349.831761,542.998172,518.168456,540.878432]	256
[0.484403,0.415238,0.609817,0.403431,0.611251,0.544341,0.143586]	[325.702840,355.655567,568.652903,400.530005,529.000462,517.501247,538.738864]	218
[0.421327,0.612507,0.147075,0.333433,0.714187,0.446248,0.139739]	[352.655307,383.526791,490.241526,402.483091,531.997073,517.300642,560.095878]	241
[0.488512,0.533880,0.266578,0.651495,0.625737,0.380798,0.120391]	[368.648048,364.494743,514.685736,420.023312,395.835814,518.438369,682.632521]	290
[0.440047,0.596262,0.425017,0.586760,0.619866,0.408616,0.100624]	[314.399625,331.523399,565.579548,424.160985,581.259184,516.369581,529.048194]	342
[0.403052,0.584037,0.187801,0.573178,0.562267,0.472413,0.101706]	[358.165948,380.422536,502.627714,409.714970,552.079720,514.897139,527.132442]	255
[0.501082,0.593274,0.232302,0.391916,0.735493,0.442954,0.136767]	[373.153869,306.661930,526.419515,453.287522,524.561099,519.180513,534.156639]	370
[0.470284,0.620550,0.220927,0.525118,0.656796,0.430715,0.120625]	[359.684445,326.944274,540.723448,425.916378,538.799848,520.457289,537.112495]	189
[0.463324,0.680963,0.164030,0.478756,0.626498,0.368384,0.132845]	[373.548779,363.432762,532.817762,409.965360,531.414511,526.515558,494.915320]	153
[0.284655,0.400562,0.436578,0.232260,0.434112,0.123610,0.168312]	[353.964955,435.365921,542.985369,431.714429,349.615594,514.171196,622.396414]	791
[0.304676,0.448366,0.111376,0.349906,0.532872,0.587099,0.524749]	[387.840762,374.193187,540.361877,454.800140,331.982568,512.016198,657.466589]	813
[0.274923,0.562720,0.218915,0.515318,0.425339,0.484110,0.235636]	[348.295893,419.390774,515.467130,383.506175,412.747687,514.800481,641.716605]	629
[0.443385,0.570066,0.213114,0.556065,0.584576,0.639612,0.117035]	[340.327717,387.903543,552.777549,362.590272,541.245478,518.924772,528.298035]	363
[0.475659,0.365360,0.149213,0.401154,0.623804,0.458238,0.165973]	[354.319261,388.276459,531.364877,387.917818,538.760568,519.354445,511.831486]	275
[0.459284,0.484882,0.651541,0.410147,0.479403,0.369104,0.380162]	[326.838580,362.210997,532.537086,441.809159,406.675680,517.313878,650.416930]	438
[0.318633,0.642869,0.913134,0.432960,0.460873,0.352583,0.642733]	[350.141728,384.492106,522.134178,434.064454,352.033832,511.178727,665.791550]	324
[0.245649,0.481787,0.433978,0.297593,0.495076,0.446241,0.265730]	[418.068661,344.193985,520.945644,484.499530,358.433916,513.502538,609.397895]	488
[0.209749,0.523851,0.281511,0.496882,0.613336,0.540692,0.123090]	[440.556015,412.759463,517.971425,375.001871,374.229127,511.082481,607.340869]	661
[0.239589,0.538098,0.355140,0.465223,0.796422,0.738032,0.177342]	[382.962069,410.295046,511.440184,393.262247,367.112141,515.040410,655.507671]	360
[0.300535,0.735746,0.193341,0.344689,0.546598,0.341413,0.502045]	[394.666836,396.395468,518.374731,449.561370,352.798602,515.197641,623.290611]	514
[0.371903,0.613059,0.514928,0.630656,0.544453,0.369820,0.446920]	[373.295290,372.076992,525.481456,452.465712,357.443694,515.717719,627.292847]	222
[0.367455,0.662909,0.222306,0.468616,0.536999,0.304092,0.537843]	[417.648030,382.080117,497.714366,470.341055,296.492441,512.955214,654.228395]	152
[0.362944,0.471836,0.489493,0.598778,0.434249,0.617126,0.426476]	[335.295460,434.374169,521.066513,441.186370,409.354645,518.263340,578.931519]	487
[0.408086,0.549034,0.382242,0.506728,0.488416,0.363992,0.562139]	[351.345473,404.848114,534.297190,480.620554,354.880016,508.975901,604.253261]	521
[0.347033,0.455898,0.246817,0.487444,0.445382,0.499782,0.305008]	[315.043138,430.341940,543.486068,422.289929,394.724447,511.804465,617.904542]	529
[0.441814,0.523061,0.473756,0.544845,0.539322,0.262465,0.467912]	[344.657051,409.125181,548.971572,457.982364,354.365546,517.237245,615.019023]	503
[0.508614,0.747921,0.923868,0.545254,0.405590,0.174006,0.496193]	[357.954413,415.214250,537.204741,491.567333,278.608626,511.640686,647.076216]	250
[0.538451,0.681567,0.554706,0.429785,0.339486,0.546369,0.490571]	[347.781926,412.385462,535.408695,505.947335,282.645581,514.551514,640.658240]	162
[0.405281,0.304711,0.189070,0.217274,0.355271,0.585179,0.825365]	[386.801189,416.047561,553.203027,450.395939,289.262139,515.283145,623.728300]	209
[0.524245,0.671446,0.578643,0.175175,0.329075,0.628296,0.755254]	[359.741895,411.604687,528.187648,506.275427,291.131787,517.330921,621.313554]	151
[0.294980,0.275354,0.619615,0.411241,0.608240,0.472801,0.270002]	[345.721968,469.116363,525.636565,444.270102,346.520414,516.217240,601.939833]	625
[0.302384,0.242603,0.302581,0.518320,0.778990,0.510820,0.277666]	[319.162248,455.770059,511.938475,412.899561,346.499584,516.940399,674.028388]	260
[0.447159,0.321958,0.524129,0.417121,0.585711,0.451593,0.246917]	[377.363578,461.326559,509.841882,357.025300,348.063935,511.973542,693.482479]	435
[0.196304,0.313972,0.139988,0.714221,0.433565,0.244639,0.607662]	[405.021725,412.667292,570.805459,405.516436,292.802232,513.104455,632.403407]	765
[0.278801,0.304612,0.369300,0.595662,0.489888,0.370238,0.528069]	[440.162397,415.226005,531.246254,413.105041,302.415142,514.787435,633.990711]	460
[0.269214,0.263111,0.277700,0.343898,0.521694,0.571406,0.505459]	[373.192031,456.613680,515.577750,445.180462,447.311072,509.830913,514.986419]	550
[0.252853,0.589776,0.099947,0.452854,0.355889,0.567516,0.410415]	[396.787580,383.935117,559.152389,407.931545,379.757233,512.736687,610.069190]	609
[0.240541,0.466134,0.271399,0.529592,0.601800,0.436482,0.174753]	[352.440227,494.897583,472.967566,366.194076,403.767991,510.488988,657.534123]	525
[0.470062,0.643529,0.423689,0.443474,0.580993,0.514944,0.279904]	[344.746846,417.040128,492.208388,393.271827,556.588732,519.242972,509.887212]	482
[0.533733,0.533746,0.293674,0.560297,0.578967,0.488613,0.255223]	[346.865121,427.825972,501.881205,384.911406,411.901477,513.143353,646.164500]	208
[0.444939,0.542782,0.246407,0.457679,0.568398,0.458847,0.326851]	[349.925357,389.705337,529.334986,405.880504,402.553956,513.861287,652.962952]	224
[0.451562,0.652183,0.684780,0.578680,0.621488,0.291901,0.264121]	[334.715197,385.987240,513.145666,363.816235,571.677789,518.705078,550.385978]	263
[0.479821,0.626312,0.423082,0.427289,0.569194,0.433133,0.252460]	[354.360006,386.274169,536.534180,369.677129,417.208065,515.908207,668.041891]	221
[0.571640,0.520066,0.204480,0.578706,0.446866,0.434990,0.275165]	[341.851913,340.792904,540.940114,424.126417,435.007123,511.401527,655.207980]	286
[0.471477,0.658742,0.503678,0.692450,0.489946,0.603036,0.306839]	[340.562730,380.442575,540.681384,384.390803,563.673045,515.335557,517.713552]	215
[0.477274,0.589820,0.170464,0.429772,0.647089,0.419518,0.266460]	[333.188479,381.163686,540.313308,381.408895,579.710927,517.311182,516.478048]	227
[0.445532,0.653024,0.352660,0.317652,0.587654,0.493979,0.273124]	[332.773277,373.778423,526.149594,403.086196,568.686002,522.125367,517.693499]	235
[0.445274,0.660599,0.293403,0.548231,0.573002,0.524720,0.284910]	[327.623852,346.860423,534.297266,425.826546,565.577204,520.360234,522.731511]	152
[0.522820,0.588277,0.273723,0.393544,0.563542,0.509403,0.249161]	[306.929768,356.592172,516.263105,448.536273,570.642708,519.055434,521.960927]	220
[0.554115,0.484312,0.262004,0.563193,0.440606,0.485946,0.247697]	[320.404483,393.937875,526.421620,420.901140,554.417029,509.432927,514.507217]	271
[0.448553,0.526967,0.252409,0.588603,0.652804,0.387242,0.234192]	[324.077373,362.106763,546.246336,410.217805,567.641465,513.344615,527.501410]	341
[0.399100,0.561595,0.255022,0.708786,0.540885,0.478809,0.291457]	[341.983890,352.200827,510.365824,425.825543,406.670322,524.256942,696.432243]	337
[0.504005,0.595724,0.144775,0.525275,0.418510,0.349294,0.091563]	[335.989694,314.534473,554.611920,439.447971,545.044678,508.614243,546.000009]	315
[0.541524,0.605641,0.293795,0.551264,0.582953,0.259425,0.119362]	[331.529910,392.532623,539.653224,368.423466,618.344365,529.385952,467.659138]	304
[0.444648,0.468013,0.319104,0.407866,0.533186,0.485081,0.323881]	[354.860224,321.433465,507.041342,464.193549,419.885808,522.578039,641.749511]	297
[0.589950,0.656912,0.256135,0.168820,0.488423,0.434578,0.555573]	[378.827274,400.932729,523.806975,404.052061,405.853213,511.942179,608.428223]	333
[0.413267,0.487206,0.486718,0.179391,0.515579,0.385280,0.532736]	[306.032712,347.339527,539.423462,493.412062,427.982134,518.781646,632.071379]	419
[0.489908,0.594273,0.229601,0.528790,0.593275,0.225979,0.276669]	[301.702753,338.635206,558.385299,439.443201,625.607469,530.003857,444.881744]	556
[0.415758,0.509822,0.213447,0.754852,0.546252,0.413696,0.241297]	[317.322948,374.771374,541.656214,433.637559,421.299894,524.322861,668.823421]	311
[0.466383,0.560998,0.268517,0.479719,0.575074,0.543138,0.239355]	[331.392206,388.114330,520.761852,394.117231,568.173105,518.108631,530.736894]	288
[0.273482,0.330675,0.414434,0.329949,0.565733,0.466952,0.358690]	[332.004152,399.097295,496.476508,463.219480,413.129527,515.016623,621.804466]	669
[0.210275,0.452085,0.309126,0.613332,0.589089,0.424261,0.249117]	[321.999509,400.192554,549.626170,392.054724,414.483281,524.653049,650.226223]	529
[0.491643,0.572179,0.214397,0.401062,0.462546,0.261287,0.291899]	[339.790647,419.295475,522.037725,377.784756,566.280449,524.161936,493.460080]	325
[0.538292,0.606157,0.556503,0.428675,0.591961,0.422709,0.274956]	[339.263424,348.249739,489.467265,436.526340,563.718885,522.266327,534.519074]	215
[0.393941,0.560849,0.390154,0.416386,0.560189,0.458606,0.271913]	[325.896803,379.170928,539.701237,379.175759,574.084964,524.932736,529.287252]	160
[0.459835,0.661633,0.328110,0.439352,0.552013,0.531997,0.273791]	[335.040939,383.995528,524.400301,398.601224,403.915153,513.916353,686.393566]	198
[0.209667,0.223612,0.431307,0.497106,0.521118,0.477066,0.361494]	[338.476301,521.945450,389.796279,473.645928,405.972806,518.689520,626.506061]	820
[0.430247,0.087777,0.568743,0.592510,0.528360,0.590472,0.153734]	[388.039901,443.193683,403.494941,437.060538,388.287451,512.198953,667.437579]	453
[0.287403,0.500351,0.566483,0.284789,0.473011,0.404750,0.507203]	[450.812082,489.357152,385.971380,447.019008,429.144916,521.297605,518.855986]	662
[0.581958,0.182521,0.592670,0.329533,0.414524,0.563168,0.224278]	[370.324237,505.654319,402.112572,390.985313,402.298291,515.472914,636.305889]	609
[0.525248,0.193792,0.449792,0.427455,0.467115,0.324161,0.359238]	[440.439170,519.366037,364.254764,416.828381,444.551509,517.426128,520.692197]	476
[0.507453,0.398152,0.449449,0.407782,0.439480,0.654259,0.209242]	[362.918010,531.935963,362.351398,414.514860,397.377849,511.801301,647.048611]	456
[0.605273,0.298996,0.373289,0.360246,0.499965,0.558850,0.532491]	[341.046729,532.017602,440.709538,384.701313,395.431140,511.209010,637.096914]	326
[0.595468,0.428296,0.305158,0.369058,0.466663,0.502665,0.605283]	[335.195690,529.568018,373.115028,432.146136,406.407928,516.965735,643.065323]	196
[0.587588,0.220743,0.429676,0.379756,0.484750,0.605629,0.553848]	[337.766227,518.317713,409.325611,403.445569,404.909226,518.119355,631.961616]	169
[0.571711,0.124933,0.422771,0.406381,0.431095,0.457446,0.454843]	[372.232811,541.039607,390.944878,386.138995,358.882472,518.730921,666.323332]	215
[0.535094,0.258640,0.364404,0.344934,0.342685,0.559981,0.568119]	[353.951300,527.206114,416.999102,395.944869,506.267155,511.493633,512.017038]	189
[0.294633,0.191792,0.512236,0.624195,0.675773,0.494934,0.145999]	[356.972543,522.059288,409.350571,370.824496,422.943808,512.657741,639.278146]	475
[0.561875,0.301801,0.426736,0.378378,0.607051,0.373104,0.489782]	[380.153918,533.190072,391.603479,391.618977,359.188058,517.376577,665.113767]	413
[0.238771,0.285777,0.593368,0.539603,0.644998,0.551370,0.152070]	[370.394103,500.223082,404.983528,377.876473,410.693890,518.555890,651.572209]	381
[0.469433,0.228615,0.299207,0.386098,0.613158,0.548318,0.472491]	[316.208340,558.320142,396.175168,396.901962,531.919731,519.243320,512.100980]	366
[0.441509,0.277008,0.322237,0.623436,0.516419,0.500560,0.233028]	[305.761350,523.276109,466.797315,394.978904,395.793483,516.420118,676.145455]	448
[0.691201,0.620741,0.392924,0.341802,0.581297,0.334931,0.429844]	[358.835075,518.696949,360.922813,402.585448,417.095169,513.609516,662.309029]	429
[0.569998,0.333878,0.392646,0.355913,0.519184,0.375386,0.537541]	[378.140962,514.259747,356.659891,412.621220,425.572454,517.371963,617.724353]	244
[0.508746,0.306635,0.648679,0.453610,0.536301,0.480940,0.327057]	[370.090745,522.174011,352.182524,409.368717,402.124784,526.695329,657.968681]	266
[0.749647,0.380294,0.466188,0.342982,0.536968,0.441899,0.626705]	[354.014306,529.027926,350.592558,404.890825,425.418120,518.928196,646.882824]	247
[0.651665,0.600560,0.378496,0.284418,0.493985,0.435902,0.554463]	[364.244633,534.163508,364.277522,395.168679,522.263947,513.967228,535.100419]	316
[0.466628,0.252176,0.507520,0.225905,0.619268,0.643479,0.088840]	[360.216805,501.859690,399.125203,454.139732,446.180440,512.733029,594.556576]	605
[0.361335,0.415228,0.148901,0.390360,0.562389,0.558180,0.426285]	[457.200816,491.410071,375.781498,370.622789,397.901106,510.476486,650.689358]	803
