[0.211406,0.233576,0.326795,0.375157,0.344363,0.141541,0.179890,0.163542,0.365245]	[80.030394,74.273298,72.274629,58.475560,42.836299,65.896829,64.062980,56.859994,51.408042]	831
[0.209831,0.209515,0.301345,0.380083,0.394402,0.164894,0.254088,0.157494,0.420660]	[80.158223,76.240540,71.908250,58.336906,43.712091,60.923156,65.015059,57.054119,49.489961]	384
[0.214643,0.223266,0.220346,0.375191,0.346313,0.096211,0.379345,0.197006,0.405737]	[79.302833,76.693996,69.690058,58.565671,46.318087,59.377828,64.161212,61.458520,50.010983]	345
[0.207725,0.250533,0.187593,0.371702,0.698548,0.091037,0.419474,0.164391,0.362317]	[79.651579,76.144643,71.228185,58.792233,46.491643,59.817320,61.505150,62.128739,49.952556]	257
[0.211322,0.234270,0.215560,0.374701,0.666368,0.101140,0.396626,0.170360,0.369705]	[79.780393,76.013906,70.586844,58.729250,43.864899,63.663835,62.462714,60.135292,50.205111]	136
[0.211561,0.241446,0.248212,0.365186,0.709716,0.079388,0.387968,0.175264,0.268780]	[79.299818,76.357306,71.764097,58.813946,45.385841,61.123935,58.275578,62.396317,50.461684]	152
[0.199547,0.271501,0.173339,0.378883,0.497776,0.091747,0.321645,0.334943,0.363391]	[80.454808,75.573197,70.476178,58.677198,47.070210,63.947761,72.410757,58.175706,50.283351]	473
[0.209943,0.234498,0.259546,0.370787,0.660738,0.079665,0.343409,0.314929,0.263793]	[79.422065,76.328140,72.697743,58.774026,45.621674,60.759239,65.844444,59.592647,50.537783]	336
[0.207968,0.221220,0.243089,0.365186,0.662526,0.093481,0.392191,0.206651,0.272091]	[80.290591,74.786452,71.177113,58.813946,44.514686,63.712870,60.562724,62.740844,50.464408]	278
[0.207934,0.247786,0.159487,0.374701,0.466975,0.077091,0.362822,0.358393,0.368921]	[80.220423,74.759887,69.540989,58.729250,46.464231,63.153947,70.726056,60.762734,50.084184]	509
[0.210960,0.225336,0.183989,0.367977,0.723228,0.089602,0.330961,0.333430,0.312236]	[79.488058,76.317503,71.239929,58.857492,45.378737,64.045489,68.274830,58.173382,50.191048]	337
[0.211561,0.239826,0.193748,0.372441,0.616080,0.076633,0.410115,0.197272,0.263110]	[79.299818,76.628634,71.687680,58.625107,46.047762,60.618784,59.830277,63.872027,50.590546]	264
[0.211561,0.225770,0.199960,0.373927,0.635970,0.102773,0.417662,0.180417,0.377580]	[79.299818,76.985480,70.919588,58.928879,46.811843,60.732189,60.200909,62.937142,50.523580]	168
[0.199095,0.271312,0.157476,0.375728,0.557870,0.090490,0.398334,0.372120,0.353193]	[80.365634,74.631361,70.006056,58.232713,47.289924,64.235829,70.104824,59.785980,50.433757]	513
[0.207401,0.217631,0.294080,0.375728,0.443783,0.124402,0.175412,0.389032,0.350298]	[79.684570,73.238562,71.713819,58.232713,42.780972,67.998455,64.748410,58.243266,50.610385]	617
[0.211452,0.234504,0.143988,0.372266,0.594669,0.114436,0.339925,0.334483,0.430510]	[79.831988,75.564159,70.433121,58.788484,47.415186,60.799411,71.609066,62.016524,50.011633]	587
[0.209280,0.239664,0.189390,0.374957,0.492910,0.090607,0.260833,0.324106,0.304371]	[79.610949,76.723899,71.469307,58.529864,44.989318,61.161532,65.478043,61.180117,50.571573]	346
[0.211377,0.241889,0.240808,0.370787,0.741025,0.098671,0.344816,0.179044,0.267884]	[79.757930,75.851490,69.741934,58.774026,42.957834,63.407342,62.696891,61.505664,50.363034]	303
[0.204635,0.253828,0.155021,0.371678,0.387543,0.056592,0.142359,0.262964,0.312603]	[80.454800,74.940118,70.561324,58.781110,48.658482,65.728166,61.580585,59.189869,50.424399]	588
[0.181589,0.244607,0.210463,0.375728,0.550350,0.126166,0.146798,0.435320,0.364240]	[81.456437,75.415086,70.884256,58.232713,42.158515,64.415739,67.196794,57.637089,50.924067]	672
[0.208996,0.234918,0.164731,0.371404,0.384244,0.116803,0.203267,0.347680,0.305450]	[79.891529,76.092897,71.384908,58.818372,45.241227,64.370991,65.918557,59.657921,50.440215]	512
[0.209808,0.212729,0.173859,0.366414,0.722034,0.120013,0.211892,0.329332,0.262300]	[79.395446,75.448464,70.913100,58.593442,43.515642,64.326119,66.903590,59.159782,50.566025]	230
[0.208278,0.225239,0.231174,0.357809,0.486427,0.113096,0.257683,0.358529,0.208999]	[79.992632,75.298552,70.857052,58.779414,45.231843,62.965523,70.696082,56.804293,51.185227]	197
[0.211320,0.233284,0.178508,0.375440,0.745760,0.097728,0.195683,0.321262,0.263523]	[79.895810,75.834318,71.209712,58.925192,46.103598,60.834177,65.724513,60.876672,50.385171]	257
[0.211916,0.225475,0.225702,0.357722,0.704013,0.094680,0.447326,0.204118,0.214270]	[80.114269,74.817295,70.653714,58.838948,43.391244,64.542430,62.467163,61.590758,50.527079]	308
[0.208060,0.230009,0.240747,0.372184,0.714501,0.088963,0.293179,0.326455,0.309509]	[79.760685,75.680583,71.718124,58.618126,44.217880,61.505630,68.269077,58.978618,50.243838]	284
[0.204824,0.251821,0.126403,0.372460,0.448640,0.070936,0.314310,0.310145,0.306541]	[80.337172,76.572946,70.882554,58.581162,46.482886,63.129024,68.851367,58.560429,50.539315]	237
[0.195416,0.276971,0.191276,0.369376,0.434841,0.094623,0.299167,0.311453,0.372584]	[80.307712,76.118615,70.896018,58.780793,47.186031,61.352894,66.068625,62.178112,49.906679]	305
[0.211561,0.238274,0.270000,0.371978,0.634034,0.104467,0.366671,0.182886,0.310791]	[79.299818,76.522683,71.317341,58.789255,44.825343,63.999768,60.585652,62.086457,50.033668]	326
[0.209796,0.238272,0.274912,0.365186,0.606483,0.092381,0.346673,0.176729,0.269318]	[79.397250,76.568825,71.498602,58.813946,44.601385,62.076917,62.628180,59.789115,50.492990]	150
[0.210589,0.245370,0.185831,0.370107,0.424359,0.085070,0.427050,0.335529,0.312489]	[79.290250,75.885039,68.987468,59.007237,46.092334,63.874097,69.253433,60.368943,50.446646]	480
[0.211561,0.239487,0.188825,0.371404,0.501858,0.079275,0.490666,0.312712,0.311606]	[79.299818,76.290902,71.906042,58.818372,46.127221,61.428902,67.247962,59.454244,50.372301]	318
[0.207142,0.250026,0.190150,0.371404,0.430222,0.074941,0.289630,0.290713,0.315057]	[80.453032,74.954123,70.404363,58.818372,47.385246,65.125458,65.747012,60.156836,50.283993]	356
[0.216426,0.229744,0.280699,0.378375,0.318865,0.088884,0.350152,0.173799,0.435752]	[79.643893,75.441553,72.152770,58.755773,44.228279,64.266564,59.562744,63.279605,49.322224]	471
[0.212230,0.219568,0.241095,0.365186,0.670365,0.102290,0.466490,0.189564,0.270286]	[79.426023,77.039970,71.320064,58.813946,46.084162,59.509177,63.255964,62.425142,50.384587]	251
[0.209794,0.246612,0.218533,0.369376,0.542601,0.085027,0.294186,0.316349,0.372312]	[79.483264,76.021014,72.223824,58.780793,47.483085,63.154468,66.094886,61.489620,50.050026]	371
[0.210436,0.219524,0.181658,0.371404,0.619284,0.106179,0.342259,0.189811,0.312916]	[79.448557,77.163150,72.117112,58.818372,46.607027,61.719055,59.053572,63.087133,50.285701]	333
[0.211451,0.220063,0.196931,0.365186,0.524252,0.089921,0.344650,0.334497,0.264536]	[79.836796,76.030646,70.551430,58.813946,46.810595,61.081796,70.655896,58.464099,50.280587]	276
[0.214549,0.229750,0.157501,0.374825,0.642275,0.088341,0.293204,0.389254,0.348158]	[79.622644,75.759522,70.860688,58.735705,45.812185,61.743874,71.191466,59.541856,50.085058]	328
[0.211561,0.236314,0.295730,0.373927,0.595276,0.110221,0.173553,0.325962,0.380270]	[79.299818,76.495757,71.484801,58.928879,43.935904,62.342750,68.782472,58.305779,49.894291]	289
[0.211561,0.225006,0.272123,0.376003,0.699441,0.113881,0.202174,0.326660,0.376988]	[79.299818,75.853113,71.139134,58.641998,41.814621,63.023911,68.683290,58.408117,50.110301]	261
[0.203767,0.259572,0.191695,0.370846,0.637536,0.093909,0.281723,0.343648,0.370222]	[80.337069,76.104012,71.414746,58.480492,45.164474,64.063232,68.152570,58.332626,50.446979]	295
[0.212916,0.229558,0.173485,0.372157,0.561671,0.095077,0.276300,0.357696,0.363905]	[79.335912,76.195391,70.285429,58.693364,46.346201,60.763669,72.992383,56.351093,50.183046]	187
[0.209675,0.234249,0.285785,0.365186,0.741367,0.088752,0.216199,0.329089,0.271489]	[79.471102,76.187097,71.270612,58.813946,43.690386,60.355856,67.985696,59.349294,50.414630]	188
[0.202762,0.256032,0.248889,0.371404,0.548383,0.094432,0.344688,0.342916,0.315549]	[80.075873,75.905883,70.712835,58.818372,46.533752,60.920465,69.836372,61.633541,50.648973]	410
[0.209910,0.217777,0.191206,0.376808,0.708589,0.107531,0.251377,0.326467,0.369811]	[79.298090,77.250546,71.649071,58.530215,45.561458,60.089139,66.730686,60.836129,50.213458]	340
[0.208397,0.247725,0.196444,0.376738,0.524951,0.089581,0.269665,0.328824,0.423392]	[79.606846,75.800808,71.477293,58.281503,46.739230,61.548591,66.974110,58.962513,50.286478]	206
[0.211561,0.238174,0.198711,0.371404,0.452927,0.088311,0.282915,0.365497,0.314526]	[79.299818,76.282323,71.346211,58.818372,46.809680,62.011583,73.005030,53.188726,50.256384]	186
[0.211561,0.237387,0.193855,0.374701,0.536185,0.090122,0.227214,0.322182,0.370524]	[79.299818,76.403457,70.974223,58.729250,47.097438,60.514567,65.969814,60.593132,50.308485]	187
[0.208966,0.237569,0.280248,0.374701,0.585746,0.116307,0.182945,0.366758,0.375011]	[79.958739,75.248330,71.268634,58.729250,44.016325,63.976303,70.677878,54.814071,50.151789]	246
[0.210274,0.240061,0.289152,0.370107,0.689131,0.086876,0.195329,0.336514,0.315137]	[79.478640,75.202844,71.302823,59.007237,43.322556,62.634200,69.678304,58.065061,50.225684]	247
[0.209910,0.235422,0.257380,0.369376,0.486702,0.095390,0.266687,0.362292,0.376833]	[79.298090,76.436350,70.725458,58.780793,46.909297,58.610795,71.603026,59.068938,50.092265]	249
[0.211561,0.236882,0.243110,0.374701,0.771142,0.095164,0.162789,0.328941,0.379711]	[79.299818,76.386178,70.742536,58.729250,42.701209,60.325267,69.624527,59.535543,50.429712]	288
[0.211561,0.216965,0.287006,0.375363,0.633194,0.110158,0.193968,0.323747,0.366290]	[79.299818,75.983990,71.239323,58.483744,42.177240,63.099503,67.558740,58.978614,50.252412]	305
[0.203867,0.257946,0.231272,0.372184,0.654109,0.083218,0.315356,0.327608,0.316801]	[79.624942,76.209468,70.596126,58.618126,46.253862,63.498752,64.244233,63.007302,50.259977]	483
[0.210691,0.231122,0.291274,0.371978,0.755175,0.102644,0.246490,0.322709,0.294813]	[79.335885,76.436718,73.134775,58.789255,43.807607,63.152119,66.496504,60.231733,49.597923]	304
[0.204602,0.259930,0.167900,0.373115,0.492851,0.080310,0.245518,0.330104,0.362316]	[79.916455,76.010926,71.217937,58.696765,45.916665,61.904485,66.016692,58.801821,49.894129]	230
[0.211538,0.233607,0.269404,0.365186,0.685385,0.085615,0.369052,0.205567,0.270751]	[79.694068,76.180441,71.655970,58.813946,45.801915,62.208413,61.577913,62.402569,50.202087]	252
[0.214276,0.230431,0.276088,0.374158,0.433167,0.092804,0.369776,0.172462,0.414029]	[79.616056,76.341974,71.378734,58.789802,45.525105,60.554681,60.151595,63.094624,49.712714]	208
[0.205466,0.248422,0.205536,0.373927,0.620192,0.103923,0.308099,0.393883,0.372471]	[79.617307,75.933115,71.201938,58.928879,47.235942,63.439338,71.138500,57.664104,50.063853]	449
[0.209624,0.232658,0.185275,0.368114,0.554490,0.102340,0.193831,0.329029,0.264553]	[79.917090,75.690636,71.393375,58.508412,43.065665,63.877091,68.036068,58.258361,50.591426]	330
[0.212652,0.224156,0.179994,0.372157,0.607884,0.083835,0.271914,0.343896,0.365341]	[79.846540,75.614620,71.606265,58.693364,44.862715,63.710535,65.582482,60.124947,50.323994]	206
[0.209502,0.234500,0.288540,0.371744,0.704166,0.097931,0.247890,0.315290,0.366484]	[79.949781,76.333286,71.931094,58.727806,45.761848,61.151037,67.846266,58.707525,49.723929]	184
[0.209691,0.225857,0.128243,0.379091,0.559008,0.089359,0.294757,0.363995,0.461018]	[79.492951,75.943737,71.293680,58.715222,47.199212,62.214952,68.520584,57.613532,49.791769]	191
[0.215522,0.218260,0.194387,0.374701,0.462982,0.087703,0.257210,0.337414,0.366714]	[79.511528,75.198939,70.949870,58.729250,46.984572,60.227271,68.485608,58.303376,50.240334]	230
[0.199695,0.265124,0.193922,0.371694,0.604872,0.099682,0.266377,0.419847,0.372725]	[80.167243,75.775625,70.460007,59.521240,46.280898,61.975437,73.274092,57.968306,49.446279]	338
[0.210249,0.227543,0.292572,0.367004,0.609034,0.112889,0.180414,0.317754,0.269958]	[79.625267,76.534865,71.126970,59.145467,42.453261,61.373555,68.340086,58.996843,49.661536]	413
[0.206482,0.242480,0.345403,0.370453,0.772287,0.112058,0.145528,0.354273,0.276818]	[79.315062,75.971444,72.986231,58.700370,42.657128,63.120397,67.253110,59.380903,49.477395]	385
[0.208486,0.217210,0.287981,0.365186,0.514033,0.110550,0.198847,0.391315,0.264794]	[80.091102,74.300573,71.100408,58.813946,46.276504,62.627679,68.359175,59.001396,50.468971]	347
[0.211334,0.231535,0.240934,0.373474,0.620379,0.106912,0.211169,0.323673,0.371666]	[79.669183,75.969674,70.753634,59.516102,44.451371,62.924354,68.663357,58.787343,49.644829]	242
[0.215522,0.215631,0.307043,0.374701,0.742643,0.110846,0.173602,0.331111,0.368169]	[79.511528,75.219815,71.334213,58.729250,43.856833,62.183426,69.940465,58.638211,49.861975]	171
[0.210128,0.239631,0.253770,0.371978,0.822824,0.128892,0.132745,0.346136,0.309994]	[79.395580,75.879422,71.592056,58.789255,41.901348,63.278873,70.683271,56.015093,50.261129]	354
[0.209808,0.215715,0.268274,0.374062,0.780752,0.118742,0.169068,0.323531,0.360953]	[79.395446,75.845461,71.507278,58.412582,44.516540,61.647383,68.831200,57.822499,50.243410]	251
[0.202729,0.254117,0.178425,0.367347,0.565193,0.098949,0.194740,0.323091,0.313449]	[80.434040,75.056347,71.010328,59.126962,45.563695,60.646684,68.895508,57.700327,49.977900]	298
[0.201781,0.234467,0.156357,0.377072,0.714863,0.123238,0.226126,0.358958,0.352830]	[79.836540,75.664427,71.071039,58.242801,46.835334,61.988511,69.363692,57.121852,50.596950]	197
[0.208206,0.234103,0.192654,0.374701,0.517594,0.095505,0.242160,0.346440,0.369722]	[79.316342,76.137978,71.465793,58.729250,44.966874,64.161255,66.818435,58.583427,50.316284]	184
[0.212149,0.210926,0.241347,0.374733,0.517067,0.130445,0.310134,0.300138,0.367184]	[79.611795,75.336362,70.256551,58.818697,46.066816,59.623139,68.613151,61.382848,49.875988]	263
[0.209933,0.234122,0.190099,0.369376,0.485355,0.114575,0.311093,0.188644,0.365374]	[79.429468,76.429684,71.172272,58.780793,47.285422,63.651866,59.984210,61.410665,50.046758]	318
[0.211181,0.238081,0.234834,0.374957,0.712742,0.110363,0.320711,0.171579,0.308708]	[79.782409,75.927102,71.315671,58.529864,43.062442,66.993504,58.720417,61.351752,50.435213]	197
[0.201101,0.264061,0.173947,0.376317,0.510044,0.090957,0.320583,0.396155,0.356213]	[79.874177,75.679439,70.859868,58.291610,46.811467,60.734978,74.313593,57.859115,50.165386]	487
[0.208583,0.240468,0.288514,0.369676,0.544759,0.099938,0.209408,0.321878,0.313433]	[79.796972,76.070895,71.177317,58.899842,43.309729,65.278836,67.122852,58.023969,50.271375]	290
[0.210894,0.233216,0.173445,0.372145,0.578823,0.105924,0.217866,0.320292,0.363277]	[79.488017,77.612623,70.838228,58.733871,45.027180,58.827059,68.460801,59.020140,50.047244]	213
[0.208877,0.220832,0.175307,0.374957,0.649175,0.120226,0.205596,0.337181,0.312373]	[79.383361,75.279259,71.209388,58.529864,45.364810,62.312789,67.919146,58.245223,50.812545]	221
[0.208278,0.229993,0.238295,0.379707,0.734912,0.106316,0.228868,0.359039,0.375146]	[79.992632,75.322512,70.375005,58.630851,45.760490,61.976312,70.295051,58.938070,50.134357]	287
[0.210113,0.232050,0.300769,0.371404,0.708203,0.109795,0.190150,0.323955,0.309210]	[79.273686,76.406770,71.383529,58.818372,41.545293,62.450651,70.080834,59.160430,49.950123]	225
[0.212230,0.212563,0.267356,0.376458,0.733597,0.124887,0.176933,0.330542,0.370484]	[79.426023,75.560379,71.519072,58.573440,42.211075,64.664666,68.594765,57.334561,50.499171]	302
[0.211320,0.215313,0.282556,0.378333,0.592125,0.124185,0.157768,0.330281,0.460445]	[79.895810,76.641294,71.669168,58.594696,43.831828,60.498539,66.637090,60.617327,49.886068]	342
[0.209590,0.228182,0.308632,0.365186,0.737446,0.158911,0.142391,0.339993,0.265503]	[80.062822,75.551986,72.040871,58.813946,43.295775,66.541317,70.198103,55.148693,50.345478]	301
[0.212128,0.226561,0.324633,0.369376,0.563660,0.142330,0.104521,0.310946,0.363498]	[79.808460,75.701381,71.976799,58.780793,45.935675,60.255058,67.588971,60.525635,50.093820]	363
[0.202610,0.253303,0.324633,0.369376,0.542184,0.140667,0.098759,0.310854,0.366767]	[80.149518,74.939939,71.976799,58.780793,44.478046,60.659523,66.524240,60.495636,50.445357]	193
[0.209892,0.250011,0.101059,0.374015,0.535669,0.102590,0.090161,0.356753,0.416560]	[79.630406,76.058452,73.004959,58.880400,46.091280,61.009546,69.468928,57.645497,49.617846]	389
[0.210888,0.240808,0.268115,0.372157,0.378988,0.153037,0.089482,0.324972,0.348382]	[79.741416,75.720523,72.169895,58.693364,44.842441,62.763908,66.381871,60.441771,51.178648]	287
[0.210888,0.219720,0.344480,0.369376,0.545806,0.154926,0.109412,0.317909,0.350239]	[79.741416,75.577090,72.747784,58.780793,41.116121,62.371179,66.659832,60.190979,51.564102]	173
[0.210444,0.235347,0.269790,0.371404,0.552535,0.115114,0.127215,0.333097,0.299075]	[79.504312,75.270506,71.331527,58.818372,42.298178,63.880745,68.175469,59.217700,50.577582]	232
[0.209526,0.228434,0.306562,0.369676,0.683070,0.154802,0.160793,0.342008,0.308096]	[79.218613,75.699947,72.071457,58.899842,44.545633,62.821371,69.928910,57.276619,50.086139]	380
[0.209770,0.218831,0.292209,0.371404,0.514856,0.161674,0.121348,0.317415,0.308141]	[79.737420,75.039718,72.038790,58.818372,42.379797,64.571367,67.618654,58.880366,50.252560]	281
[0.200968,0.268469,0.125350,0.372184,0.385922,0.084086,0.306731,0.347688,0.298424]	[79.643049,75.589489,70.449276,58.618126,46.139089,60.893363,71.582526,60.064478,50.509478]	521
[0.210691,0.230673,0.127968,0.372157,0.529675,0.091392,0.300729,0.330028,0.361685]	[79.335885,76.318286,71.341664,58.693364,47.189894,62.329881,66.468071,60.056698,50.104894]	286
[0.210113,0.233106,0.252131,0.374701,0.782128,0.091669,0.247701,0.338572,0.380297]	[79.273686,76.407715,70.865802,58.729250,46.017730,61.269769,66.669081,59.786420,50.206277]	165
[0.199797,0.255712,0.195314,0.372157,0.507379,0.088126,0.263079,0.324157,0.366271]	[80.039709,75.875631,71.177256,58.693364,47.184811,60.210580,68.199583,57.881191,49.785101]	204
[0.206048,0.239564,0.257044,0.371404,0.618090,0.085823,0.317723,0.361331,0.320232]	[79.533893,75.299515,70.891998,58.818372,46.019515,60.951544,70.859979,57.866170,50.812024]	232
[0.211805,0.213050,0.163512,0.369676,0.502357,0.109490,0.245653,0.341146,0.315003]	[79.473138,75.483229,71.187234,58.899842,45.402805,63.650420,67.570236,58.235374,50.093953]	200
[0.212093,0.226652,0.124319,0.372157,0.518700,0.095859,0.299617,0.382196,0.361087]	[79.697401,77.063368,70.392628,58.693364,47.916529,61.550465,71.688126,56.541595,50.259931]	203
[0.211682,0.234516,0.278912,0.374733,0.730675,0.120184,0.162274,0.320651,0.377495]	[79.208641,77.616737,70.991797,58.818697,41.293617,63.076287,66.060247,60.496905,50.443539]	309
[0.198518,0.251489,0.280229,0.369376,0.670521,0.137749,0.176527,0.343755,0.368690]	[80.107604,76.092202,70.951705,58.780793,43.539198,64.769570,69.163357,57.157683,49.944710]	263
[0.209883,0.233010,0.307124,0.372184,0.542473,0.123797,0.120250,0.334375,0.290694]	[79.409561,77.261849,71.862589,58.618126,43.537667,61.002675,67.903436,59.888016,50.358197]	354
[0.209933,0.241872,0.255812,0.375575,0.528512,0.119216,0.121267,0.338928,0.299028]	[79.429468,75.444375,71.686147,58.677070,42.361725,63.108821,67.796982,60.010735,50.176703]	185
[0.209631,0.220670,0.260987,0.371404,0.641882,0.127768,0.148502,0.331479,0.312426]	[79.518801,76.038796,70.947487,58.818372,41.597522,61.606290,69.911286,58.404232,49.831177]	305
[0.212379,0.212289,0.270417,0.375575,0.683945,0.141628,0.146180,0.325607,0.304688]	[79.918462,76.028199,71.043459,58.677070,42.325244,61.817988,69.093688,58.643008,50.280012]	188
[0.211635,0.218465,0.308668,0.375575,0.763777,0.149826,0.145153,0.314523,0.303686]	[79.657106,75.557898,71.901575,58.677070,42.476161,65.140155,66.698034,58.834196,50.436319]	215
[0.212020,0.237493,0.257082,0.371404,0.504070,0.095903,0.281078,0.324825,0.299761]	[79.882285,75.575988,70.451146,58.818372,45.120158,59.694255,68.905448,62.923237,51.242777]	408
[0.209933,0.241053,0.202112,0.374080,0.708182,0.097142,0.239065,0.334375,0.427038]	[79.429468,76.284498,70.938176,59.056407,46.875318,61.169712,65.795709,60.941186,49.888506]	283
[0.205506,0.255176,0.202552,0.373927,0.663462,0.094921,0.220779,0.317174,0.374187]	[80.320385,75.309699,70.895761,58.928879,46.713594,61.792640,67.706048,58.073060,49.863161]	183
[0.212452,0.232905,0.252866,0.371404,0.589020,0.101892,0.356863,0.190552,0.307168]	[79.556279,75.774254,71.154050,58.818372,41.923053,63.532969,61.093980,61.858111,49.905412]	360
[0.209518,0.237483,0.199536,0.374825,0.611033,0.086651,0.273715,0.332402,0.348742]	[79.452229,76.169172,72.246796,58.735705,45.679125,62.983876,66.805304,56.671283,50.360002]	335
[0.211327,0.222817,0.185512,0.371978,0.434815,0.093389,0.351163,0.332133,0.311869]	[79.693915,75.634248,70.887426,58.789255,47.512299,61.586871,68.493413,58.419903,49.806455]	204
[0.212528,0.227925,0.208592,0.372184,0.420917,0.089042,0.307655,0.345256,0.313471]	[79.575610,76.234997,71.625779,58.618126,45.937101,62.384499,67.453351,59.207476,50.810032]	273
[0.210113,0.234802,0.181901,0.372320,0.666197,0.085477,0.276766,0.318879,0.316629]	[79.273686,76.349012,71.406834,58.798529,45.634169,60.516112,69.001553,58.113599,50.242704]	196
[0.200793,0.248300,0.172348,0.372157,0.665048,0.112969,0.286468,0.334323,0.369265]	[79.942160,76.458324,70.109651,58.693364,44.205510,63.920420,71.519996,54.906133,50.063704]	227
[0.209946,0.219325,0.281183,0.372585,0.601487,0.115540,0.224274,0.351153,0.307078]	[79.498222,75.378939,71.259462,58.590853,47.024783,61.899254,68.544124,57.257802,50.189201]	221
[0.210879,0.211469,0.289296,0.377372,0.597200,0.133177,0.196341,0.328054,0.408389]	[79.857165,75.747282,71.352792,58.559460,44.354602,63.478238,66.912741,58.305260,50.181368]	227
[0.212020,0.240590,0.242621,0.371404,0.673866,0.084552,0.304971,0.337764,0.316243]	[79.882285,76.025903,69.982913,58.818372,45.941627,60.929494,68.682471,62.298586,50.128640]	390
[0.191503,0.268073,0.199034,0.365186,0.715872,0.087363,0.161569,0.374939,0.268424]	[80.959844,72.906228,70.774391,58.813946,42.870103,67.520287,63.690951,60.032045,50.611335]	581
[0.204348,0.248737,0.297141,0.365186,0.527302,0.132320,0.223455,0.269560,0.263864]	[79.966733,74.968636,71.679477,58.813946,44.803920,65.702213,66.163383,56.952232,50.243747]	505
[0.213642,0.220823,0.187836,0.372741,0.582775,0.115824,0.237117,0.333085,0.350648]	[79.579609,75.650994,71.038486,59.023434,46.917358,62.211106,68.868464,57.185400,50.483181]	389
[0.203767,0.258216,0.195735,0.374701,0.595416,0.094054,0.279802,0.320648,0.367934]	[80.337069,75.697890,71.862229,58.729250,44.919312,64.176856,65.349876,60.436730,50.356267]	152
[0.210287,0.226504,0.185550,0.376911,0.632566,0.085785,0.272277,0.353298,0.404068]	[79.720795,75.872160,71.160683,58.863383,45.578027,63.948097,68.631432,57.258969,49.928438]	203
[0.210113,0.221440,0.227692,0.372184,0.520660,0.119874,0.207789,0.314505,0.319736]	[79.273686,76.962390,70.721974,58.618126,43.586010,62.398994,65.391276,60.306255,50.591101]	269
[0.211424,0.235395,0.256627,0.371404,0.570051,0.086874,0.281466,0.349891,0.320451]	[79.141419,76.614259,71.220048,58.818372,45.966259,63.501603,68.563863,57.357489,50.780005]	258
[0.210113,0.232832,0.282177,0.375038,0.742719,0.102164,0.195687,0.315459,0.436126]	[79.273686,76.528656,70.592637,58.442057,43.611123,62.171181,66.993848,58.888700,50.370897]	252
[0.204039,0.259763,0.224516,0.372184,0.500980,0.077558,0.326264,0.346634,0.314273]	[80.500776,74.682122,70.454522,58.618126,45.186338,63.627490,67.232061,61.088256,50.671348]	402
[0.211286,0.195781,0.309262,0.369376,0.456439,0.114095,0.155200,0.388348,0.361841]	[80.321668,71.859735,71.153668,58.780793,42.562497,68.277535,67.163614,58.527155,50.044328]	621
[0.208688,0.254293,0.143219,0.371678,0.455440,0.124625,0.156326,0.318621,0.305540]	[80.054879,74.959510,71.663410,58.781110,45.581789,64.262228,65.497423,60.451519,50.718773]	488
[0.210564,0.211998,0.285304,0.365186,0.455507,0.136547,0.209784,0.320763,0.263873]	[79.702836,76.478324,71.167582,58.813946,47.188566,61.467495,68.439450,56.385411,50.567627]	367
[0.209933,0.237996,0.279075,0.372266,0.664921,0.117660,0.190380,0.323766,0.429356]	[79.429468,77.266754,70.762658,58.788484,42.757489,63.287408,67.208378,60.538448,49.955207]	284
[0.209894,0.241691,0.184215,0.375045,0.702188,0.091677,0.205491,0.365474,0.356561]	[79.392276,75.516396,70.875903,58.428240,45.299703,61.421621,70.360775,58.318212,50.425066]	204
[0.210603,0.215210,0.171874,0.365186,0.776490,0.118678,0.204540,0.306639,0.268411]	[79.797119,76.158892,70.827275,58.813946,42.294096,59.789984,68.127377,60.783143,50.454926]	278
[0.205108,0.254242,0.172912,0.371404,0.601185,0.077742,0.404559,0.355853,0.316787]	[79.860138,75.849464,69.246767,58.818372,45.896343,62.908187,69.029353,60.528530,50.845328]	497
[0.209681,0.226812,0.282333,0.371404,0.496559,0.100729,0.227080,0.358526,0.313696]	[79.223095,77.179289,72.231800,58.818372,45.146849,61.518830,66.902884,59.651349,50.276984]	345
[0.209933,0.249827,0.289571,0.371404,0.577834,0.092588,0.235491,0.308990,0.276740]	[79.429468,75.996589,73.605828,58.818372,43.055106,62.171829,68.162246,58.815556,49.745162]	275
[0.210715,0.246608,0.264792,0.372184,0.756867,0.097213,0.183101,0.355034,0.292452]	[79.648734,75.717906,73.017197,58.618126,46.502589,61.937480,67.202318,59.318868,49.119154]	287
[0.208793,0.252690,0.314266,0.384169,0.804756,0.087502,0.178150,0.340837,0.328874]	[79.675195,76.241935,73.451789,57.810383,45.260603,61.792046,62.435964,58.198126,48.957068]	195
[0.211561,0.238966,0.242171,0.372959,0.564710,0.112177,0.200563,0.338775,0.313737]	[79.299818,76.320281,71.380186,58.342415,46.154178,61.306400,66.995515,59.223920,50.776694]	320
[0.204872,0.239833,0.166960,0.374352,0.324902,0.099585,0.354322,0.349798,0.300062]	[79.731823,76.441562,70.073466,58.288823,46.591511,64.461615,68.769698,58.299141,50.496656]	244
[0.209796,0.237084,0.257138,0.374957,0.687006,0.082019,0.261853,0.322279,0.314554]	[79.397250,76.190309,71.252904,58.529864,46.447910,59.622445,69.474712,57.534399,50.516359]	231
[0.208762,0.247514,0.217517,0.372266,0.600316,0.085969,0.310434,0.341125,0.431536]	[79.638136,74.986872,69.611726,58.788484,46.325304,63.658132,69.461507,61.147199,49.858373]	415
[0.169117,0.331973,0.300121,0.368616,0.821939,0.092821,0.175206,0.379391,0.309504]	[81.724676,72.801566,71.541896,58.937999,45.919445,61.803254,65.059001,60.051440,49.273186]	648
[0.202029,0.243238,0.186740,0.370741,0.614586,0.089044,0.243427,0.352170,0.362453]	[79.594962,75.755957,71.114282,58.789962,46.135971,61.596447,68.192184,60.315432,50.072425]	691
[0.208762,0.237907,0.282282,0.365186,0.590110,0.102426,0.200878,0.314444,0.272370]	[79.841731,75.825961,70.197521,58.813946,43.109642,64.275076,67.379151,60.105564,50.443490]	354
[0.209933,0.238822,0.291163,0.373927,0.530834,0.100162,0.187052,0.334624,0.374270]	[79.429468,76.417064,71.596725,58.928879,42.627635,62.575177,70.101414,56.602044,49.764937]	275
[0.205198,0.247167,0.192190,0.371149,0.425527,0.085516,0.282955,0.341232,0.372055]	[80.196653,75.725098,70.722066,58.680776,46.346025,61.726033,68.815667,57.777022,50.315023]	245
[0.210966,0.226487,0.271860,0.370774,0.701576,0.089545,0.282798,0.304402,0.317950]	[79.287541,77.810750,70.921214,58.838742,44.982404,60.095740,67.471424,59.774734,50.298316]	222
[0.200027,0.263394,0.168286,0.369376,0.683404,0.090570,0.285707,0.339118,0.372428]	[80.148830,76.207067,70.698959,58.780793,46.726744,61.222476,70.085527,57.616980,50.090445]	232
[0.208486,0.240793,0.236306,0.372585,0.511839,0.084767,0.256671,0.326641,0.312339]	[79.920755,76.799735,71.024034,58.590853,46.073771,57.844915,68.932030,59.160633,50.364677]	185
[0.207890,0.244555,0.133597,0.373873,0.537563,0.079387,0.299771,0.392897,0.301882]	[79.386634,76.064236,70.091733,58.635060,46.855872,61.218019,74.058183,57.373193,50.721393]	304
[0.210804,0.227390,0.202682,0.371404,0.459066,0.086166,0.285526,0.349391,0.312755]	[79.534446,75.800963,71.515426,58.818372,45.591982,61.438563,66.518613,60.379906,50.516967]	243
[0.212666,0.228913,0.166032,0.372877,0.473601,0.086215,0.281678,0.370806,0.318506]	[79.365040,76.004358,71.068478,58.834189,46.572384,62.641040,72.502092,52.835485,50.270971]	218
[0.212573,0.217206,0.193466,0.369676,0.520456,0.093054,0.227784,0.324582,0.312773]	[79.581316,76.157373,71.254118,58.899842,46.873978,60.972449,67.101623,58.323721,49.914227]	196
[0.203794,0.257887,0.166419,0.374080,0.496345,0.079568,0.364871,0.350122,0.429885]	[79.682057,75.680415,69.040115,59.056407,46.106844,62.367369,70.061800,60.954467,49.854219]	446
[0.208391,0.222103,0.274775,0.375575,0.591849,0.122201,0.185838,0.359192,0.309668]	[79.960976,76.227729,71.091781,58.677070,45.717079,61.308356,67.699816,59.624463,50.376276]	386
[0.212019,0.238835,0.160844,0.365186,0.635377,0.100069,0.385762,0.210753,0.267699]	[79.130971,75.482701,70.902985,58.813946,42.678465,64.456062,61.099619,62.870412,50.370647]	401
[0.203038,0.262148,0.187454,0.375157,0.330782,0.073104,0.291373,0.361941,0.429817]	[80.692291,74.637055,70.478527,58.475560,45.632312,62.402579,71.777721,58.180138,50.335310]	452
[0.206937,0.237710,0.201473,0.375575,0.473431,0.088029,0.258339,0.333632,0.305359]	[79.757875,75.862532,71.022473,58.677070,45.764379,61.232830,67.134500,59.847084,50.752942]	289
[0.215522,0.216434,0.265285,0.366850,0.532452,0.091771,0.302119,0.307082,0.272812]	[79.511528,75.225576,70.947599,59.009287,43.313902,62.322048,70.812570,56.990630,50.336756]	286
[0.210037,0.242041,0.296443,0.365186,0.591163,0.104028,0.199784,0.213797,0.269542]	[79.392159,75.689812,71.412052,58.813946,41.015450,59.231761,69.648892,55.877535,50.566433]	338
[0.213079,0.232130,0.294469,0.375287,0.390564,0.085613,0.212104,0.221021,0.413055]	[79.633495,75.316925,71.192575,59.327055,41.432798,59.031312,70.229956,56.486996,49.245539]	226
[0.210762,0.238717,0.301518,0.365186,0.740823,0.105833,0.191817,0.216917,0.267099]	[79.653264,75.457234,71.663797,58.813946,41.549209,59.138303,69.071169,56.267933,50.027656]	231
[0.215038,0.230148,0.303519,0.381264,0.382643,0.092532,0.170541,0.216928,0.435231]	[79.638693,75.093553,71.771106,58.280306,42.077591,58.239228,68.050252,56.373230,49.790381]	174
[0.211807,0.226017,0.295576,0.370787,0.701630,0.093426,0.188506,0.221450,0.258792]	[79.487361,75.551470,71.759476,58.774026,42.024835,57.935123,67.899865,58.480095,49.882262]	234
[0.215383,0.229164,0.318726,0.371694,0.423543,0.113811,0.145306,0.214428,0.357640]	[79.525826,75.424612,71.907743,59.521240,42.178117,59.907475,71.768545,52.742181,49.210994]	297
[0.211359,0.235249,0.316150,0.365186,0.651540,0.099349,0.172216,0.211058,0.263326]	[79.540922,74.955814,71.671081,58.813946,42.570112,57.744485,71.075240,55.399146,50.222456]	261
[0.209867,0.234727,0.306597,0.375575,0.678461,0.097039,0.170921,0.213554,0.298765]	[79.423437,75.491518,71.729546,58.677070,41.828753,60.397205,68.673934,56.188865,50.131030]	123
[0.209867,0.230512,0.299286,0.373927,0.715132,0.100681,0.180136,0.219710,0.361146]	[79.423437,75.613749,71.678150,58.928879,41.350517,59.066249,66.152286,58.855939,49.662510]	94
[0.211535,0.245736,0.255655,0.371678,0.477417,0.083238,0.283938,0.356481,0.304926]	[79.513912,75.863283,71.257923,58.781110,46.641984,63.106258,69.619788,59.079568,49.846811]	579
[0.211561,0.236472,0.163242,0.373619,0.679175,0.088775,0.292262,0.329916,0.353522]	[79.299818,76.441643,70.775321,58.393368,47.100575,61.807392,66.813612,60.083339,49.966191]	254
[0.207401,0.243453,0.237899,0.370787,0.740033,0.092485,0.395791,0.227449,0.265627]	[79.684570,76.167489,70.288542,58.774026,43.305856,60.647701,63.917657,63.482775,50.292301]	304
[0.210591,0.231445,0.272270,0.371404,0.613187,0.088799,0.304122,0.319088,0.321893]	[79.641593,75.339061,72.701049,58.818372,45.227259,63.325443,66.597441,58.189150,50.288184]	343
[0.205848,0.250659,0.222157,0.371404,0.714535,0.075195,0.372392,0.356088,0.322144]	[80.356276,74.934728,70.481592,58.818372,45.240229,64.170313,66.758754,60.660295,50.283529]	372
[0.209016,0.205786,0.131226,0.371702,0.540197,0.131724,0.196758,0.329104,0.352506]	[79.618751,74.844886,71.766802,58.792233,42.546970,66.576940,62.815142,60.100337,49.961321]	625
[0.199995,0.271873,0.117651,0.375011,0.563951,0.076351,0.325067,0.347001,0.351742]	[80.295374,74.977978,69.963004,58.338302,45.817280,60.710603,71.088537,61.183898,50.378307]	569
[0.209604,0.213161,0.193497,0.373619,0.436739,0.117219,0.245184,0.338775,0.361766]	[79.463691,75.572392,71.086871,58.393368,46.014058,63.426084,66.257063,60.405198,50.384137]	309
[0.210275,0.229944,0.186209,0.369676,0.692208,0.098478,0.237871,0.333826,0.317583]	[79.403122,77.376699,71.322797,58.899842,46.864125,58.857357,67.712939,59.321194,49.931875]	224
[0.206426,0.246386,0.203605,0.371404,0.632085,0.081571,0.359688,0.332689,0.313807]	[80.215301,76.618366,70.254713,58.818372,46.123038,62.990150,68.414785,58.642246,50.314777]	274
[0.209247,0.228359,0.180370,0.373927,0.462797,0.093687,0.283690,0.357464,0.373844]	[79.225939,76.159140,71.552487,58.928879,47.110081,62.560249,66.658257,60.126131,50.069716]	213
[0.211561,0.239914,0.241395,0.365186,0.738368,0.096323,0.295355,0.231021,0.269661]	[79.299818,76.194592,69.982976,58.813946,43.728201,64.068435,63.928580,63.415429,50.281876]	324
[0.210246,0.240814,0.261123,0.370787,0.750072,0.086059,0.410044,0.187447,0.262314]	[79.513652,76.383354,72.669343,58.774026,44.732724,61.835733,60.212696,61.258298,50.204078]	205
[0.208625,0.253172,0.162415,0.372184,0.464780,0.079732,0.283223,0.278529,0.312841]	[79.421908,75.594876,70.910925,58.618126,47.956414,64.126185,62.408595,60.780484,50.396872]	443
[0.211901,0.216038,0.188709,0.371404,0.468483,0.120350,0.414627,0.167432,0.317271]	[79.354515,75.987374,70.175835,58.818372,44.188115,65.008688,61.358502,62.954800,50.496915]	418
[0.209933,0.245287,0.239186,0.365928,0.726278,0.087638,0.409756,0.172098,0.210596]	[79.429468,75.491567,71.655394,59.233191,43.772116,61.406270,59.253123,63.618395,50.051281]	215
[0.208996,0.244172,0.176579,0.372184,0.514478,0.086174,0.298462,0.422350,0.311653]	[79.380192,75.891623,69.861998,58.618126,46.173504,63.863663,74.012422,57.781933,50.587467]	511
[0.211561,0.221123,0.310673,0.369376,0.545435,0.122125,0.189955,0.340531,0.361902]	[79.299818,72.607571,73.221349,58.780793,42.681366,66.996144,63.482573,60.683863,50.180169]	569
[0.209358,0.252059,0.223378,0.369376,0.545654,0.099589,0.343367,0.339163,0.369301]	[79.783675,74.698787,70.517675,58.780793,45.155239,63.304494,69.834914,61.496399,50.378825]	498
[0.209796,0.237512,0.209021,0.372184,0.525492,0.088093,0.266888,0.321812,0.312607]	[79.397250,76.448149,71.518843,58.618126,46.947645,61.265881,65.926697,60.096457,50.389350]	291
[0.207874,0.228060,0.207051,0.373650,0.453081,0.091863,0.378626,0.180268,0.357459]	[80.202670,75.087090,71.465036,58.967383,46.574663,61.390787,60.688626,62.776524,50.143175]	265
[0.211822,0.231063,0.211493,0.365186,0.666456,0.120764,0.302312,0.229559,0.266701]	[79.459823,75.485033,69.022609,58.813946,47.407916,64.888136,66.765780,56.436598,50.400043]	351
[0.210208,0.241863,0.199079,0.371404,0.704086,0.085571,0.419226,0.172137,0.314033]	[79.742252,75.240275,72.424959,58.818372,43.832269,63.099800,59.084323,62.773453,50.212577]	340
[0.211377,0.243969,0.225902,0.357722,0.684384,0.078493,0.329374,0.217472,0.214196]	[79.757930,75.916880,69.829368,58.838948,46.022585,62.141441,63.709328,61.615733,50.576644]	233
[0.210792,0.236976,0.276023,0.422319,0.726073,0.094835,0.392131,0.191815,0.104016]	[79.544627,76.344147,73.752989,57.524907,44.633747,59.000961,60.362796,62.792293,52.847462]	304
[0.211561,0.252390,0.182388,0.442682,0.549279,0.099485,0.338896,0.181203,0.105315]	[79.299818,75.895303,71.259110,56.102120,47.484143,64.890026,63.928104,58.274849,55.223195]	481
[0.203815,0.264629,0.312466,0.513835,0.469280,0.126438,0.187285,0.158523,0.096653]	[80.608181,75.309732,71.684383,57.418445,44.753995,58.976834,63.905311,56.204886,54.474955]	406
[0.212953,0.235118,0.172273,0.478444,0.465371,0.127366,0.201398,0.322434,0.104974]	[79.720190,75.662920,70.452723,56.459258,44.826725,62.938147,67.682795,59.949337,55.570006]	598
[0.201280,0.246483,0.259301,0.464672,0.413032,0.119425,0.172929,0.316735,0.099161]	[79.950381,75.095224,70.830568,56.553711,44.484505,65.275037,68.756481,57.505717,54.793827]	348
[0.212281,0.233490,0.237169,0.594333,0.584529,0.101947,0.207565,0.301847,0.123062]	[79.906822,75.511530,70.894798,55.691007,45.502678,59.338693,66.584171,61.421873,55.246648]	421
[0.209933,0.242201,0.186440,0.639977,0.705446,0.086701,0.248609,0.331533,0.113300]	[79.429468,77.305378,70.359558,55.929290,45.124371,59.564599,69.006849,59.810378,55.370419]	288
[0.211561,0.238355,0.276138,0.624684,0.752702,0.098746,0.182041,0.324547,0.110519]	[79.299818,76.515852,70.593809,56.201161,40.922126,61.575009,68.081301,60.198559,55.009181]	185
[0.204874,0.252271,0.179953,0.503999,0.620737,0.075626,0.265872,0.320009,0.100922]	[80.197554,75.209709,70.776739,56.857986,45.943779,62.152749,63.714434,62.513627,54.529822]	432
[0.207293,0.235431,0.192430,0.470786,0.590926,0.095706,0.253354,0.321371,0.102479]	[79.655316,76.909611,71.195561,56.391041,44.892302,61.832108,64.834778,60.788323,54.740119]	396
[0.212582,0.230841,0.210646,0.614144,0.720375,0.096362,0.396983,0.195918,0.140605]	[79.406648,75.960941,70.781786,54.896221,42.299001,63.058535,61.293306,62.047647,56.445298]	313
[0.204338,0.253500,0.175439,0.626366,0.546935,0.081702,0.313952,0.353969,0.109354]	[80.066371,75.527395,71.887074,56.361084,46.675945,61.949135,68.179323,57.900577,54.952782]	372
[0.201737,0.265228,0.262656,0.501604,0.613761,0.087423,0.297778,0.306657,0.097409]	[80.555162,75.276791,71.485979,56.332923,46.157451,60.863381,67.458031,60.189047,55.156363]	184
[0.204151,0.256051,0.173179,0.368930,0.599505,0.081937,0.298008,0.326870,0.106424]	[80.151384,75.849183,71.772656,56.182498,46.228285,63.939431,65.679630,58.538709,55.393938]	196
[0.201818,0.253845,0.275235,0.400530,0.675059,0.085020,0.282288,0.324837,0.101365]	[79.697208,76.253159,71.880349,56.925967,44.841885,62.872139,66.943353,58.481638,54.052053]	215
[0.203332,0.259418,0.166434,0.489790,0.713758,0.077992,0.328488,0.374351,0.093592]	[80.332594,75.150426,69.810336,57.714696,47.379443,60.532925,74.137294,59.985470,53.349688]	421
[0.207639,0.234023,0.222773,0.569083,0.472962,0.102964,0.273448,0.340992,0.105461]	[79.881288,75.600399,71.621847,56.132102,44.665597,64.005805,66.001568,60.280013,54.996161]	353
[0.210915,0.236618,0.260456,0.712877,0.803842,0.096531,0.195430,0.316818,0.101203]	[79.230145,77.925466,72.844769,55.859394,44.167355,59.261139,68.488486,59.174073,53.619103]	325
[0.203814,0.261611,0.138972,0.624899,0.519203,0.078361,0.397042,0.379907,0.110135]	[79.587542,76.266131,70.692621,56.180916,46.298124,62.451027,71.573466,59.207327,55.177833]	492
[0.199066,0.238576,0.165557,0.411011,0.600122,0.101060,0.220227,0.408986,0.095288]	[81.222895,72.529335,71.515227,56.266443,46.420389,64.735493,67.612085,56.750575,55.314023]	474
[0.208568,0.239330,0.172605,0.500434,0.615145,0.096306,0.270550,0.336530,0.108735]	[79.510829,76.638615,71.490291,56.445253,46.446757,63.131128,66.342295,58.246714,54.919459]	371
[0.209933,0.244090,0.205588,0.445988,0.644604,0.083903,0.228685,0.335842,0.114172]	[79.429468,77.564294,71.032194,55.897135,46.770084,58.728620,67.066470,60.500366,55.495017]	231
[0.209882,0.237250,0.274784,0.624088,0.748837,0.095279,0.264295,0.343385,0.115076]	[79.095252,76.189663,71.740982,56.036232,43.389235,63.354015,69.578941,58.121346,54.631006]	254
[0.211509,0.239557,0.255249,0.468518,0.628113,0.086620,0.244882,0.326065,0.107348]	[79.402712,75.930641,70.925623,56.490185,46.358452,62.470820,66.206203,58.887149,54.835065]	249
[0.209604,0.239740,0.293834,0.564804,0.607041,0.100285,0.241266,0.316717,0.137631]	[79.463691,75.914581,72.157154,53.271557,43.410574,63.257015,66.287750,60.253844,55.116349]	209
[0.213092,0.230479,0.153819,0.550189,0.594003,0.083934,0.272054,0.363764,0.110087]	[79.365677,75.606994,71.330568,56.275972,45.345698,64.047951,68.536031,56.058402,55.165348]	272
[0.207168,0.239104,0.183635,0.506657,0.698704,0.090643,0.216636,0.319787,0.093794]	[79.764859,76.100249,70.824618,57.351680,46.201696,60.415137,66.119291,60.571402,54.104631]	249
[0.209933,0.244498,0.285355,0.401074,0.817958,0.091408,0.270535,0.226539,0.101438]	[79.429468,76.576039,70.966362,58.421780,44.636044,62.617686,62.763146,61.833313,51.705774]	273
[0.205197,0.254913,0.203418,0.271588,0.503970,0.085647,0.336604,0.350306,0.108762]	[79.797391,75.995424,70.309727,56.778638,46.045748,61.178265,70.054386,61.627913,54.633021]	485
[0.210691,0.231770,0.269456,0.569083,0.727555,0.099081,0.245038,0.325667,0.104266]	[79.335885,76.507844,71.933654,56.132102,44.628164,63.494296,66.055199,60.417170,54.512007]	318
[0.206730,0.254041,0.137256,0.526101,0.460367,0.064003,0.475185,0.352528,0.097982]	[80.134477,75.134686,70.016130,57.332263,45.761755,62.786556,67.537180,61.106472,54.463281]	428
[0.210729,0.223287,0.175893,0.569083,0.634680,0.089332,0.397160,0.347158,0.106295]	[80.132099,76.166617,71.952370,56.132102,44.871571,65.001110,66.476794,58.460657,55.410251]	384
[0.208486,0.240979,0.265972,0.476448,0.664200,0.079540,0.332811,0.319721,0.106861]	[79.920755,75.666968,72.292173,56.374212,45.749164,60.992321,68.239009,57.702048,54.716269]	225
[0.203515,0.261150,0.155921,0.476882,0.306736,0.094499,0.345438,0.383553,0.093445]	[80.206802,75.496715,71.524364,56.458193,47.461682,63.233524,72.085640,57.365705,54.781171]	423
[0.211706,0.223813,0.209071,0.450623,0.672834,0.090747,0.255213,0.318268,0.102097]	[79.282659,76.378705,71.086349,56.154415,45.877112,62.123322,66.403636,60.258465,55.401586]	347
[0.208486,0.239900,0.263574,0.547732,0.732627,0.103918,0.306239,0.309760,0.112718]	[79.920755,76.436905,70.901033,56.220250,43.594397,60.958765,72.625458,58.633443,54.430662]	257
[0.209808,0.229848,0.192406,0.461826,0.592399,0.080993,0.297158,0.381919,0.102464]	[79.395446,76.925344,70.826144,57.016724,45.511998,63.908412,68.692342,56.845084,54.462777]	323
[0.210113,0.233484,0.201521,0.492540,0.634705,0.080334,0.254059,0.316717,0.097472]	[79.273686,76.722419,70.638377,57.171950,46.005952,60.626298,66.265754,60.253844,54.088642]	213
[0.209191,0.249007,0.292206,0.568302,0.676454,0.100915,0.303697,0.183493,0.106304]	[79.872455,75.790335,71.879940,56.762919,41.176193,63.269961,60.102396,62.704267,53.988495]	329
[0.209609,0.240498,0.186032,0.512389,0.553109,0.097521,0.332753,0.305676,0.111773]	[79.419309,76.298135,71.125832,56.271802,46.364319,61.556387,67.763328,61.964804,55.192867]	382
[0.210265,0.240823,0.149220,0.375404,0.377048,0.079308,0.217527,0.343255,0.102652]	[79.873598,76.675085,71.050409,56.968781,46.838751,65.436566,64.359829,58.252487,54.103433]	272
[0.208366,0.229925,0.237943,0.712877,0.743489,0.093257,0.280527,0.316405,0.114774]	[79.709112,77.052325,71.727149,55.859394,44.742913,60.406593,66.093817,60.381373,55.450634]	264
[0.200754,0.259789,0.147087,0.517752,0.461332,0.071330,0.295461,0.356258,0.100182]	[80.199956,75.652880,71.277533,57.072179,47.265493,62.979086,70.190808,59.365160,53.913788]	371
[0.210691,0.230851,0.267121,0.614144,0.721395,0.107815,0.222367,0.324569,0.140785]	[79.335885,76.237142,71.358501,54.896221,41.448011,62.788834,68.498917,59.162197,56.275191]	381
[0.209551,0.206755,0.246900,0.399493,0.626063,0.110050,0.239085,0.355581,0.099194]	[79.551481,74.706748,70.786257,55.990160,44.145260,64.749556,67.747963,58.300176,55.499929]	279
[0.201386,0.269769,0.188942,0.475988,0.454423,0.069260,0.269332,0.351819,0.096806]	[80.599764,75.834307,71.313714,57.067642,47.696436,63.956886,66.533238,60.501187,54.136745]	409
[0.210416,0.231158,0.249943,0.489015,0.496433,0.089297,0.246643,0.359654,0.097360]	[79.332059,75.852427,70.927936,56.857192,46.174844,63.488248,66.593048,57.995011,54.639651]	317
[0.209933,0.240646,0.285036,0.487905,0.796340,0.102382,0.230383,0.327297,0.093910]	[79.429468,76.284386,71.396838,57.327372,44.219957,62.950177,69.446336,57.198935,53.004259]	260
[0.204630,0.252366,0.140487,0.479108,0.423586,0.082849,0.276423,0.362730,0.096564]	[80.364652,74.978566,70.417162,56.693637,47.594612,60.999507,72.283154,60.201787,54.880597]	505
[0.210113,0.227288,0.217269,0.546882,0.745420,0.102048,0.265669,0.348092,0.116471]	[79.273686,77.442701,70.921335,56.460219,45.081366,61.281585,65.973822,59.886322,54.829558]	426
[0.205197,0.254913,0.129996,0.499980,0.526476,0.085968,0.303615,0.371041,0.092491]	[79.797391,75.995424,70.492579,57.845220,46.983911,60.979101,72.176251,60.084673,53.165822]	362
[0.212916,0.227863,0.262729,0.417928,0.697942,0.099434,0.222847,0.333367,0.095662]	[79.335912,76.121259,70.867144,58.108059,44.502373,64.405747,67.750212,58.350968,52.779309]	300
[0.209692,0.234537,0.327398,0.504811,0.781204,0.116965,0.172261,0.320692,0.088966]	[79.617050,76.965566,72.580711,56.936438,41.732600,61.945126,68.878732,58.447519,53.001303]	280
[0.204621,0.262696,0.283427,0.361529,0.684923,0.098515,0.201220,0.340549,0.095032]	[80.133910,75.113897,71.395312,56.476991,45.590016,62.827161,66.443478,60.394427,54.684778]	428
[0.210460,0.239152,0.278391,0.507996,0.695811,0.099815,0.181202,0.328586,0.101616]	[79.541927,76.145795,71.191805,56.789701,44.039130,61.242244,67.695734,60.034729,54.241403]	290
[0.204199,0.246281,0.132655,0.409734,0.600784,0.078266,0.292811,0.404208,0.094270]	[80.473552,74.776651,69.848685,57.776766,48.080722,62.362846,74.808933,57.337836,53.614561]	386
[0.205779,0.239399,0.285914,0.406657,0.810509,0.122516,0.221916,0.329553,0.105619]	[79.753230,75.733476,72.207104,57.482397,41.329026,63.965422,68.000866,58.372766,53.372585]	428
[0.209933,0.255891,0.311927,0.539235,0.682466,0.103916,0.168563,0.326467,0.098728]	[79.429468,75.926545,73.588486,56.360428,43.646161,62.412365,67.427212,59.633544,52.589095]	288
[0.202777,0.251935,0.129616,0.499001,0.570887,0.081826,0.221959,0.441535,0.097264]	[80.010604,75.149906,69.260635,56.455606,46.100521,58.980488,79.147432,54.381290,54.858250]	491
[0.167636,0.151348,0.312128,0.497364,0.505301,0.097471,0.136253,0.411044,0.092589]	[81.342041,72.666478,71.067744,56.753749,43.725948,68.561798,68.561503,54.810477,54.197829]	734
[0.204681,0.242847,0.147533,0.463638,0.321066,0.088601,0.190859,0.344946,0.100160]	[79.762182,75.619459,70.236489,56.857050,44.582155,63.354801,67.798647,61.848750,54.012428]	681
[0.209074,0.233634,0.281823,0.507276,0.581203,0.110101,0.167690,0.329989,0.097854]	[79.497363,77.068927,71.341852,56.950599,45.009613,59.502609,67.170031,59.961743,54.534516]	315
[0.209933,0.243765,0.182758,0.558114,0.679301,0.109953,0.398516,0.196876,0.160713]	[79.429468,76.406545,70.432997,52.473923,43.321004,63.881372,61.307994,62.085957,56.400772]	401
[0.201426,0.260933,0.165660,0.476617,0.549106,0.085144,0.298657,0.371377,0.111308]	[79.770682,76.287511,71.684119,56.374805,45.730318,60.290094,70.709742,57.300213,55.651094]	379
[0.211916,0.224362,0.291616,0.466812,0.761676,0.088456,0.215232,0.326335,0.104879]	[80.114269,75.121980,71.647603,56.823854,43.812677,60.580444,68.454924,58.599404,53.987879]	283
[0.196806,0.278506,0.148371,0.487836,0.522611,0.080540,0.400423,0.370919,0.098959]	[80.344112,75.687001,70.969392,56.798406,47.305119,60.821445,72.119920,60.743473,54.511755]	473
[0.205674,0.238429,0.192173,0.572611,0.730689,0.091007,0.336113,0.346800,0.108806]	[79.556022,76.679462,72.019068,56.626120,44.875652,62.019149,64.819977,60.869152,54.689554]	421
[0.202308,0.264262,0.167898,0.399573,0.521539,0.068011,0.303763,0.379059,0.097107]	[79.887148,75.705731,70.302256,56.847085,48.147043,62.856896,71.359439,58.627562,54.190181]	362
[0.209432,0.233812,0.281499,0.510178,0.607776,0.095676,0.220080,0.356154,0.103407]	[79.561377,75.767685,70.925097,56.324800,46.013556,62.175010,66.851167,60.035980,55.213878]	263
[0.210184,0.235016,0.277508,0.556108,0.758659,0.094131,0.247418,0.337981,0.108465]	[79.216680,76.584696,71.449930,56.411546,44.350979,61.168573,70.632713,57.486885,54.185134]	224
[0.209717,0.221238,0.171526,0.505704,0.631425,0.082219,0.263997,0.362331,0.110041]	[80.222411,75.021387,70.896095,56.398775,46.245575,61.440020,68.536064,57.560592,55.083657]	250
[0.208945,0.235531,0.179822,0.608078,0.695157,0.093388,0.240870,0.314071,0.105972]	[79.839820,76.619831,70.892974,56.499770,45.274922,60.237194,67.141443,59.469769,54.792429]	250
[0.208357,0.247944,0.251470,0.495419,0.784497,0.079963,0.333296,0.301412,0.101485]	[79.535520,76.501480,70.397443,56.841931,44.733409,59.681253,70.833615,60.167534,54.534984]	223
[0.212140,0.244644,0.318301,0.569489,0.774000,0.094857,0.211374,0.315104,0.093142]	[79.362133,75.448833,73.329721,56.304902,42.598438,60.991792,69.218987,59.250385,53.391200]	247
[0.210555,0.244060,0.185110,0.409094,0.611940,0.084684,0.297724,0.338903,0.101109]	[79.495954,75.447111,71.382536,57.148936,46.460485,63.600272,66.653375,60.450400,54.087487]	446
[0.210101,0.238203,0.264823,0.583072,0.771439,0.088669,0.339029,0.238225,0.100109]	[80.146135,74.622601,71.262182,56.653939,43.961135,62.423853,63.866029,63.234388,53.936860]	327
[0.203822,0.257162,0.172235,0.484148,0.564235,0.081329,0.315116,0.373370,0.101383]	[79.887351,76.384804,71.209732,57.231222,47.922567,61.482406,69.529899,59.888379,53.789905]	326
[0.207639,0.239176,0.269646,0.569083,0.507543,0.089514,0.273703,0.315526,0.105286]	[79.881288,75.944066,71.323934,56.132102,46.549147,60.313788,67.422908,59.347209,55.239304]	307
[0.206739,0.230557,0.186098,0.472584,0.597263,0.098672,0.364852,0.321782,0.111649]	[80.527249,73.525787,70.425526,56.232386,46.013959,63.686919,70.256964,58.693788,54.857283]	261
[0.210113,0.232719,0.183934,0.534364,0.767072,0.088890,0.264802,0.361743,0.113742]	[79.273686,76.613394,70.890706,56.125252,46.240816,62.398329,68.965360,58.095445,55.008974]	265
[0.209933,0.243013,0.285414,0.541747,0.583954,0.095330,0.217784,0.305070,0.131020]	[79.429468,76.536483,70.744812,54.460326,44.648964,60.516176,68.476035,59.033493,56.109495]	200
[0.208845,0.245764,0.127187,0.605508,0.534127,0.086507,0.288391,0.341113,0.106481]	[79.686636,75.992476,70.232543,56.500425,45.915473,62.004410,70.450384,59.592902,54.802865]	362
[0.208583,0.238311,0.187056,0.456168,0.582310,0.094032,0.212494,0.325529,0.109137]	[79.796972,75.876029,70.874900,56.114477,45.045934,61.383989,66.301088,61.225986,55.193162]	301
[0.211320,0.233229,0.280040,0.470898,0.790083,0.102889,0.204587,0.327160,0.104383]	[79.895810,75.813565,70.990610,56.403031,44.071965,61.631307,69.475632,57.396308,55.141119]	198
[0.199387,0.273983,0.195219,0.475309,0.479947,0.080351,0.275268,0.341203,0.106073]	[80.778099,75.148990,70.807614,56.450080,46.127231,60.343188,68.712586,61.329250,55.004340]	486
[0.210894,0.234453,0.279013,0.689115,0.667736,0.118572,0.169773,0.326542,0.113923]	[79.488017,76.526857,71.025471,55.670524,43.512510,62.576233,66.399494,60.852688,55.574261]	366
[0.212897,0.230077,0.231217,0.379743,0.604843,0.108498,0.185426,0.338005,0.103347]	[79.532757,75.574202,71.912573,56.932758,44.460275,60.932324,68.239710,60.140304,54.017117]	285
[0.209933,0.242476,0.267934,0.470313,0.719733,0.094469,0.176325,0.321443,0.097465]	[79.429468,75.863783,71.152151,57.994304,41.801685,62.795360,68.610107,59.100941,53.047733]	297
[0.210351,0.237547,0.331861,0.401934,0.712613,0.110576,0.164244,0.325310,0.091012]	[79.507327,76.400317,72.240637,57.059289,42.622376,61.673915,68.335053,59.697865,53.015999]	206
[0.211263,0.234092,0.175212,0.520612,0.565450,0.093183,0.195789,0.322750,0.107483]	[79.398324,76.327778,70.818144,56.252634,45.301535,60.308891,67.364413,60.690433,54.735494]	211
[0.203487,0.259555,0.183146,0.408001,0.564891,0.096844,0.211060,0.342955,0.097617]	[80.217063,75.887021,70.908012,56.323368,45.770502,61.138070,69.078096,57.580479,55.062962]	242
[0.208996,0.225682,0.171009,0.436935,0.658841,0.094632,0.258398,0.340729,0.108203]	[79.380192,76.442531,71.195789,56.193219,46.704794,60.564196,66.734248,59.078684,55.340106]	253
[0.210296,0.236424,0.273958,0.475566,0.621275,0.098767,0.350457,0.179834,0.106066]	[79.404868,76.958588,71.261916,56.480380,44.885564,63.278465,60.907071,61.802295,54.484810]	331
[0.210932,0.239891,0.153580,0.510077,0.514435,0.083078,0.340618,0.334356,0.097153]	[79.636000,76.057985,70.607333,56.545223,47.089882,65.635243,66.945820,60.704504,55.118610]	487
[0.211535,0.246540,0.180523,0.277035,0.353203,0.145781,0.316531,0.172870,0.103094]	[79.513912,75.157748,71.605332,56.992069,51.764046,63.975817,62.536154,61.160377,54.728948]	585
[0.212295,0.244368,0.159216,0.399202,0.143785,0.139554,0.154777,0.137990,0.103741]	[79.857491,75.249276,71.317683,57.320043,50.854284,59.623530,67.854706,57.537524,55.941919]	822
[0.204520,0.260784,0.337006,0.424191,0.450795,0.091589,0.214334,0.153772,0.326274]	[79.984568,75.079619,74.246571,59.203097,45.772285,60.729995,63.882229,56.876455,50.466463]	695
[0.202071,0.259114,0.314184,0.377434,0.114234,0.153537,0.272368,0.145332,0.226495]	[80.160582,75.289747,73.860643,58.454751,46.562676,60.273407,63.296178,58.636377,47.933529]	329
[0.211224,0.240471,0.272899,0.369376,0.450723,0.139926,0.189121,0.392343,0.359462]	[79.593143,75.633155,71.174851,58.780793,44.763936,63.403458,73.470855,56.849153,50.198267]	557
[0.202708,0.267850,0.156945,0.369376,0.394649,0.101379,0.252735,0.381532,0.357242]	[80.739979,74.427719,70.544824,58.780793,46.766385,61.238728,69.240147,61.295960,50.159868]	334
[0.211102,0.233526,0.155187,0.371404,0.712914,0.095797,0.430908,0.226887,0.319213]	[79.444906,76.328351,70.732195,58.818372,45.060266,61.034453,62.538660,63.641714,50.170457]	394
[0.211327,0.223682,0.203919,0.365186,0.489229,0.089557,0.286054,0.400475,0.266261]	[79.693915,74.939626,70.967169,58.813946,46.748931,62.865342,69.954091,57.337276,50.490535]	322
[0.200930,0.247636,0.188343,0.376665,0.515334,0.100868,0.270272,0.341894,0.359298]	[79.925876,76.805509,70.886079,58.622282,46.785580,62.319102,68.915715,57.318911,50.458803]	220
[0.208431,0.241870,0.280970,0.369376,0.638790,0.104678,0.183846,0.343697,0.369010]	[79.827528,76.010431,70.810408,58.780793,45.829610,61.054648,68.693437,58.219805,49.976777]	234
[0.210894,0.235194,0.281756,0.368479,0.624336,0.096990,0.208599,0.351561,0.311809]	[79.488017,75.916355,70.856297,58.562662,45.240479,61.501444,68.989232,59.260692,50.654038]	204
[0.209397,0.216918,0.284709,0.369676,0.713775,0.111689,0.181405,0.337129,0.318910]	[79.700322,75.470259,71.320101,58.899842,42.359479,62.320903,67.950280,59.051581,49.892347]	259
[0.204267,0.255579,0.165890,0.369376,0.558650,0.082919,0.337364,0.353032,0.364974]	[79.867704,75.905719,70.313146,58.780793,47.418394,60.460337,72.601223,60.548876,50.219088]	527
[0.210275,0.230124,0.200780,0.371404,0.475550,0.099881,0.252760,0.327503,0.314204]	[79.403122,77.378736,70.887190,58.818372,46.616530,60.724320,66.013987,60.480054,50.457733]	351
[0.211561,0.237387,0.199029,0.373927,0.677853,0.086408,0.273202,0.315680,0.377096]	[79.299818,76.403457,71.336792,58.928879,46.043837,61.132101,67.398168,59.509578,49.871668]	185
[0.210888,0.237644,0.274939,0.365186,0.652926,0.099734,0.348382,0.173900,0.267819]	[79.741416,76.297725,71.096589,58.813946,43.869046,61.082514,62.673693,61.158953,50.367650]	262
[0.205921,0.254711,0.229704,0.371196,0.547057,0.090983,0.418212,0.361584,0.370773]	[79.655181,76.163760,70.626976,59.049071,46.263534,60.369988,72.262723,61.249402,50.057462]	511
[0.209924,0.241536,0.168799,0.372555,0.501315,0.087640,0.270164,0.332338,0.364444]	[79.777398,75.995767,71.529305,59.058245,46.787311,61.621898,66.301162,59.830747,49.666920]	322
[0.208072,0.244723,0.169511,0.374050,0.485942,0.084566,0.426178,0.180864,0.364089]	[80.048271,76.004024,71.055568,58.368346,46.049373,61.831480,61.507417,62.403025,50.481867]	246
[0.215454,0.227020,0.234084,0.378375,0.338073,0.099410,0.353345,0.177005,0.441418]	[79.906917,75.379008,71.584071,58.755773,47.243250,60.274220,58.365960,62.575733,49.487579]	219
[0.205313,0.247259,0.118479,0.376003,0.503892,0.094346,0.309261,0.377073,0.364103]	[79.886245,75.727129,70.327117,58.641998,46.634527,62.985136,72.261539,57.365113,50.377814]	455
[0.208431,0.240045,0.169250,0.374050,0.490210,0.087715,0.281271,0.359346,0.364089]	[79.827528,75.774917,71.070069,58.368346,47.090703,61.472784,67.191101,60.359423,50.481867]	239
[0.215522,0.204607,0.271168,0.370945,0.583707,0.095725,0.314503,0.306807,0.266014]	[79.511528,74.850202,70.974675,58.726950,45.944848,61.632505,69.958620,57.567874,50.582342]	306
[0.202418,0.248932,0.245548,0.374701,0.520549,0.090061,0.262762,0.333277,0.370363]	[79.937770,75.743479,71.511202,58.729250,46.250147,61.939122,68.199654,57.297713,50.480914]	248
[0.209518,0.232514,0.251743,0.367004,0.688859,0.092382,0.345752,0.342069,0.271172]	[79.452229,76.208033,70.958322,59.145467,44.729646,63.308887,70.880222,57.520292,49.676988]	163
[0.209675,0.235080,0.243725,0.371404,0.619712,0.103647,0.228679,0.317457,0.283744]	[79.471102,76.299471,73.625803,58.818372,42.820684,61.931065,65.760925,61.242500,50.041237]	223
[0.209808,0.230676,0.138278,0.373115,0.575476,0.088375,0.275156,0.329740,0.362873]	[79.395446,75.857053,71.153648,58.696765,45.811823,61.194714,67.858880,58.398555,50.462423]	238
[0.209857,0.229589,0.201103,0.374733,0.611432,0.099128,0.246487,0.311489,0.375830]	[79.428066,77.023784,71.036793,58.818697,46.626574,61.243620,66.473428,59.090408,50.403194]	147
[0.199049,0.276905,0.188813,0.370107,0.485513,0.091427,0.284712,0.394241,0.312309]	[80.549984,74.911426,69.726703,59.007237,46.878149,60.645488,72.123854,61.071173,50.397119]	382
[0.194130,0.252468,0.169274,0.365186,0.535729,0.115417,0.168261,0.417993,0.260878]	[80.849457,74.428500,70.980672,58.813946,42.422640,68.014182,64.251514,58.892212,50.577278]	642
[0.198848,0.271778,0.179073,0.369376,0.451264,0.117402,0.278039,0.309383,0.362747]	[79.998083,75.974072,70.995243,58.780793,44.811960,63.012694,65.660308,63.393026,50.369290]	613
[0.212230,0.230427,0.205471,0.370864,0.490165,0.094220,0.253577,0.317479,0.364623]	[79.426023,76.259519,70.971415,59.081214,47.553958,61.518221,66.544369,59.891316,49.509742]	308
[0.211561,0.238174,0.241760,0.367053,0.710567,0.094311,0.303741,0.331704,0.316971]	[79.299818,76.282323,70.215813,59.166094,45.226485,61.017386,72.902487,58.011673,49.879120]	166
[0.211327,0.225559,0.264121,0.372184,0.558867,0.097246,0.271043,0.345193,0.292857]	[79.693915,75.078848,73.246926,58.618126,45.057676,62.423456,67.813755,58.667982,49.627050]	230
[0.216125,0.229292,0.209064,0.373844,0.386943,0.096523,0.381567,0.196091,0.454755]	[79.330465,76.675655,69.838390,58.839621,44.822022,61.313881,64.022449,62.563215,49.517632]	344
[0.202845,0.271829,0.272472,0.373232,0.472090,0.084553,0.282355,0.353189,0.360728]	[80.017945,76.364709,71.989859,58.517956,45.553521,61.610552,66.642914,61.713245,50.378997]	438
[0.210715,0.240813,0.234081,0.370787,0.715914,0.095999,0.341357,0.225225,0.265627]	[79.648734,75.744626,69.506335,58.774026,44.295861,63.369944,65.074125,63.416591,50.292301]	354
[0.211334,0.235733,0.318678,0.371404,0.626068,0.093727,0.129132,0.301645,0.318091]	[79.324447,75.572291,73.653046,58.818372,43.406078,62.527917,65.537994,59.443206,50.750074]	404
[0.209283,0.250118,0.175556,0.372157,0.450667,0.099847,0.292660,0.349424,0.358027]	[80.064303,75.494395,69.646634,58.693364,46.402887,62.893906,69.414212,61.564716,50.032113]	445
[0.208338,0.243650,0.242598,0.365186,0.767899,0.104292,0.320113,0.177319,0.261016]	[79.640798,75.635615,70.495575,58.813946,41.127525,63.071424,61.679311,61.094427,50.159027]	487
[0.211035,0.246210,0.207750,0.370107,0.526442,0.093969,0.360644,0.351776,0.310432]	[79.543167,75.223285,70.466848,59.007237,46.924320,61.728731,70.558260,61.280321,50.248507]	511
[0.211424,0.233170,0.298356,0.372184,0.577277,0.101059,0.215303,0.317330,0.311040]	[79.141419,75.904789,71.427957,58.618126,44.134926,64.027215,65.264864,60.414706,50.803897]	284
[0.203767,0.235397,0.286599,0.374701,0.616569,0.120900,0.225774,0.323558,0.373813]	[80.337069,76.181632,70.808316,58.729250,46.831286,61.809345,66.321553,58.677504,50.580199]	203
[0.209580,0.217724,0.198633,0.373927,0.486255,0.093323,0.300905,0.358779,0.370762]	[79.286922,76.578005,71.225763,58.928879,45.949934,64.835349,68.671850,55.776180,50.135905]	296
[0.212390,0.222065,0.253280,0.367977,0.802585,0.089941,0.252619,0.351174,0.319271]	[79.446942,76.243503,70.989569,58.857492,45.324435,61.009840,66.459572,60.466141,50.166890]	221
[0.201702,0.264411,0.167722,0.372184,0.452050,0.075392,0.349984,0.364064,0.321370]	[79.809090,75.897902,70.103490,58.618126,46.006537,63.013028,71.024839,59.714311,50.437410]	381
[0.207798,0.181029,0.131415,0.377334,0.395823,0.160232,0.207603,0.381492,0.456065]	[79.633423,72.214938,71.038057,58.712003,42.407690,70.817522,66.206083,58.049484,49.978587]	670
[0.208111,0.261554,0.119872,0.374352,0.612536,0.081330,0.345069,0.338242,0.293480]	[79.873634,76.092187,70.083337,58.288823,46.653539,63.409851,73.185638,60.830165,50.139096]	617
[0.209933,0.241854,0.275532,0.371404,0.489157,0.101870,0.229455,0.328334,0.312515]	[79.429468,76.482352,71.963326,58.818372,42.807195,62.392920,65.926923,60.716846,50.251654]	326
[0.206925,0.250957,0.127645,0.374048,0.557521,0.078224,0.290868,0.366690,0.306474]	[79.394622,76.985680,71.204491,58.588828,46.284278,63.896471,68.685167,55.730115,50.516819]	277
[0.210888,0.231988,0.231756,0.374130,0.506314,0.089881,0.304653,0.377694,0.312255]	[79.741416,75.901056,70.101995,58.554898,46.454668,60.354847,70.618185,59.408531,50.407790]	228
[0.208734,0.243481,0.262384,0.366007,0.641494,0.080805,0.362317,0.186205,0.274356]	[80.053563,76.005242,71.264777,58.811935,44.975188,59.729079,60.409793,62.896268,50.689994]	288
[0.201131,0.257697,0.196905,0.371404,0.470544,0.080815,0.382898,0.374900,0.315975]	[80.201412,75.482175,70.514368,58.818372,46.447237,64.177281,72.634103,54.507601,50.398081]	352
[0.210950,0.230882,0.239883,0.369376,0.665546,0.078112,0.322996,0.357777,0.375417]	[79.464120,76.169631,71.592853,58.780793,45.906018,60.087235,69.444001,59.042796,49.859441]	186
[0.209867,0.236387,0.260136,0.369676,0.660328,0.086353,0.346011,0.179183,0.318425]	[79.423437,76.460386,70.767718,58.899842,45.465262,60.474580,61.061196,62.036024,50.097695]	258
[0.208337,0.243213,0.180479,0.372400,0.613563,0.084691,0.441997,0.330226,0.369341]	[79.862502,75.577588,71.104560,59.320536,46.263063,62.045142,68.243325,61.265463,49.668314]	428
[0.209247,0.228359,0.265324,0.372184,0.622213,0.095653,0.299696,0.344821,0.318791]	[79.225939,76.159140,72.887505,58.618126,45.303031,63.244829,64.390311,60.863056,50.320023]	307
[0.203605,0.249616,0.228479,0.371404,0.516212,0.107843,0.262424,0.330007,0.290251]	[80.806763,74.731490,73.071769,58.818372,43.279939,61.973964,68.621693,58.523157,48.704808]	312
[0.201106,0.276138,0.286440,0.370741,0.689956,0.093545,0.270147,0.330167,0.344263]	[79.539085,76.117821,72.660257,58.789962,46.213676,62.500868,67.399464,60.802323,48.964631]	398
[0.211326,0.234956,0.290386,0.371404,0.761422,0.097267,0.244365,0.347494,0.305051]	[79.142121,76.442724,72.522033,58.818372,44.849595,61.325389,70.934416,56.635153,49.193240]	319
[0.208734,0.239363,0.230073,0.372157,0.806048,0.104097,0.176102,0.350098,0.373125]	[80.053563,75.794742,70.913232,58.693364,42.563699,63.057716,69.461865,56.795836,50.214539]	248
[0.209019,0.215208,0.280895,0.373689,0.674209,0.113293,0.168766,0.331560,0.373535]	[79.426177,75.880179,71.190011,58.661140,43.396341,63.009399,68.734709,57.155876,50.478848]	226
[0.210762,0.223735,0.152282,0.369676,0.577939,0.120039,0.210292,0.313054,0.311144]	[79.653264,76.180907,71.027316,58.899842,43.198878,65.174870,67.157928,57.571995,49.951923]	203
[0.202599,0.265267,0.119597,0.373115,0.542549,0.071787,0.273871,0.392126,0.346792]	[80.170065,75.626327,68.746773,58.696765,45.856413,64.442091,74.540935,59.210795,49.779663]	553
[0.200570,0.263256,0.189431,0.372157,0.499135,0.093077,0.255392,0.339765,0.366622]	[80.292095,75.602522,70.821005,58.693364,46.393524,61.344777,70.150193,59.789758,50.451980]	278
[0.210591,0.231017,0.165795,0.371271,0.610183,0.108920,0.218229,0.328048,0.368164]	[79.396953,75.728292,71.062245,58.538312,43.200580,65.060732,68.212114,58.766225,50.483456]	311
[0.211885,0.209791,0.218144,0.365186,0.582213,0.134711,0.197921,0.340166,0.268585]	[79.482805,76.055522,71.248527,58.813946,42.860150,64.802442,67.040246,58.797148,50.495076]	230
[0.201606,0.277594,0.281461,0.373870,0.643801,0.094821,0.215227,0.322379,0.358306]	[79.883670,76.413060,70.798486,58.695359,46.151624,63.166444,62.565175,63.133517,50.058674]	322
[0.210282,0.239705,0.290408,0.375467,0.602589,0.124151,0.205321,0.315753,0.399331]	[79.479642,76.240555,70.741721,58.677704,44.864251,63.664575,66.676600,59.280281,50.097202]	298
[0.202691,0.268234,0.241423,0.370878,0.538284,0.092354,0.224707,0.326121,0.363334]	[80.054895,75.676252,71.397775,58.570788,46.370051,63.957014,62.361282,62.748324,50.300540]	330
[0.209933,0.218177,0.243224,0.373927,0.601103,0.115262,0.257054,0.343570,0.376061]	[79.429468,76.325308,70.844161,58.928879,44.844694,65.649268,68.046464,57.127947,50.387327]	382
[0.208211,0.249216,0.170304,0.371702,0.587616,0.088572,0.315427,0.352423,0.359062]	[79.815915,75.715287,70.477831,58.792233,46.483875,62.505457,67.806016,60.209321,50.042106]	264
[0.210351,0.236818,0.285073,0.373619,0.569099,0.085039,0.234349,0.354443,0.366845]	[79.507327,76.193974,71.322980,58.393368,45.753289,60.267505,68.455147,59.558909,50.512620]	161
[0.210660,0.234487,0.282443,0.372266,0.626384,0.098238,0.223388,0.336659,0.438745]	[79.890475,75.715850,71.085224,58.788484,46.480877,59.738922,70.754580,56.174975,49.920446]	214
[0.215542,0.216683,0.280116,0.375076,0.588639,0.089429,0.205729,0.358606,0.477147]	[79.686296,74.981565,70.901963,58.497412,44.954634,58.961978,70.425716,59.149824,50.211123]	227
[0.209790,0.227164,0.288947,0.375237,0.813378,0.113710,0.205681,0.321193,0.435622]	[79.268394,77.275368,70.958937,58.782920,43.500520,62.687886,68.080238,57.737243,49.761706]	219
[0.203933,0.251826,0.107806,0.374048,0.622761,0.116042,0.230887,0.356281,0.302154]	[80.683898,73.983441,70.617464,58.588828,46.618307,62.926707,71.650393,56.581082,50.772381]	316
[0.205657,0.241138,0.290294,0.372184,0.591973,0.100193,0.176102,0.337727,0.311638]	[79.591027,76.185113,71.072722,58.618126,43.262295,61.257303,68.514197,60.295731,50.594649]	330
[0.210666,0.232480,0.224200,0.376834,0.549737,0.092657,0.216899,0.373292,0.369419]	[79.086242,76.183632,70.966684,58.619965,46.110820,60.628129,70.071556,57.806865,50.455135]	261
[0.211561,0.237387,0.191259,0.365186,0.551619,0.094486,0.217550,0.322819,0.266261]	[79.299818,76.403457,70.941130,58.813946,46.670315,60.329476,66.669007,60.504137,50.490535]	166
[0.209924,0.238348,0.255374,0.357722,0.733480,0.097292,0.346085,0.237173,0.213416]	[79.777398,75.742564,70.909648,58.838948,43.273790,63.349231,63.006872,62.254116,50.884428]	291
[0.209706,0.237721,0.146422,0.373817,0.448619,0.089601,0.281225,0.408262,0.090314]	[79.571814,75.709374,70.301428,56.839486,47.143461,65.970832,71.598279,60.264036,53.905078]	582
[0.207213,0.230025,0.143086,0.496885,0.436671,0.094592,0.335181,0.350995,0.106240]	[80.118659,76.084341,70.676736,56.221198,46.020947,63.399324,65.204235,62.623559,54.541807]	339
[0.207919,0.242043,0.273216,0.401714,0.710331,0.083704,0.255878,0.343496,0.104305]	[79.987253,74.985011,71.751106,57.445767,43.177596,64.884912,65.593644,60.497023,53.682632]	384
[0.209910,0.237537,0.272712,0.500061,0.837762,0.085765,0.344186,0.193526,0.100126]	[79.298090,76.309808,71.211126,56.816794,45.626540,61.020892,61.923303,63.068488,53.871979]	322
[0.209808,0.227204,0.203153,0.450374,0.575688,0.076381,0.425247,0.344377,0.105033]	[79.395446,76.628816,71.496791,56.567130,45.667997,64.171875,67.823680,57.057930,54.962195]	366
[0.205504,0.219130,0.168382,0.469105,0.480369,0.098662,0.268661,0.382521,0.106992]	[80.215263,73.981108,70.954954,56.085545,47.197705,63.802273,69.718148,54.755743,54.848869]	313
[0.212218,0.231498,0.148836,0.488137,0.551545,0.081263,0.319903,0.353427,0.100068]	[80.050730,76.044557,70.784039,56.199954,46.088390,61.571119,69.381937,58.528767,55.474962]	286
[0.210966,0.231134,0.244708,0.565650,0.659453,0.091609,0.286179,0.310941,0.107248]	[79.287541,76.574363,70.900989,56.216527,45.497342,60.883978,69.442405,59.119695,54.815407]	217
[0.205197,0.255827,0.164749,0.501604,0.598613,0.091200,0.274881,0.365705,0.097126]	[79.797391,76.230365,71.138822,56.332923,47.725343,63.100830,66.875015,61.231799,55.332560]	365
[0.210275,0.211713,0.160502,0.430285,0.709355,0.132341,0.341231,0.226403,0.098151]	[79.403122,76.256332,71.268694,58.303608,44.290030,63.362065,62.378025,63.599011,52.522669]	418
[0.209747,0.252905,0.147776,0.373142,0.599589,0.091452,0.309046,0.345024,0.093319]	[79.475991,76.005466,69.410508,58.114849,45.876097,61.111539,73.616649,60.086172,53.119282]	309
[0.190236,0.265236,0.308502,0.497289,0.416548,0.094512,0.175624,0.434401,0.093511]	[82.443050,69.822371,71.094322,56.997853,42.330754,69.503608,66.861610,55.526671,54.592234]	649
[0.212897,0.235501,0.188415,0.259044,0.567804,0.100620,0.231158,0.309765,0.113733]	[79.532757,76.204648,70.724614,56.248547,45.178408,64.626706,63.198394,62.302812,55.281730]	647
[0.211329,0.232231,0.173959,0.462302,0.603420,0.110648,0.378725,0.213794,0.109323]	[79.210183,76.269541,71.882508,56.341947,43.423036,66.348385,60.357080,63.283567,54.901630]	321
[0.209808,0.233807,0.272153,0.424531,0.796891,0.084509,0.255818,0.341708,0.096399]	[79.395446,76.227544,71.565451,58.613785,44.925216,62.571077,67.633623,57.944705,52.179140]	313
[0.199417,0.267569,0.282862,0.531379,0.712371,0.092355,0.226418,0.322382,0.104333]	[80.351077,75.349178,71.371569,56.722336,45.450308,60.800119,67.803702,59.188134,54.485570]	241
[0.205817,0.240288,0.162044,0.444537,0.329248,0.084132,0.305703,0.373681,0.107584]	[79.951376,75.581356,69.862291,56.014506,47.093892,63.695870,71.251397,57.912099,55.121401]	347
[0.204227,0.234420,0.186025,0.387583,0.635962,0.084225,0.208650,0.356274,0.101148]	[80.426841,75.142167,70.602514,56.567900,46.496840,61.845969,68.149809,59.128685,54.688800]	293
[0.205149,0.237442,0.291489,0.359915,0.629201,0.098153,0.213185,0.316174,0.095476]	[79.893950,76.804070,71.254009,57.533744,43.491286,59.822921,69.042378,59.287400,53.503423]	403
[0.205809,0.246091,0.192248,0.465558,0.484537,0.091514,0.283027,0.314968,0.101133]	[79.864058,76.614980,71.175380,56.638267,45.045532,62.327033,68.854628,58.435633,54.633601]	287
[0.199611,0.261719,0.244056,0.468555,0.427851,0.085862,0.266940,0.355727,0.108342]	[79.753088,76.406169,71.019909,56.264151,46.504737,62.234118,69.773028,55.911822,55.008760]	192
[0.215542,0.217168,0.190448,0.368926,0.648111,0.083194,0.271646,0.351707,0.106517]	[79.686296,75.106997,70.806725,57.341751,47.318574,60.186733,71.457856,56.301343,53.621467]	193
[0.206992,0.241748,0.288084,0.458421,0.703826,0.109698,0.228772,0.337964,0.107284]	[79.535896,76.987980,71.444012,56.485898,42.042794,60.611090,71.031853,58.537618,54.788542]	242
[0.205468,0.245037,0.233509,0.471357,0.776036,0.087597,0.205696,0.361971,0.101383]	[79.407646,76.688203,70.675486,56.441050,46.144955,61.792341,65.859828,60.468284,54.785185]	287
[0.211561,0.237387,0.277978,0.412505,0.702073,0.120253,0.198310,0.332445,0.094860]	[79.299818,76.403457,70.612483,56.676382,44.421448,63.006484,68.695454,58.364347,54.679539]	244
[0.200074,0.270868,0.157519,0.462649,0.499829,0.079257,0.300867,0.353733,0.103903]	[80.765031,75.247868,71.551955,56.769939,46.877988,60.547932,68.449503,61.553085,54.593401]	449
[0.209480,0.236646,0.140903,0.470802,0.593057,0.088438,0.375585,0.245035,0.099264]	[79.493903,77.481624,71.253686,56.781411,46.432580,61.815769,62.786295,62.682305,54.701458]	302
[0.211561,0.240020,0.154463,0.463931,0.535993,0.098215,0.435505,0.175909,0.100252]	[79.299818,76.419093,69.895644,56.700981,46.877072,61.070445,63.727835,60.733297,54.591008]	263
[0.209518,0.239586,0.182702,0.468245,0.538900,0.082524,0.408212,0.377414,0.100255]	[79.452229,75.647510,72.316684,56.468290,47.079316,62.370464,69.666574,60.624421,55.121535]	434
