[0.419953,0.062873,0.054457,0.246543,0.167401,0.364310,0.405209,0.263851,0.133723]	[176.106309,217.168142,180.068741,216.573151,203.730487,154.833957,193.990423,235.079425,285.221184]	1271
[0.237164,0.149850,0.356406,0.299319,0.362002,0.525096,0.695194,0.293799,0.093216]	[187.376829,188.945145,213.382635,184.084037,179.009559,150.491855,195.761135,235.850199,295.844659]	1169
[0.216361,0.456397,0.244682,0.342616,0.190518,0.218199,0.229928,0.156852,0.071752]	[199.513030,227.165009,269.536397,141.089843,233.459620,210.209041,213.690361,174.477233,221.970930]	1526
[0.101080,0.249012,0.287206,0.498109,0.108161,0.246511,0.365241,0.296975,0.119011]	[162.603204,200.952796,259.586544,195.278699,206.433056,145.038692,239.699769,242.324111,214.452984]	1359
[0.099411,0.252971,0.237009,0.217294,0.213323,0.468917,0.182864,0.362434,0.156259]	[152.739127,216.779929,220.098329,174.817714,224.679304,143.787246,240.782030,220.566262,241.905743]	997
[0.252003,0.081671,0.254642,0.267272,0.216805,0.434531,0.326033,0.526891,0.264858]	[132.222980,214.501829,205.270998,203.779147,214.330563,133.949126,225.504630,218.794373,267.237600]	760
[0.453455,0.152100,0.163180,0.194569,0.223708,0.259912,0.281175,0.442024,0.476166]	[135.820938,194.031303,191.388257,218.094660,221.963942,161.172568,215.112149,218.857532,271.424436]	1051
[0.321891,0.333328,0.284230,0.191294,0.375727,0.498196,0.144640,0.399535,0.299089]	[150.436460,210.094136,247.253826,200.563788,213.699559,138.990593,201.335205,211.704225,238.969333]	1231
[0.199235,0.268891,0.233077,0.137014,0.200659,0.653743,0.206825,0.236267,0.140116]	[181.074796,229.878996,270.152080,204.271641,210.614439,142.350457,191.452183,177.551395,229.760708]	847
[0.176555,0.101152,0.239779,0.288198,0.330703,0.198882,0.403826,0.255370,0.196435]	[155.572278,226.791010,164.691898,212.703978,278.444030,137.813143,211.711688,197.809472,216.244857]	984
[0.434294,0.087919,0.260123,0.197620,0.340106,0.323507,0.312486,0.300938,0.204327]	[135.018916,267.812786,216.430854,243.935451,156.089881,130.680996,212.097946,212.685087,214.029496]	772
[0.461655,0.114608,0.112778,0.223144,0.493696,0.421390,0.224858,0.200886,0.258333]	[136.795272,239.769916,232.168534,240.606918,195.163277,141.108614,243.024157,191.167146,200.755752]	945
[0.640610,0.039528,0.085121,0.166049,0.455405,0.490414,0.214571,0.191627,0.257370]	[124.672574,214.384346,211.825739,247.734220,199.217180,216.510899,254.345642,200.216307,199.184276]	673
[0.733067,0.048468,0.106125,0.159698,0.480606,0.202531,0.192729,0.167728,0.273675]	[131.786172,192.419473,214.006072,226.733377,202.189705,237.196273,255.408286,216.807735,196.529801]	472
[0.340539,0.094827,0.428012,0.158821,0.286115,0.248293,0.444415,0.346101,0.197292]	[146.956395,201.443838,154.963572,232.466467,214.638069,224.298061,247.012962,210.071102,229.160178]	821
[0.382902,0.379200,0.300508,0.106305,0.228950,0.421708,0.098057,0.501110,0.227514]	[172.010061,226.680051,197.011072,243.046533,209.072964,145.742685,212.068037,195.210181,271.245855]	1380
[0.281651,0.292500,0.350527,0.305966,0.298173,0.457557,0.178617,0.166842,0.273933]	[157.690065,210.390600,210.070038,284.988139,167.283911,195.884184,145.202726,226.984915,231.439862]	1267
[0.200128,0.117254,0.404815,0.358906,0.172069,0.281070,0.202417,0.252348,0.203781]	[177.849868,203.175922,210.186283,267.557706,177.912094,196.951756,125.877406,247.595531,223.446280]	872
[0.366068,0.135985,0.421162,0.316058,0.554512,0.282126,0.524259,0.255285,0.223299]	[174.976557,209.662536,286.056219,264.641518,192.424709,174.039532,155.426287,205.559488,203.175231]	1033
[0.475941,0.224272,0.219534,0.355136,0.240471,0.190226,0.315927,0.261118,0.217038]	[136.605958,205.110191,231.689697,284.960928,229.797558,197.535723,146.154535,219.834429,200.664789]	1042
[0.355645,0.104980,0.241441,0.263948,0.356618,0.332641,0.328346,0.146957,0.391643]	[132.989000,199.863662,237.787859,286.280600,216.964968,206.573075,147.132867,206.560808,201.560102]	738
[0.504974,0.068457,0.187293,0.324285,0.203707,0.300687,0.273907,0.216743,0.325417]	[143.368945,221.502997,224.698102,259.936073,213.498226,220.076667,150.525600,206.338392,208.765142]	549
[0.668373,0.062856,0.226642,0.181789,0.163186,0.146590,0.239424,0.232676,0.244599]	[137.636367,170.554189,203.763017,251.725306,246.874524,182.722409,218.673017,222.297381,206.513244]	922
[0.816077,0.167741,0.329583,0.103490,0.339392,0.210028,0.468592,0.413643,0.186167]	[130.620527,199.436656,253.104630,223.177337,225.222277,202.987579,135.970860,221.225346,226.945801]	1052
[0.482435,0.193163,0.221758,0.249081,0.163105,0.254051,0.223227,0.345360,0.240996]	[130.989303,245.034780,199.199663,209.993863,183.648247,216.436958,184.683576,234.162903,210.446501]	751
[0.694758,0.209936,0.174790,0.202506,0.333197,0.090709,0.444566,0.596227,0.240151]	[134.625242,229.480976,206.455758,277.936144,164.641702,203.844313,208.215497,219.314484,222.144784]	808
[0.330533,0.051691,0.165014,0.360881,0.167269,0.451350,0.165964,0.335761,0.308695]	[132.191768,217.062036,187.835738,175.126971,203.646230,255.374808,196.503054,211.036977,211.990248]	1111
[0.774921,0.058563,0.178978,0.437637,0.198542,0.500513,0.464069,0.287941,0.197027]	[130.231293,221.453076,186.501192,154.750577,184.432206,258.675752,226.001920,224.693467,236.055672]	792
[0.209439,0.328868,0.424044,0.268156,0.130293,0.266475,0.590783,0.438588,0.395239]	[176.788302,237.706843,199.855119,196.117017,142.673304,244.913081,221.817981,204.556708,228.610766]	1183
[0.065105,0.172915,0.126423,0.138648,0.256848,0.088353,0.264188,0.365779,0.207587]	[142.671937,229.102418,212.746631,222.332347,169.426311,187.998912,239.138842,233.037691,227.829672]	1364
[0.519295,0.348847,0.248938,0.097820,0.161765,0.400665,0.188700,0.311857,0.264244]	[177.183728,236.243781,170.236332,182.977224,194.673444,207.305705,219.647302,205.984865,255.042004]	1444
[0.488792,0.307854,0.344540,0.281152,0.193134,0.272045,0.095571,0.393265,0.250100]	[149.375218,216.329876,184.908943,198.947861,231.232518,217.107518,187.376168,209.778979,264.079806]	1128
[0.327265,0.076165,0.144968,0.399239,0.271114,0.247104,0.372895,0.235870,0.401403]	[142.085311,200.811854,206.659991,250.596364,220.784797,217.036677,188.146009,200.951860,213.941288]	1330
[0.518334,0.187681,0.457079,0.189616,0.184008,0.418917,0.227841,0.380490,0.429376]	[132.206955,227.657458,184.238284,240.225987,162.589215,256.396117,169.518741,222.311656,217.504395]	1010
[0.254359,0.182751,0.607775,0.187756,0.243515,0.211730,0.219905,0.569958,0.284839]	[128.699568,239.702771,210.800443,217.708200,143.638388,279.107518,144.344522,231.844489,200.645536]	865
[0.360646,0.069741,0.203324,0.207984,0.158853,0.326120,0.479849,0.222914,0.273804]	[138.130961,220.767609,231.274588,227.929243,159.553759,278.998413,136.908582,206.128881,200.776174]	871
[0.241932,0.298654,0.260777,0.137233,0.194883,0.135743,0.468465,0.275804,0.394275]	[180.529836,220.197839,198.611120,172.053318,185.781849,258.316924,155.395308,211.568838,240.004460]	1383
[0.269135,0.134257,0.318071,0.153448,0.148953,0.331953,0.164947,0.281355,0.362268]	[139.007877,205.614649,213.503832,170.338239,164.512384,287.300677,211.536665,208.836565,221.776988]	1388
[0.175646,0.414227,0.122149,0.294067,0.293730,0.313417,0.369679,0.314454,0.347406]	[144.336443,203.778787,219.332528,137.698065,188.982853,226.716994,178.966433,236.606636,232.018483]	1239
[0.463678,0.132455,0.143141,0.396238,0.093115,0.117068,0.169986,0.510985,0.286431]	[128.180157,200.449769,240.991881,165.559099,249.110581,166.688520,205.845188,229.409387,213.632267]	976
[0.341111,0.322918,0.476276,0.417648,0.415389,0.111880,0.189982,0.185709,0.200041]	[152.029621,235.209347,280.433980,141.813166,241.095693,181.871161,177.577997,207.765098,228.170564]	857
[0.368262,0.200994,0.364836,0.499635,0.163809,0.195884,0.144936,0.457541,0.399932]	[144.977533,230.889223,245.112499,188.791703,228.024702,159.418926,222.713860,211.853360,210.361852]	1001
[0.177853,0.252591,0.270925,0.367104,0.198893,0.207216,0.161566,0.283423,0.239283]	[131.587105,248.913932,234.292449,151.325803,214.584799,202.338804,236.523282,216.843173,209.126856]	968
[0.698695,0.377495,0.223704,0.252781,0.380448,0.358013,0.065790,0.205224,0.187657]	[132.623500,216.978226,155.875501,203.082700,190.300889,225.140521,236.329896,226.229140,230.056353]	1046
[0.929830,0.159389,0.186118,0.185925,0.228248,0.348036,0.243764,0.357447,0.251228]	[132.041057,225.829416,187.274462,235.888377,189.070236,204.613428,236.012914,225.873800,231.128405]	924
[0.167497,0.215316,0.247960,0.230173,0.323984,0.336484,0.309828,0.387684,0.209779]	[133.483609,236.008547,224.172326,254.148815,148.833560,193.913925,263.574611,219.683045,212.200512]	880
[0.439342,0.051879,0.223195,0.197480,0.247153,0.335452,0.401800,0.256151,0.392260]	[134.793523,187.109897,190.435864,268.742807,178.199057,199.676545,256.939414,214.154449,220.500554]	806
[0.221179,0.396884,0.286816,0.279525,0.256437,0.161791,0.162187,0.345132,0.336959]	[152.484907,200.251936,188.820339,209.581368,186.472774,175.559531,234.266907,243.749950,283.260438]	1243
[0.282144,0.443715,0.435684,0.209738,0.249722,0.235661,0.268219,0.425473,0.177095]	[175.599774,216.850172,193.206440,257.717927,187.535329,165.346294,217.880714,208.421373,229.902551]	1192
[0.177389,0.348406,0.374016,0.136364,0.222623,0.276525,0.190410,0.172855,0.216751]	[214.790253,220.154002,182.344293,244.260730,199.514176,174.837446,202.311708,182.281690,243.120158]	1377
[0.110669,0.359468,0.275876,0.344353,0.274329,0.248392,0.347378,0.329091,0.279226]	[227.232893,214.765375,224.907830,176.282872,221.324215,169.619142,197.705513,179.198977,245.197850]	1047
[0.197386,0.154878,0.258404,0.474724,0.348603,0.279517,0.210400,0.279247,0.229672]	[168.059217,259.848755,217.273838,180.345467,178.688196,196.087758,211.734092,194.218307,230.850735]	1019
[0.149473,0.238445,0.300232,0.217095,0.104324,0.185989,0.509008,0.308822,0.382211]	[241.291820,201.881279,163.567602,193.895441,226.784387,177.161960,205.270162,243.753512,233.098521]	1840
[0.343037,0.111715,0.236265,0.090343,0.185372,0.101694,0.213854,0.402702,0.369496]	[216.153534,236.577250,185.659647,169.554505,251.533813,169.042390,170.262250,251.317405,224.423453]	1255
[0.409342,0.092181,0.098307,0.237318,0.336955,0.186073,0.185184,0.136067,0.242613]	[214.839620,210.667035,171.347361,258.255415,239.927203,182.219105,167.783712,224.146797,237.257792]	859
[0.551833,0.075663,0.129871,0.377490,0.411425,0.325556,0.286916,0.361167,0.206944]	[167.443587,224.906406,203.535180,262.469308,234.021633,152.971746,162.369709,248.224462,249.250446]	874
[0.102253,0.176341,0.198505,0.113427,0.356947,0.437147,0.163646,0.152037,0.153945]	[218.364526,232.911702,178.657758,216.203503,213.383188,157.507031,137.296838,266.438935,250.683438]	989
[0.331538,0.084627,0.172057,0.299055,0.314656,0.280695,0.281861,0.116903,0.300023]	[219.012215,210.659864,190.032855,138.162478,224.715713,195.233887,195.581550,219.678070,237.816564]	1260
[0.302175,0.199737,0.266505,0.298811,0.118963,0.257251,0.505435,0.178524,0.208425]	[219.870448,202.935080,166.776597,180.804402,230.357073,155.613674,194.845635,213.687504,237.154708]	1074
[0.552342,0.323400,0.151577,0.258502,0.156432,0.176773,0.540355,0.289955,0.458953]	[186.949505,253.198795,186.490386,188.967360,240.862692,175.759390,171.424707,208.644215,226.042433]	1209
[0.424207,0.364041,0.171961,0.312389,0.443595,0.475668,0.270506,0.427065,0.190674]	[225.080815,217.185962,213.647079,183.907089,214.993647,146.459862,159.994627,221.314792,243.665939]	1311
[0.346297,0.214395,0.319660,0.194300,0.325342,0.309067,0.188186,0.450480,0.236377]	[193.123503,243.370958,264.304345,181.618145,217.372784,145.742792,161.981884,216.046379,224.873398]	968
[0.256840,0.259103,0.434570,0.352181,0.258542,0.094826,0.335710,0.093611,0.233844]	[181.156459,257.791567,289.718560,136.990822,181.625753,193.854485,163.355698,231.805381,220.947205]	1145
[0.374286,0.108465,0.426929,0.387776,0.233229,0.262223,0.310996,0.083393,0.240730]	[193.913137,213.586451,299.576988,171.129807,188.973811,225.987782,169.686960,200.754174,203.573737]	1014
[0.334723,0.264579,0.321139,0.276253,0.391058,0.121929,0.316185,0.075227,0.189421]	[220.482559,229.214247,252.742990,184.698104,159.180944,231.974800,174.744714,192.986897,224.923450]	1134
[0.119847,0.220142,0.266211,0.137319,0.221929,0.182920,0.379501,0.344081,0.323492]	[154.516166,182.584180,256.816798,186.342050,167.868091,201.965979,178.388525,232.472024,237.123700]	1477
[0.297655,0.095303,0.266295,0.155347,0.096214,0.178273,0.147617,0.202986,0.176028]	[167.866605,178.037330,210.588364,230.871197,202.593606,234.874764,191.360448,256.527609,223.907451]	1384
[0.432579,0.094059,0.198499,0.213985,0.175058,0.299282,0.215903,0.190420,0.333622]	[167.244959,164.012314,191.185793,225.340196,181.807327,244.923911,195.774800,246.036863,203.663869]	1026
[0.433407,0.098731,0.277590,0.211789,0.259984,0.135602,0.202759,0.263929,0.374571]	[195.677193,161.647898,166.433485,239.038456,181.826581,222.803953,201.302929,239.899432,205.982860]	673
[0.328652,0.207036,0.403340,0.274291,0.350270,0.206514,0.102120,0.392503,0.434332]	[147.483834,165.364806,213.733934,225.621543,226.881584,210.004918,204.051586,274.226019,214.246746]	1157
[0.343433,0.072370,0.123575,0.379176,0.274242,0.146847,0.274972,0.177299,0.236878]	[139.887692,146.433268,205.971590,212.886237,232.132232,206.123507,210.240629,266.034900,212.888200]	894
[0.479566,0.328714,0.291519,0.085549,0.215330,0.237258,0.080355,0.227014,0.259223]	[159.950895,201.985708,257.695299,126.083007,216.511581,229.798177,172.303665,244.601340,205.490310]	1494
[0.157823,0.270596,0.362234,0.309095,0.234405,0.287419,0.094030,0.217650,0.250822]	[176.205913,246.337900,215.116365,178.460764,180.405427,237.562239,164.936977,240.333273,198.541984]	1099
[0.373612,0.107277,0.289938,0.221874,0.191947,0.260277,0.132333,0.236138,0.441161]	[139.919894,232.072883,219.755827,182.045857,204.977388,260.632172,171.646918,228.651198,202.252284]	909
[0.364160,0.072835,0.312224,0.340079,0.238840,0.218387,0.146971,0.177722,0.427434]	[138.605279,243.969173,220.560330,177.047248,197.627148,275.716157,172.615468,229.238056,200.888654]	680
[0.245528,0.286753,0.250702,0.252242,0.226220,0.266461,0.310027,0.176451,0.198894]	[190.219270,250.876861,225.834737,218.607862,145.121829,261.230716,157.958152,214.395587,202.690598]	1106
[0.236150,0.138294,0.398200,0.196769,0.191115,0.400876,0.170433,0.193532,0.277341]	[159.338083,244.487396,205.297959,239.438462,149.626153,266.291276,169.118484,198.777671,203.039244]	894
[0.196903,0.133894,0.312607,0.277729,0.154548,0.240444,0.140209,0.304334,0.236470]	[164.384373,228.261480,230.972771,213.307111,167.938904,247.198853,164.697981,208.165906,201.381577]	780
[0.275389,0.063974,0.267927,0.227920,0.137719,0.211309,0.247748,0.149441,0.239172]	[179.225355,208.468562,238.904706,205.417214,176.560093,256.907156,170.262327,203.461031,202.201157]	580
[0.273709,0.072197,0.143554,0.339687,0.148627,0.530040,0.255573,0.082267,0.256255]	[168.689024,197.074414,220.241704,229.417329,198.189139,251.257287,166.512225,185.838245,199.375170]	618
[0.375909,0.101334,0.135433,0.316254,0.155752,0.341755,0.254612,0.220937,0.206145]	[141.890412,204.147841,253.301881,207.856775,213.115436,271.050673,183.015287,183.434895,202.485167]	741
[0.300182,0.047945,0.110709,0.185400,0.246128,0.212612,0.179654,0.177469,0.233510]	[126.418960,201.818636,263.814102,212.813566,224.278584,254.646636,180.004588,176.989335,199.665289]	752
[0.352096,0.105049,0.113303,0.215016,0.076445,0.261139,0.327088,0.397240,0.240326]	[138.956536,194.914603,234.211704,241.853268,191.501151,278.335543,203.641775,161.177168,201.675567]	742
[0.519969,0.036238,0.108249,0.225744,0.247742,0.301874,0.180603,0.327738,0.302074]	[139.582688,173.004460,256.083958,185.709983,234.479476,265.530539,202.561616,169.841292,196.734201]	747
[0.506858,0.045268,0.206421,0.336127,0.197744,0.310609,0.164439,0.169785,0.302074]	[162.285240,183.068738,257.472821,191.015224,208.542191,262.025531,204.277909,167.974788,196.734201]	526
[0.204437,0.043508,0.205531,0.244247,0.146043,0.286267,0.205880,0.164059,0.317331]	[176.287641,195.640486,233.965243,205.895016,207.943427,257.366777,183.533690,163.983934,195.465710]	340
[0.184060,0.051015,0.198848,0.363526,0.190858,0.289040,0.149253,0.181622,0.345460]	[189.624709,191.483980,237.152824,205.031422,211.003190,248.376347,184.792737,162.637758,196.254176]	331
[0.273984,0.097857,0.254489,0.252551,0.235688,0.253615,0.157955,0.204074,0.302986]	[148.813388,199.840225,263.310969,200.511256,236.717065,271.519679,201.759393,153.782850,200.868045]	698
[0.284544,0.052402,0.144409,0.261784,0.096240,0.201587,0.323499,0.216131,0.315317]	[193.029783,156.223471,255.895004,188.984129,199.471282,259.572155,205.657890,153.662396,201.291772]	782
[0.305281,0.037662,0.214939,0.332987,0.083309,0.219745,0.235741,0.236281,0.314688]	[155.217424,188.429010,241.920735,187.845698,206.115961,274.176145,186.759798,166.774887,198.070280]	638
[0.390942,0.072735,0.098973,0.274204,0.096349,0.238086,0.246715,0.229020,0.217981]	[234.815091,193.419350,222.544093,192.076087,200.756411,263.713101,182.324898,167.609306,211.330667]	637
[0.251142,0.269302,0.146076,0.152700,0.138440,0.286349,0.194097,0.111840,0.199131]	[230.940966,237.473684,188.585794,206.820591,200.971400,253.696587,213.223337,150.471515,207.557039]	1172
[0.164057,0.118802,0.639815,0.228519,0.387815,0.283817,0.114677,0.346040,0.276846]	[249.520803,243.813892,162.967323,200.926884,146.612679,255.661761,221.471776,192.486918,198.687162]	1200
[0.162509,0.106974,0.323098,0.218546,0.147458,0.355074,0.420041,0.167206,0.328834]	[178.102774,255.904312,184.837445,209.387187,186.095209,256.548578,233.507575,170.248017,196.759002]	1287
[0.377627,0.152365,0.324478,0.327101,0.258647,0.329806,0.396382,0.144200,0.322611]	[167.650214,227.985390,150.847668,248.957763,182.390082,237.255480,222.789405,162.955441,217.172222]	872
[0.194736,0.138396,0.393157,0.435231,0.307578,0.165490,0.231734,0.338194,0.290768]	[162.702640,201.471728,138.752073,265.402467,191.235809,230.042841,206.305845,183.832977,200.497705]	940
[0.271394,0.117145,0.523983,0.379192,0.223469,0.262255,0.175812,0.355585,0.314758]	[174.530756,235.321386,159.461572,266.003411,193.458322,240.274675,223.288021,173.962649,210.171270]	932
[0.181907,0.128395,0.161220,0.336504,0.250353,0.299907,0.148040,0.121433,0.265317]	[216.044452,168.160245,175.737522,271.134672,226.656423,224.843658,224.130508,163.035992,211.006325]	1036
[0.193584,0.068365,0.503097,0.201867,0.265236,0.257713,0.319338,0.270459,0.300368]	[188.579410,226.300891,136.209820,201.561757,175.939894,249.675768,229.635065,164.010929,227.293729]	1002
[0.576270,0.155048,0.327275,0.236837,0.543320,0.323962,0.229940,0.240007,0.253399]	[157.885452,207.644703,149.348943,219.547360,213.908318,276.174868,204.268779,165.711702,199.982304]	951
[0.390086,0.183687,0.300694,0.309230,0.522557,0.362193,0.106264,0.256927,0.319427]	[139.726301,217.256582,177.869477,189.066071,233.861608,297.872357,181.977819,181.588447,203.016180]	806
[0.112495,0.116078,0.204943,0.216686,0.201121,0.241678,0.102076,0.195902,0.243740]	[180.267367,251.350333,178.441814,224.959123,172.883930,300.426645,176.461807,180.258528,201.200245]	970
[0.244192,0.314663,0.151216,0.211482,0.300199,0.226976,0.167431,0.244971,0.271920]	[188.205299,206.053958,221.530805,205.657625,172.752642,228.335956,131.719007,260.302737,225.577772]	1597
[0.177521,0.177866,0.183841,0.215890,0.330001,0.259072,0.253634,0.368284,0.262803]	[176.072907,244.197342,156.080074,225.482648,190.252021,222.602134,142.420483,237.273275,215.848795]	1032
[0.294625,0.182760,0.240290,0.117244,0.233638,0.267217,0.185312,0.215603,0.215354]	[162.957161,233.213108,207.006337,192.071271,225.239597,220.879540,147.749579,214.325437,232.481703]	1213
[0.228058,0.067816,0.292716,0.251913,0.340260,0.196395,0.110943,0.232482,0.115918]	[221.265834,207.463450,237.172882,143.020492,242.541197,217.269641,149.751161,219.120998,236.549418]	1152
[0.247393,0.077972,0.248632,0.184205,0.322095,0.204626,0.126034,0.218964,0.112409]	[204.551640,181.479745,209.756933,192.869272,244.070153,254.669092,141.101292,222.920689,221.032647]	1019
[0.361285,0.071747,0.179411,0.223788,0.223678,0.269344,0.121118,0.191022,0.152095]	[166.874545,185.156782,215.118906,184.197403,247.280609,249.262980,159.637805,228.962372,207.392663]	1132
[0.175081,0.057660,0.332448,0.110830,0.130624,0.193892,0.232099,0.133005,0.195335]	[187.950360,183.317251,188.581301,229.234635,211.930205,248.058715,157.960070,233.640531,203.903112]	1150
[0.657432,0.087188,0.438415,0.197620,0.291020,0.257927,0.228695,0.118658,0.196075]	[152.020048,230.379714,227.727118,188.686112,185.901448,296.652516,164.915957,204.232739,238.542050]	1048
[0.099930,0.144096,0.602795,0.179408,0.518269,0.321379,0.237909,0.255653,0.173756]	[161.551387,222.755828,236.269652,161.396344,194.915766,256.527252,163.647563,227.900856,218.992477]	929
[0.532635,0.116589,0.416125,0.053947,0.263266,0.269625,0.251798,0.280321,0.175397]	[213.871506,224.156042,220.782837,161.365606,186.411827,266.173900,163.502743,208.871908,223.689861]	787
[0.321444,0.104992,0.338661,0.172978,0.193222,0.276519,0.213722,0.071169,0.189924]	[190.997648,188.094513,208.537528,222.636008,224.140086,257.418597,157.550225,196.973805,228.046070]	981
[0.417053,0.070180,0.277948,0.063529,0.183631,0.240765,0.209390,0.104471,0.268323]	[188.858410,208.714113,225.217083,194.921480,214.164699,253.644911,159.226788,178.116145,229.981746]	635
[0.330068,0.046281,0.330842,0.064271,0.122274,0.131826,0.164322,0.150922,0.171520]	[204.171077,186.061483,218.260271,197.067684,180.121540,244.602434,155.464394,199.281644,234.280535]	576
[0.217627,0.046800,0.072527,0.255494,0.096535,0.247092,0.164322,0.159906,0.177839]	[209.711990,193.570356,178.110788,243.785972,195.225767,224.610714,155.464394,225.218885,238.272543]	961
[0.489544,0.049790,0.380282,0.124293,0.552693,0.217964,0.199836,0.177347,0.179642]	[230.953799,215.406201,154.705539,188.729438,208.227677,242.133571,132.432867,214.568396,238.197370]	1023
[0.365532,0.113315,0.445225,0.231053,0.186638,0.224122,0.080616,0.264154,0.257434]	[221.935026,189.526142,167.918901,229.605180,193.312739,235.545740,140.621480,218.720441,234.746105]	775
[0.086742,0.351808,0.479832,0.263912,0.178943,0.416782,0.154456,0.184532,0.339932]	[221.553824,226.489286,147.980053,222.025059,192.776530,242.613560,140.918660,198.820661,234.258178]	828
[0.272541,0.419634,0.447853,0.285175,0.209570,0.252288,0.140187,0.158710,0.226945]	[203.169150,220.550850,130.755319,232.617362,195.567474,244.493579,163.861418,187.136320,235.581188]	366
[0.306589,0.210107,0.233178,0.152359,0.449358,0.459371,0.133257,0.189345,0.256611]	[229.868375,195.848893,152.707954,228.153003,209.401888,248.279504,156.969925,183.283083,215.863144]	833
[0.208807,0.147504,0.438000,0.374491,0.231078,0.397289,0.165562,0.200843,0.230904]	[207.718491,209.702121,159.185620,209.209424,192.649801,276.371057,256.496117,151.570234,221.569827]	1228
[0.568146,0.196515,0.256149,0.177271,0.217631,0.187572,0.242783,0.188547,0.235804]	[190.123990,201.292632,163.235494,222.940641,212.418523,239.922656,221.352381,160.899153,211.782514]	930
[0.476426,0.068021,0.343430,0.275985,0.302190,0.188328,0.350579,0.183533,0.257316]	[166.006891,159.916274,187.790495,215.074802,219.367598,227.617446,237.545873,156.029920,211.238755]	742
[0.319151,0.033069,0.301693,0.298703,0.149385,0.426238,0.378382,0.178606,0.254433]	[140.757772,173.926271,184.528263,216.097778,227.380885,237.265479,228.732455,161.748472,211.618358]	518
[0.434268,0.139503,0.378528,0.200381,0.263678,0.298670,0.244844,0.247641,0.206839]	[150.795225,189.278641,195.693601,188.994564,234.838644,245.245573,205.723439,168.643081,203.561101]	890
[0.414616,0.054036,0.448945,0.430429,0.184200,0.559732,0.193884,0.236505,0.232984]	[179.123409,165.527584,194.493266,185.287749,223.396994,265.473481,209.642628,166.027018,203.309353]	721
[0.544916,0.032788,0.372363,0.196687,0.340786,0.206484,0.375411,0.215882,0.250090]	[194.762666,161.007040,196.769459,176.529512,228.746837,230.950914,243.758528,187.409481,201.316160]	741
[0.386331,0.113136,0.380911,0.144432,0.391239,0.101438,0.311543,0.349104,0.250455]	[187.565855,173.440136,207.398651,156.196353,232.981213,200.374659,262.255016,190.814545,202.671340]	556
[0.245714,0.054453,0.177479,0.115203,0.511761,0.167573,0.318545,0.108383,0.244474]	[176.895480,189.826991,214.641075,152.692987,219.912811,219.095622,245.630467,185.209163,201.353583]	773
[0.383082,0.029865,0.129317,0.114029,0.335028,0.211028,0.283358,0.075354,0.260159]	[204.591684,165.321632,242.383289,143.416485,222.131932,228.315844,223.024972,179.886138,201.152791]	492
[0.320400,0.024384,0.139448,0.114029,0.327178,0.155249,0.291596,0.076722,0.264647]	[196.549705,152.103494,237.567334,143.416485,204.706392,227.396074,219.853745,184.266186,200.921955]	265
[0.357155,0.024486,0.141796,0.154500,0.260369,0.128279,0.287713,0.074514,0.264647]	[212.110177,155.822803,236.581909,141.495703,222.802778,206.209169,216.765007,184.862061,200.921955]	242
[0.278039,0.056492,0.141736,0.466487,0.163995,0.068412,0.372381,0.068129,0.245117]	[188.305665,171.017430,235.296726,136.218432,220.958932,224.678521,216.058095,178.111561,202.945834]	350
[0.403059,0.089244,0.392489,0.397586,0.180786,0.071573,0.333653,0.243790,0.205434]	[193.817995,174.324966,227.726664,135.035088,227.098486,220.221731,217.365414,204.780633,200.612047]	632
[0.350221,0.060424,0.273381,0.437667,0.268183,0.067231,0.342469,0.132824,0.207287]	[213.418537,167.035475,223.532313,147.460469,212.741501,229.562175,236.556392,194.445316,200.690789]	612
[0.428726,0.127522,0.281628,0.644191,0.269386,0.092613,0.247218,0.106090,0.205781]	[161.693630,193.707304,286.909713,146.399617,207.891456,238.595510,222.320791,170.131324,200.780858]	607
[0.308321,0.036807,0.300185,0.644191,0.264226,0.093367,0.378673,0.104331,0.236026]	[231.577612,159.503863,283.899520,146.399617,208.309645,233.316277,233.214366,174.500073,201.980110]	507
[0.382118,0.045211,0.288882,0.254786,0.257425,0.277023,0.209204,0.304746,0.306315]	[164.733354,211.470112,168.029486,134.821352,188.924809,260.083033,270.921758,175.386168,200.551993]	1019
[0.435262,0.051340,0.205849,0.316342,0.262809,0.114259,0.272477,0.230302,0.251653]	[212.957489,167.570993,228.755968,145.816312,195.379664,228.230019,251.306084,183.372987,199.915398]	627
[0.544251,0.030822,0.224784,0.342349,0.263155,0.241011,0.269967,0.146275,0.286031]	[200.509270,162.754066,283.073373,148.709465,191.663659,232.327004,225.636302,182.477791,198.077914]	390
[0.474195,0.057309,0.431637,0.318392,0.293438,0.318089,0.210806,0.220569,0.315219]	[208.509038,171.504290,290.822170,146.778831,187.986464,228.215087,230.450951,185.210081,198.155707]	423
[0.332510,0.069757,0.374928,0.320607,0.258053,0.379329,0.303329,0.221404,0.288639]	[238.148029,170.441567,261.964844,147.019788,207.652063,217.220585,235.169717,192.848416,201.711416]	437
[0.228974,0.035207,0.231460,0.396142,0.196832,0.277112,0.246132,0.223832,0.197395]	[264.145990,168.060388,248.870358,137.544791,208.961069,181.162514,232.527421,189.539280,200.877586]	461
[0.441942,0.096273,0.381109,0.330907,0.215471,0.336847,0.334140,0.333480,0.188654]	[230.255673,206.400612,141.440244,130.673466,215.596248,224.324828,248.390149,210.551432,202.436695]	800
[0.503373,0.069900,0.327955,0.549510,0.121436,0.233785,0.340712,0.310442,0.232396]	[203.780762,206.888119,162.131833,140.936327,209.646383,227.596884,254.896070,189.810501,202.028228]	642
[0.400802,0.094192,0.468633,0.619426,0.181065,0.417137,0.197589,0.288152,0.222490]	[198.186479,162.763274,193.669862,138.536106,202.021765,242.142815,289.539449,194.057433,202.703957]	473
[0.327888,0.033468,0.427232,0.615499,0.237530,0.281052,0.258590,0.249155,0.252465]	[222.660311,159.871194,183.751314,143.052175,202.561553,243.141034,277.784254,188.492283,199.773113]	454
[0.457682,0.127470,0.375470,0.373548,0.231845,0.282467,0.280376,0.209938,0.176843]	[209.397220,197.005596,170.706677,145.884149,208.315317,251.152611,251.766970,193.451767,215.781513]	441
[0.276082,0.091322,0.382216,0.534299,0.146857,0.160660,0.280500,0.243659,0.164121]	[252.483477,189.658798,171.674772,145.064059,196.279999,248.182063,197.464795,208.935369,209.192557]	406
[0.623983,0.123000,0.388586,0.690493,0.164832,0.185931,0.141789,0.324086,0.157333]	[201.939784,209.387763,166.049119,142.507048,238.229887,175.692428,255.831562,218.838647,225.555698]	951
[0.203634,0.066270,0.467604,0.421037,0.374736,0.360510,0.170362,0.401878,0.239392]	[208.737076,172.447452,150.895743,129.583097,239.245629,189.383095,272.702894,209.167275,218.372401]	664
[0.150620,0.122813,0.362368,0.572824,0.379188,0.255291,0.091315,0.380975,0.254453]	[196.491651,211.600223,178.773958,131.060410,234.943631,195.627795,212.887911,222.725876,232.224367]	604
[0.350130,0.079423,0.072316,0.144426,0.484572,0.231367,0.092811,0.420355,0.322057]	[137.840904,201.468302,208.493892,135.958711,226.084295,210.468097,259.717220,202.548106,219.173691]	669
[0.264280,0.051153,0.151886,0.145711,0.351907,0.372926,0.078485,0.213820,0.340896]	[168.047638,191.431579,215.427122,174.501082,211.807615,234.250487,272.016979,192.009714,203.640477]	848
[0.251844,0.054096,0.084323,0.091745,0.257932,0.072909,0.238625,0.240590,0.327183]	[149.930262,240.528325,158.710873,155.165573,247.224928,207.877420,245.374938,194.478449,199.059128]	1232
[0.269010,0.152630,0.163732,0.141060,0.177448,0.066300,0.109695,0.421188,0.276940]	[141.103780,228.096347,202.886222,154.473526,288.489943,216.187194,251.591606,208.980271,197.422579]	1071
[0.337842,0.091724,0.153831,0.107554,0.140783,0.262114,0.094386,0.270950,0.311473]	[187.473200,232.918782,204.890820,139.026233,134.646334,221.864851,273.862832,229.745001,196.941687]	956
[0.252279,0.097291,0.280572,0.513124,0.509473,0.230272,0.199028,0.139370,0.224703]	[155.166985,180.115624,240.959685,135.302766,174.658215,217.268885,262.823984,258.596919,203.993972]	769
[0.214096,0.071429,0.292575,0.434966,0.468694,0.125800,0.134912,0.152173,0.278991]	[176.815624,195.680229,236.174785,144.542035,163.568764,234.244032,239.580359,232.662699,195.490414]	697
[0.260143,0.060735,0.241559,0.405155,0.194702,0.211589,0.151799,0.132291,0.244613]	[239.792677,186.860540,222.643554,144.972693,208.662450,214.406857,238.043360,200.332388,220.310258]	820
[0.260932,0.029401,0.137114,0.404304,0.334170,0.206482,0.164195,0.184809,0.233515]	[236.268978,151.528994,207.800045,144.788019,262.430697,200.390440,216.643157,234.547990,211.123844]	892
[0.301075,0.044422,0.124239,0.407014,0.094529,0.059074,0.186636,0.340999,0.322350]	[197.284857,202.580421,177.370827,143.378307,268.033526,170.842342,224.847597,256.483740,203.396302]	1147
[0.450763,0.290636,0.229293,0.244596,0.450089,0.623226,0.193666,0.377456,0.134632]	[215.775451,253.817402,160.854922,188.538059,175.024612,144.489444,182.674130,251.764004,237.027798]	1170
[0.566434,0.205804,0.255588,0.261222,0.375135,0.599122,0.228278,0.315340,0.283184]	[206.124735,232.656187,233.043036,164.201634,172.922092,150.169281,219.067503,270.528407,224.182944]	1213
[0.208708,0.145487,0.083323,0.374913,0.115110,0.101519,0.179808,0.182389,0.284784]	[179.967460,243.180923,228.299765,163.247249,184.494547,180.676583,215.278308,281.010153,201.222342]	900
[0.215831,0.046193,0.199898,0.511350,0.394623,0.166320,0.171560,0.103739,0.261012]	[209.720505,186.991245,197.897835,137.769762,252.203669,193.712751,222.423681,273.154731,205.722781]	1087
[0.177198,0.066274,0.334501,0.319848,0.421527,0.168556,0.152848,0.323380,0.313253]	[172.498394,230.036684,196.243345,126.472574,248.517372,221.167014,227.148310,234.031958,203.160580]	684
[0.482869,0.054264,0.334518,0.319848,0.334052,0.184818,0.186483,0.405064,0.340359]	[179.374668,197.761919,235.802514,126.472574,255.651637,202.578362,211.911425,216.694956,203.089407]	596
[0.311182,0.117537,0.191336,0.324827,0.512979,0.295765,0.371892,0.406737,0.275756]	[167.005491,199.255562,189.793925,139.524319,243.445500,263.746653,229.669207,213.870596,206.366105]	935
[0.198053,0.182655,0.160234,0.189621,0.205156,0.130291,0.122909,0.283575,0.345067]	[213.989418,229.778875,223.702588,132.124180,229.255122,194.851227,215.837325,173.227954,203.872330]	1232
[0.166192,0.077069,0.266644,0.189621,0.316392,0.265596,0.124245,0.233700,0.276007]	[174.697671,185.204808,218.157724,132.124180,289.272565,236.382278,202.789136,195.221920,198.693718]	823
[0.231622,0.035127,0.179124,0.117829,0.297090,0.270398,0.147616,0.282259,0.298816]	[136.754875,186.613269,218.692138,128.960284,271.417104,233.902915,210.034894,227.240102,198.323486]	697
[0.104398,0.082850,0.354855,0.605221,0.050082,0.299721,0.203087,0.137729,0.285533]	[147.667925,254.000035,189.254741,134.163700,233.374062,235.439191,228.405725,245.379843,197.469452]	827
[0.327229,0.055996,0.254350,0.324286,0.202079,0.361091,0.185017,0.419594,0.314448]	[162.175204,224.349440,225.788150,132.856370,135.909485,232.160054,229.195139,230.259323,197.302490]	1034
[0.198428,0.150904,0.165759,0.225138,0.403272,0.092065,0.320680,0.321362,0.214580]	[225.524218,185.987454,214.487897,128.686013,151.039382,223.281107,226.580125,239.176452,203.582009]	946
[0.411957,0.037517,0.153665,0.222595,0.262141,0.070899,0.454738,0.317029,0.311583]	[216.964708,171.143088,251.820486,131.594743,202.527953,191.460727,217.944397,249.080436,196.693297]	701
[0.251796,0.038917,0.314448,0.337145,0.347461,0.213468,0.376559,0.394439,0.301351]	[242.679604,175.063989,157.201076,144.348291,191.914403,222.114339,200.911869,279.131041,196.283220]	737
[0.370271,0.167469,0.198240,0.368310,0.266315,0.349620,0.580137,0.299574,0.298779]	[199.834619,266.109621,157.663563,135.243499,192.294192,185.807095,222.012654,258.385739,201.445330]	953
[0.404999,0.044857,0.282850,0.368310,0.357333,0.311343,0.457654,0.275565,0.324800]	[162.712266,225.431084,229.350731,135.243499,186.223380,201.301728,213.780818,275.705677,197.028321]	720
[0.252492,0.169341,0.267100,0.480229,0.254452,0.338519,0.253422,0.361104,0.228723]	[181.916601,237.143282,205.802679,132.309669,190.042383,190.791960,241.252321,245.786924,206.121254]	911
[0.117787,0.143606,0.333229,0.502627,0.177880,0.457511,0.377551,0.221342,0.215493]	[202.606028,218.358073,170.466045,135.799408,187.243088,207.782856,221.471282,268.350039,238.062065]	1119
[0.063229,0.115697,0.357517,0.562385,0.294891,0.182267,0.421188,0.220648,0.276799]	[198.419594,208.697697,168.596390,142.749958,208.685251,206.533979,216.482724,270.299055,219.882203]	720
[0.287728,0.078991,0.398501,0.174671,0.276281,0.426488,0.394061,0.135026,0.227919]	[153.636056,229.326132,188.221579,141.652923,231.085414,217.381164,230.223110,225.623176,217.556157]	985
[0.383594,0.085258,0.303072,0.159885,0.216897,0.222961,0.156987,0.282439,0.180332]	[160.174198,213.313434,210.922722,138.537478,200.494971,205.731448,239.419103,260.915211,243.266720]	985
[0.142297,0.096143,0.233467,0.127224,0.420822,0.265936,0.302341,0.259980,0.132804]	[179.826717,181.791803,230.479058,151.237780,173.245316,200.312845,224.273004,254.454459,234.832298]	910
[0.250883,0.085925,0.412030,0.233940,0.103677,0.403414,0.231707,0.384670,0.155663]	[223.218598,175.775252,148.988554,138.556711,196.745756,242.175450,227.205519,264.588970,220.690331]	1135
[0.170042,0.050498,0.422610,0.490612,0.400806,0.095657,0.171291,0.214877,0.211028]	[253.245294,196.909783,145.952100,129.864690,149.612581,242.045721,226.518165,243.421925,217.975002]	1023
[0.805545,0.204041,0.220260,0.282322,0.413905,0.250464,0.132600,0.381016,0.262074]	[220.329540,195.332434,172.106492,122.632850,192.668418,235.501830,197.813755,217.720015,254.869307]	936
[0.641807,0.048136,0.329508,0.474892,0.215277,0.421460,0.153330,0.464112,0.140654]	[215.591526,180.880600,234.347799,152.952978,199.963692,230.285639,198.320302,223.846176,222.102437]	910
[0.265110,0.091361,0.338917,0.304355,0.412757,0.304817,0.294637,0.152118,0.178845]	[228.729298,161.980183,184.748508,141.782041,228.263660,226.372179,202.778904,219.615657,227.457841]	769
[0.306685,0.024699,0.192822,0.627452,0.350052,0.268192,0.112896,0.203297,0.239912]	[207.116534,159.727584,209.252713,144.736786,218.464780,204.484519,213.277029,210.151403,229.156898]	617
[0.285501,0.043669,0.322215,0.556700,0.270560,0.237004,0.144012,0.180418,0.218327]	[194.656617,153.402754,243.598481,154.303172,216.980374,198.480587,207.271280,220.537663,209.527319]	301
[0.341528,0.028890,0.124386,0.521229,0.161882,0.141934,0.181258,0.175936,0.259712]	[219.038992,148.124200,206.134981,169.235698,208.368953,213.559458,206.480869,204.878718,207.641867]	481
[0.214770,0.053847,0.268504,0.413079,0.147195,0.130367,0.147403,0.363108,0.282725]	[232.310179,182.704506,199.990424,166.591463,200.267802,216.428129,199.439308,219.954299,202.124124]	636
[0.338618,0.071361,0.125635,0.407479,0.136978,0.125260,0.099325,0.339059,0.235834]	[257.090637,176.914115,273.285064,162.042972,204.120667,208.589086,196.247474,191.766305,209.645578]	540
[0.249584,0.028765,0.223678,0.308118,0.207225,0.126324,0.139212,0.396848,0.293438]	[234.627911,163.776425,183.987091,162.323302,217.981447,212.624548,245.644865,202.525021,202.498470]	638
[0.199998,0.045155,0.382257,0.308118,0.166939,0.114532,0.112974,0.449771,0.278808]	[230.430613,186.199102,161.632572,162.323302,219.679710,190.975360,255.171486,200.429797,204.507938]	488
[0.316730,0.025097,0.173400,0.308118,0.151688,0.122349,0.135113,0.424659,0.272605]	[237.476326,181.939655,217.825966,162.323302,197.754507,214.959440,234.313127,196.138487,206.459533]	785
[0.428785,0.048474,0.366731,0.571963,0.262401,0.093960,0.244391,0.200536,0.237148]	[232.909905,247.372237,165.317690,135.224855,203.161797,201.837933,244.568973,226.167523,202.465438]	992
[0.376855,0.096026,0.347444,0.597918,0.094961,0.496231,0.412025,0.253452,0.182096]	[182.673124,245.802923,174.992602,138.106475,200.443399,231.427107,213.184899,246.040071,240.797143]	1185
[0.135900,0.095176,0.105692,0.617703,0.267097,0.150586,0.278821,0.231891,0.131352]	[185.575638,202.970811,186.556855,140.627630,237.622810,229.987402,200.753571,267.963088,264.409339]	1118
[0.209519,0.087330,0.154577,0.688695,0.136740,0.419069,0.334415,0.305745,0.206384]	[203.412627,225.437162,174.789407,125.056257,187.515683,251.343441,197.998904,269.902029,245.319071]	960
[0.334652,0.054186,0.512773,0.268753,0.171061,0.450807,0.301276,0.103378,0.275460]	[210.623381,251.138165,163.248829,121.000206,185.050690,221.675334,195.308809,259.277221,224.557160]	820
[0.373633,0.153976,0.326556,0.565840,0.185886,0.147787,0.350888,0.317012,0.217030]	[144.218349,215.141666,148.483976,134.271476,244.533655,221.661860,204.801172,284.914346,242.701002]	1024
[0.525784,0.095019,0.240182,0.405275,0.252676,0.137798,0.408319,0.080009,0.390053]	[158.022726,183.610139,176.603889,147.877778,250.376553,229.154023,230.572573,233.184450,224.571733]	796
[0.255268,0.053235,0.345663,0.434229,0.308897,0.467460,0.122322,0.291272,0.219149]	[191.577913,206.702736,157.603300,153.539254,228.266926,224.347524,263.029261,237.983144,207.352667]	901
[0.485391,0.092998,0.374614,0.526736,0.141638,0.459142,0.086743,0.450506,0.110825]	[205.951401,172.011744,180.742936,149.206214,238.833004,229.911957,223.074673,230.251372,247.326051]	1145
[0.269176,0.142360,0.384725,0.507981,0.236898,0.388166,0.113393,0.206954,0.116749]	[224.335486,187.080152,161.867554,159.949210,216.088254,241.090269,204.152146,216.567088,239.757247]	808
[0.283081,0.073943,0.226704,0.431304,0.238204,0.322705,0.137016,0.131330,0.220542]	[211.789581,147.780078,195.090934,158.906166,212.631828,228.406677,200.988991,211.948365,238.564449]	820
[0.369026,0.084688,0.472728,0.437888,0.273137,0.177115,0.205954,0.189864,0.200593]	[216.632225,162.973772,195.175082,141.952462,182.924551,238.569066,211.794600,226.585346,236.138239]	669
[0.315303,0.078869,0.342346,0.544060,0.345201,0.143606,0.207220,0.196089,0.141634]	[210.267530,154.876267,176.648052,150.244764,236.604166,204.108665,227.994938,240.602256,245.277158]	767
[0.274124,0.068523,0.117253,0.271627,0.161176,0.529859,0.327006,0.053447,0.128206]	[178.336672,161.467683,160.931666,158.853177,246.392610,237.614665,239.617030,217.551079,257.296241]	875
[0.125984,0.040823,0.057918,0.430054,0.119702,0.361272,0.389545,0.186479,0.105442]	[211.141302,151.417467,183.764522,150.745482,221.270703,237.988095,210.367482,239.435439,236.166891]	839
[0.336440,0.048481,0.063245,0.378119,0.335290,0.134603,0.456185,0.283282,0.141266]	[227.552639,169.364780,181.394882,158.739399,196.237183,220.162620,185.617881,251.739687,257.119678]	882
[0.292475,0.108023,0.402995,0.522911,0.253680,0.269812,0.412700,0.269554,0.241875]	[180.559485,228.601795,162.909962,134.105362,186.003759,237.509470,211.530379,270.520475,226.660755]	987
[0.253526,0.061389,0.174369,0.310960,0.343114,0.169233,0.311017,0.188189,0.093746]	[198.971523,180.852630,233.101106,134.842496,193.177170,212.168813,220.255719,247.573620,250.064088]	954
[0.423043,0.152832,0.140698,0.343328,0.169900,0.304164,0.343380,0.120148,0.299845]	[191.744811,200.717826,192.044164,147.389678,229.781091,192.140449,206.287454,251.549456,214.058863]	981
[0.336568,0.055408,0.272353,0.396675,0.205881,0.268564,0.372589,0.077917,0.158681]	[226.707347,177.484965,227.887379,146.245797,201.307552,191.886641,216.713165,219.362729,239.552251]	921
[0.376535,0.079981,0.330682,0.195838,0.217030,0.133298,0.290436,0.280640,0.205386]	[207.070386,171.175560,272.926323,139.778631,208.095208,185.663745,226.463412,197.611161,236.275059]	764
[0.467820,0.044852,0.207471,0.307171,0.090775,0.276158,0.275974,0.560463,0.192784]	[244.777096,198.277702,215.843039,134.358458,149.341643,222.653894,256.575915,223.384445,214.179076]	1028
[0.405980,0.045870,0.304025,0.410347,0.351277,0.415521,0.231854,0.158863,0.181576]	[205.353319,163.271379,222.768933,135.119663,173.271852,231.641259,244.922867,260.154939,211.270156]	1003
[0.520633,0.099162,0.361765,0.268019,0.118493,0.265725,0.183356,0.214379,0.164434]	[215.354193,183.887136,216.608449,140.927784,168.865769,228.481130,235.863281,250.442814,233.481805]	863
[0.339164,0.062084,0.455603,0.448120,0.366866,0.439668,0.076055,0.332167,0.145898]	[200.652818,171.888467,192.164724,142.545816,171.623970,205.403158,268.517651,253.159429,216.988210]	895
[0.302492,0.071486,0.392965,0.425716,0.302995,0.288248,0.231972,0.166925,0.258172]	[213.764648,162.432048,232.659509,139.970746,173.392955,212.195125,272.438796,196.162202,212.366660]	656
[0.436844,0.041114,0.468285,0.296474,0.169329,0.500310,0.218827,0.158716,0.127457]	[172.987727,162.681189,268.993594,148.780804,169.783145,222.566092,232.435142,224.931882,250.912000]	590
[0.322051,0.062573,0.269531,0.167383,0.316257,0.279686,0.091356,0.213347,0.132277]	[175.560635,161.951121,268.758179,152.556042,218.244070,197.485008,228.141483,240.445767,235.940640]	691
[0.326141,0.052528,0.246824,0.161915,0.278470,0.215281,0.099881,0.228299,0.176894]	[229.139488,167.699626,248.158883,142.000493,213.954017,166.539099,220.633822,233.922260,220.690745]	670
[0.120997,0.074111,0.208984,0.453094,0.176003,0.226231,0.403938,0.209910,0.246043]	[222.206156,209.519883,171.772981,144.931744,206.007817,204.539062,260.370137,233.526646,202.654323]	1364
[0.097948,0.042120,0.133659,0.253425,0.153846,0.201589,0.265463,0.178002,0.253870]	[224.378439,194.721341,224.863099,127.619432,195.978222,179.074368,255.427210,247.522062,201.493633]	745
[0.490551,0.098783,0.253714,0.474448,0.345716,0.314057,0.412316,0.223479,0.229722]	[233.476592,197.271668,268.512616,131.029127,194.631474,195.803613,231.822952,200.114469,203.865558]	914
[0.280080,0.038588,0.482588,0.551515,0.416311,0.364928,0.275905,0.215793,0.290924]	[278.319954,215.938948,189.795146,146.088297,146.533755,212.906675,224.074154,238.068210,199.761828]	1013
[0.319370,0.066554,0.262857,0.173154,0.591001,0.300157,0.210356,0.220300,0.232681]	[264.619377,192.701797,189.837285,165.236231,154.216944,257.276199,215.192890,237.059543,204.976927]	833
[0.186459,0.086744,0.195819,0.479050,0.559625,0.327521,0.403036,0.303037,0.214620]	[201.973635,168.454907,227.159765,137.235239,192.061646,241.028656,194.482732,267.099651,201.300205]	757
[0.414483,0.171755,0.102066,0.527317,0.260892,0.290790,0.197567,0.306563,0.214325]	[207.957632,173.427439,220.029100,137.835293,189.370874,251.019203,202.550644,244.392666,202.691238]	624
[0.527010,0.066718,0.379484,0.459032,0.312025,0.249209,0.270289,0.195444,0.253795]	[214.654972,177.234427,218.354748,135.353139,194.517494,275.944636,204.634860,223.679836,196.089669]	564
[0.424920,0.113961,0.225957,0.274865,0.100929,0.122116,0.172780,0.286761,0.222125]	[221.393100,170.407703,220.504267,141.619423,247.599806,211.542839,193.141628,231.418516,200.642382]	639
[0.434111,0.117451,0.272446,0.734308,0.215527,0.269358,0.249768,0.229548,0.202992]	[271.470006,187.265171,190.703686,133.135441,199.145119,191.579522,216.835847,253.744880,204.686591]	902
[0.347519,0.072825,0.276027,0.650524,0.282431,0.348510,0.514963,0.260664,0.357006]	[269.375732,241.879755,147.375194,129.037991,183.582148,160.868836,220.366907,273.059182,198.187608]	920
[0.191007,0.310651,0.213687,0.133989,0.258707,0.263033,0.184996,0.178374,0.196162]	[266.744353,237.225607,189.180536,164.044367,170.384938,171.744399,199.329759,233.541487,221.234756]	1106
[0.540754,0.137927,0.145891,0.085052,0.213373,0.655696,0.242115,0.477894,0.237541]	[244.411311,219.460185,200.847710,147.003376,152.273287,163.915970,217.739343,263.728744,251.419817]	832
[0.691630,0.211776,0.196915,0.119227,0.202985,0.473639,0.317877,0.243872,0.182855]	[228.817865,202.319228,204.714961,130.673406,197.739820,157.946504,223.054685,277.829564,237.880992]	761
[0.313080,0.146822,0.153973,0.267339,0.140548,0.281030,0.277253,0.237730,0.166134]	[215.163867,210.474395,252.091394,166.994414,174.155834,143.835687,199.419874,254.002557,250.375465]	798
[0.129318,0.056774,0.130691,0.291390,0.189793,0.371216,0.185106,0.257067,0.194972]	[214.933065,189.494460,280.827907,162.439283,195.802838,188.348231,206.714310,218.685893,220.175703]	915
[0.130751,0.093915,0.302170,0.174294,0.196792,0.189882,0.157483,0.221121,0.266708]	[193.599112,223.377095,248.921962,161.116838,233.430165,169.213682,197.164084,250.371564,213.760613]	557
[0.229513,0.090824,0.219789,0.222906,0.339515,0.211307,0.276812,0.334104,0.189040]	[256.200548,217.383082,197.477209,139.899145,206.455274,169.215147,209.187147,258.352215,224.562021]	881
[0.373746,0.091276,0.425342,0.266112,0.173583,0.503060,0.286746,0.233438,0.234043]	[189.955555,231.406305,223.313674,136.804643,228.183143,138.405754,217.253753,244.552360,223.476878]	616
[0.271458,0.111609,0.278520,0.389248,0.545185,0.334763,0.277678,0.305314,0.285423]	[187.699413,232.702369,220.203450,139.964978,143.208987,213.169198,211.500743,287.506579,215.488349]	1097
[0.202957,0.088336,0.568193,0.263341,0.350245,0.231477,0.219000,0.150133,0.336410]	[224.586653,198.745802,185.661062,141.242475,172.846061,188.758596,215.847959,250.829664,217.171677]	782
[0.344505,0.174462,0.231476,0.223844,0.212508,0.363118,0.173704,0.157626,0.332882]	[211.694703,228.123732,169.499360,135.875096,255.216297,199.043728,200.255474,232.783431,215.440773]	830
[0.514076,0.164098,0.471394,0.261010,0.331324,0.493768,0.195987,0.426490,0.257496]	[206.527119,225.601783,142.777921,132.595814,271.439377,210.072790,227.184420,228.255563,209.911146]	714
[0.240252,0.236848,0.105429,0.360178,0.186721,0.312933,0.404997,0.071877,0.169428]	[219.162683,227.980969,169.723908,130.045979,279.409950,169.755572,227.837810,221.917394,229.944751]	885
[0.389040,0.065268,0.166027,0.474285,0.165379,0.518328,0.280364,0.226637,0.250935]	[218.658233,183.905658,169.770843,133.692160,259.584458,217.492165,228.369092,213.798536,204.341698]	692
[0.194023,0.054606,0.106146,0.308375,0.408848,0.255840,0.349836,0.113258,0.180233]	[239.477020,182.118727,175.616883,137.407820,233.949688,225.174226,218.456368,238.177152,226.134532]	784
[0.297817,0.033819,0.173604,0.166038,0.269251,0.330373,0.268867,0.168530,0.203883]	[222.072450,156.517600,221.819310,132.882641,231.682288,229.879617,195.387886,242.470828,238.947530]	782
[0.372121,0.151810,0.089049,0.302109,0.176684,0.397726,0.470447,0.195420,0.240061]	[189.012261,213.172030,210.856785,144.276945,172.947213,242.276612,222.877623,241.908053,204.239228]	1073
[0.217753,0.099351,0.342992,0.299076,0.269995,0.388702,0.316102,0.191628,0.241606]	[204.552871,188.011295,205.265867,144.209317,207.914227,217.670130,232.758788,233.688624,199.193688]	728
[0.252444,0.136028,0.207275,0.574046,0.163486,0.423837,0.301737,0.272450,0.243401]	[212.170315,224.646176,227.530958,129.316980,144.978012,230.830996,215.129294,258.381579,212.294701]	836
[0.326774,0.222384,0.157144,0.308355,0.141000,0.375058,0.210000,0.104952,0.183343]	[152.782699,233.472253,207.725669,150.148401,192.346079,203.097844,229.779312,247.510621,225.991541]	1097
[0.134697,0.057458,0.245188,0.308355,0.395132,0.151428,0.227520,0.085975,0.270409]	[187.703160,176.261209,194.502025,150.148401,188.071267,241.573979,228.589893,241.061659,212.513224]	890
[0.071134,0.059864,0.319984,0.571716,0.440063,0.182662,0.259328,0.111523,0.243233]	[206.329209,176.698158,184.522642,131.747302,182.102841,230.321292,206.070079,250.191715,218.638586]	506
[0.266972,0.057053,0.174669,0.356540,0.183984,0.282500,0.183516,0.202825,0.248296]	[209.994301,173.272676,243.849281,149.621430,198.708171,197.219823,189.974537,280.380129,201.543565]	967
[0.258127,0.045318,0.135337,0.492652,0.223230,0.189557,0.247217,0.093524,0.220520]	[221.737443,177.252260,201.653047,144.743210,202.105918,184.426452,200.727035,239.439190,202.255877]	660
[0.225531,0.106402,0.227977,0.459624,0.228374,0.292030,0.305031,0.098339,0.214990]	[273.842709,182.800322,168.547529,148.349013,176.843191,191.277963,206.948804,250.490805,205.540425]	842
[0.283065,0.240840,0.447313,0.331705,0.379586,0.135120,0.166639,0.130041,0.217828]	[182.102208,205.652440,210.566285,136.057264,246.464056,203.941174,239.538302,223.182637,201.515007]	1006
[0.189397,0.221490,0.441084,0.415670,0.155843,0.347775,0.115465,0.359469,0.230892]	[253.577655,193.723848,164.546278,169.008940,187.320565,185.618146,213.549138,298.060532,227.275506]	1341
[0.306515,0.251692,0.187044,0.203098,0.309012,0.316451,0.394012,0.424371,0.275636]	[203.673403,232.912785,266.286294,137.730427,179.201544,176.176684,224.811648,251.908911,197.137347]	1096
[0.248583,0.402093,0.124969,0.367465,0.287410,0.484700,0.194572,0.189705,0.255771]	[172.237826,205.321057,277.749788,172.095966,168.159680,160.029703,195.519815,226.424641,256.561858]	1022
[0.417781,0.123892,0.164642,0.786753,0.313039,0.549016,0.102787,0.337628,0.293486]	[235.271560,196.898479,197.120336,161.901761,251.912169,161.988425,190.074834,277.929827,198.672560]	1359
[0.304804,0.059206,0.394060,0.489129,0.285862,0.507165,0.066418,0.326037,0.256873]	[147.888233,212.918455,157.054023,163.412136,261.222236,219.552059,213.104351,225.262667,222.618727]	1008
[0.280425,0.128019,0.212821,0.312089,0.203070,0.300570,0.117621,0.194949,0.252862]	[141.318841,186.990879,190.110200,142.935387,263.063210,231.062810,239.944513,252.690194,198.926871]	950
[0.185159,0.119484,0.274291,0.185433,0.324828,0.229993,0.068809,0.096851,0.280074]	[152.226519,224.042916,142.408967,139.358715,249.481764,242.395920,227.186504,234.787224,202.968373]	801
[0.095405,0.126777,0.461515,0.307148,0.185757,0.369409,0.076903,0.261681,0.293430]	[161.447986,207.799740,185.571787,142.482209,229.290488,228.615124,219.499090,278.162397,205.337423]	840
[0.457344,0.130589,0.204649,0.207336,0.302469,0.402571,0.249975,0.191843,0.265365]	[156.776046,180.761826,229.590539,137.205547,208.183467,185.552049,248.090412,246.607613,200.722001]	935
[0.550390,0.116166,0.194994,0.207336,0.365248,0.579615,0.266419,0.209623,0.223001]	[193.856414,179.671969,227.944304,137.205547,217.735413,183.012523,236.927208,252.824615,201.266236]	723
[0.313882,0.086353,0.359758,0.297139,0.146031,0.150598,0.289422,0.338594,0.196602]	[235.851177,173.965485,227.351610,141.968385,210.874466,204.966007,218.951707,225.296111,202.025478]	802
[0.335447,0.070935,0.372567,0.290029,0.119459,0.183966,0.393021,0.241097,0.246758]	[194.317768,196.063202,223.153104,141.478085,205.060372,217.581981,215.517461,269.855197,201.464223]	846
[0.291302,0.029061,0.280094,0.406388,0.188166,0.089061,0.315001,0.316533,0.233991]	[253.777720,202.369850,180.851787,144.823594,193.834469,220.759482,205.643659,283.525717,201.462794]	1325
[0.424842,0.165523,0.571283,0.416191,0.191473,0.097721,0.410591,0.161371,0.199350]	[249.429526,228.545200,143.635419,150.056718,187.356493,230.778738,198.681539,275.185132,206.470654]	720
[0.586623,0.095525,0.235691,0.158026,0.161255,0.094273,0.206013,0.185985,0.233457]	[232.858751,202.610522,163.990157,179.110561,214.062720,212.940072,182.759288,290.183650,201.207875]	642
[0.621545,0.046802,0.227938,0.081913,0.081511,0.243302,0.227886,0.094807,0.257737]	[200.477628,179.959436,178.266538,173.668407,235.852413,223.421478,186.914115,262.594254,202.025648]	648
[0.298327,0.141624,0.371241,0.243186,0.083372,0.315656,0.359785,0.089292,0.292311]	[211.683582,199.298131,135.597543,155.200040,231.744137,233.028244,193.154862,255.404686,204.157162]	742
[0.198201,0.097210,0.439776,0.479872,0.467348,0.278990,0.414437,0.101270,0.280858]	[219.138253,182.080165,142.416593,137.577498,224.569227,222.011342,210.207118,251.781360,219.255557]	574
[0.247597,0.089434,0.144288,0.477404,0.315632,0.160985,0.345537,0.076815,0.258706]	[237.656688,169.200682,191.044289,137.159748,232.326186,213.761163,216.767617,220.752380,227.430638]	753
[0.413144,0.181570,0.454044,0.390576,0.537174,0.072162,0.149642,0.117637,0.264551]	[282.579256,204.793583,188.997248,171.968642,191.893614,176.742264,226.583842,231.350447,226.969922]	1227
[0.224225,0.070961,0.470939,0.075215,0.266936,0.254009,0.258277,0.109120,0.275136]	[206.470949,170.681464,150.475422,173.657554,246.730456,213.663190,211.102228,212.376196,231.840213]	1262
[0.272162,0.035943,0.122213,0.207380,0.150797,0.163139,0.299842,0.160591,0.272255]	[169.289987,154.571820,284.172367,160.878524,273.699408,225.553527,202.791935,216.143948,221.389597]	926
[0.268998,0.236435,0.408293,0.183519,0.055219,0.162417,0.136859,0.230201,0.212850]	[152.950238,218.439526,143.526618,147.787268,226.094627,202.901488,256.377540,233.423171,247.998309]	1548
[0.189174,0.160764,0.325810,0.578246,0.135590,0.137673,0.218032,0.198954,0.290539]	[214.383037,212.768886,156.882479,137.197725,265.524343,165.518701,250.210236,221.304640,235.716708]	1190
[0.477172,0.134979,0.342319,0.220452,0.170745,0.333506,0.265706,0.302486,0.347044]	[198.184768,200.386526,167.534420,160.636600,232.763592,181.368375,250.934082,229.401449,248.330289]	920
[0.523144,0.182875,0.182663,0.478202,0.388022,0.243451,0.281616,0.594400,0.237662]	[222.620099,211.133686,177.115400,153.645756,212.419065,159.866727,249.133690,234.355191,235.541577]	1049
[0.419209,0.133316,0.342228,0.222489,0.409624,0.172127,0.165998,0.608319,0.181525]	[218.740619,201.847700,156.540871,162.319042,202.823924,177.962466,253.381003,236.137128,219.889388]	664
[0.456996,0.180394,0.446085,0.303245,0.498313,0.329044,0.272631,0.299536,0.303924]	[232.438477,218.237728,174.871682,152.927370,237.121225,141.577635,227.876301,207.855018,210.216221]	1015
[0.179550,0.246342,0.183411,0.232047,0.285822,0.237138,0.156571,0.217696,0.349704]	[172.530560,197.146631,201.793233,157.738282,223.733375,165.099096,240.183075,245.842244,226.358588]	1050
[0.261820,0.117288,0.126136,0.240469,0.364327,0.253258,0.171680,0.162639,0.360718]	[148.655980,178.159463,238.040853,202.759334,215.735308,187.946877,240.675715,226.059347,218.692800]	839
[0.221618,0.166911,0.312709,0.266347,0.158970,0.088660,0.214015,0.248230,0.327197]	[223.269363,243.982759,155.735684,136.174689,172.113133,198.797648,264.956923,209.491677,226.135690]	1403
[0.380185,0.068483,0.454846,0.226558,0.379474,0.349286,0.291976,0.281138,0.265790]	[228.522536,212.565332,169.874671,164.243207,201.269217,134.988513,238.234099,218.037613,224.345197]	1207
[0.476642,0.104768,0.696495,0.539285,0.437949,0.696133,0.415361,0.383871,0.174380]	[241.056181,236.436298,168.823686,150.472723,181.430381,163.766845,201.278559,208.091255,259.091854]	797
[0.308159,0.140423,0.482465,0.469778,0.197053,0.399673,0.495238,0.218253,0.328994]	[212.328673,262.650853,166.625561,139.647198,192.565683,140.099700,200.183399,215.573974,259.934433]	616
[0.399869,0.088968,0.593988,0.517915,0.239737,0.255497,0.394619,0.221894,0.358453]	[197.055746,265.186645,147.443747,145.706419,186.736150,159.714383,194.197536,238.979366,252.860181]	477
[0.336525,0.084522,0.245122,0.174997,0.221638,0.293787,0.365662,0.381498,0.209580]	[151.098116,257.106932,192.079212,152.673264,205.147385,187.279658,236.081734,217.017625,232.399776]	1037
[0.349866,0.264025,0.351927,0.340848,0.229932,0.216093,0.213766,0.299510,0.318794]	[167.505360,234.316903,152.240554,148.102065,241.584862,204.866139,211.819138,245.458931,212.754143]	1075
[0.369574,0.291021,0.217586,0.303153,0.284666,0.171515,0.373693,0.212852,0.233451]	[138.262019,186.003585,199.531180,146.332079,245.193466,235.808885,212.549442,211.697071,251.432365]	1030
[0.334815,0.133109,0.180974,0.277888,0.299462,0.190773,0.216727,0.142437,0.214734]	[214.396868,198.602482,206.332141,155.572062,262.684323,213.924718,207.185490,242.335181,209.336747]	1161
[0.461749,0.040520,0.154225,0.277888,0.314527,0.111417,0.257337,0.400885,0.275159]	[151.743141,187.193989,207.092994,155.572062,256.983353,193.593329,199.838607,264.705102,204.881527]	705
[0.201664,0.055573,0.179759,0.190943,0.242399,0.193987,0.204014,0.484853,0.315569]	[200.057933,165.862558,220.146763,155.307045,243.725100,183.486553,207.110345,251.955217,201.890795]	746
[0.304816,0.082889,0.239592,0.272405,0.256020,0.187636,0.172834,0.229880,0.335784]	[196.018647,163.985798,245.746020,159.607599,237.709273,180.154847,207.514302,232.997171,202.715105]	613
[0.357754,0.130560,0.198005,0.279905,0.235553,0.182820,0.355975,0.146851,0.282903]	[171.695526,176.530746,234.331626,157.209842,213.373598,263.367808,187.265349,208.334506,200.946404]	666
[0.335877,0.054169,0.173508,0.258830,0.187173,0.272259,0.418833,0.190571,0.293073]	[199.382910,161.459476,223.307437,138.795968,198.929882,257.889541,196.167696,198.107127,199.247021]	536
[0.345255,0.032941,0.258770,0.258830,0.189060,0.179582,0.368826,0.190347,0.298774]	[215.765575,163.889851,215.359718,138.795968,164.327472,268.485566,201.526696,204.353403,197.180954]	310
[0.123683,0.086059,0.240209,0.190494,0.254277,0.205573,0.361488,0.160627,0.294844]	[159.449517,189.804775,215.298318,139.753265,182.972481,251.446771,210.457152,194.693996,199.906920]	375
[0.290961,0.036822,0.201461,0.140421,0.246510,0.293789,0.372749,0.203983,0.304360]	[168.868867,173.552719,220.974346,134.921697,186.345465,272.418987,198.204700,218.050569,199.796971]	499
[0.299386,0.036339,0.252809,0.140421,0.283260,0.289240,0.362233,0.223725,0.293170]	[215.102253,168.240125,212.398575,134.921697,157.222254,289.612297,198.568374,209.356039,202.950382]	327
[0.371793,0.051132,0.271220,0.099557,0.148252,0.244449,0.443690,0.209857,0.321211]	[218.669044,169.112501,198.778290,134.994710,163.456501,272.904722,203.252384,189.124191,200.312269]	278
[0.286980,0.050911,0.287796,0.233728,0.225179,0.280758,0.476062,0.216654,0.342033]	[203.896876,184.296875,191.905942,143.826380,150.817364,306.904174,200.723154,201.692592,205.916975]	758
[0.404634,0.159876,0.157214,0.678804,0.237804,0.166620,0.533987,0.230316,0.332043]	[244.029456,188.559448,174.483418,133.470605,138.970162,287.110292,224.681177,206.773524,208.720186]	755
[0.349081,0.104631,0.228427,0.372136,0.204408,0.245097,0.202406,0.158428,0.261986]	[208.672449,186.490879,204.661820,123.085580,182.556511,291.683519,216.554902,196.020212,205.728597]	862
[0.429155,0.075577,0.274576,0.810857,0.369031,0.210972,0.209494,0.332232,0.304357]	[238.120176,199.153184,138.542339,127.889088,181.389735,277.727812,215.951972,201.751661,201.449437]	712
[0.189686,0.092736,0.244162,0.446524,0.341762,0.150443,0.146437,0.225672,0.418281]	[208.111261,191.434771,173.859117,129.439783,199.034549,254.540850,221.669732,194.586507,209.083385]	827
[0.254839,0.064233,0.482545,0.473096,0.385287,0.206978,0.101591,0.372198,0.162209]	[274.869799,223.662780,162.224044,164.286879,140.555268,260.486250,235.120542,213.949092,204.785215]	1388
[0.225888,0.114088,0.477322,0.327438,0.324723,0.050421,0.118867,0.532659,0.158108]	[232.395809,259.768061,157.891884,139.230221,166.901356,178.066525,235.961370,236.727249,241.105354]	990
[0.196012,0.116002,0.368697,0.294918,0.322931,0.557730,0.192954,0.324314,0.189603]	[223.969069,245.009927,182.535187,142.011181,169.175143,157.232912,257.954362,240.544572,228.771587]	1055
[0.333736,0.084986,0.283700,0.381475,0.293787,0.592008,0.236218,0.475539,0.131970]	[238.900794,238.598201,157.591000,172.861222,148.876167,218.235030,246.459105,221.311507,227.715615]	1237
[0.138341,0.080965,0.186077,0.288431,0.263390,0.291528,0.282060,0.098175,0.180644]	[216.740111,254.964149,176.632236,161.972107,187.911332,232.055978,225.617225,215.547774,234.244458]	1184
[0.125273,0.102074,0.268105,0.523861,0.358352,0.223778,0.361624,0.215282,0.211115]	[169.030716,249.340820,243.160453,149.994915,161.558160,198.981869,209.359056,247.083132,217.962599]	1262
[0.208801,0.082808,0.227179,0.231564,0.209469,0.194083,0.193019,0.097004,0.301790]	[175.424978,249.117054,220.061471,168.956494,163.953203,201.879416,197.007900,240.384608,230.561289]	889
[0.345409,0.045080,0.145681,0.441474,0.190057,0.245372,0.191127,0.254921,0.193568]	[198.483707,240.005300,219.637946,135.405249,174.090250,188.960918,232.147666,234.860220,253.156611]	1058
[0.175177,0.034918,0.240815,0.652244,0.548493,0.247728,0.347803,0.323028,0.189990]	[232.457253,245.182671,187.671170,124.836367,156.055891,159.037695,216.798566,211.657311,246.464637]	948
[0.088780,0.036720,0.216930,0.409578,0.527998,0.518989,0.231188,0.430599,0.296330]	[203.005744,251.780315,171.146205,152.404754,200.003437,144.341716,198.856185,223.723455,249.474590]	686
[0.096610,0.076951,0.294387,0.470415,0.340838,0.366160,0.299713,0.271658,0.169257]	[207.845514,231.271262,191.520360,131.707476,153.575234,189.191315,227.001421,221.619490,295.534847]	1076
[0.154535,0.143870,0.254627,0.753079,0.234542,0.440065,0.409704,0.316264,0.438964]	[179.213891,265.871811,229.457677,129.113577,191.704727,153.938854,221.608527,213.287628,284.967839]	960
[0.117827,0.240488,0.405504,0.824330,0.264673,0.298600,0.132053,0.301129,0.208927]	[186.900498,256.688556,248.145234,132.774556,175.848888,169.745698,237.733975,199.922170,279.750538]	721
[0.325934,0.135691,0.096866,0.316811,0.183434,0.230656,0.136264,0.256382,0.116629]	[222.400509,257.263866,151.444932,134.894996,162.856636,235.114187,238.634603,223.856394,244.401467]	1409
[0.070435,0.065418,0.287784,0.410616,0.176672,0.425098,0.144049,0.357517,0.224749]	[173.012289,208.728150,161.748834,189.867514,166.024946,252.340967,253.184679,220.091716,266.221623]	1099
[0.440332,0.070773,0.300293,0.223135,0.199532,0.376604,0.162418,0.457253,0.247791]	[206.502269,242.646493,226.394275,134.747795,138.105911,208.323695,216.828976,203.934027,245.822646]	1113
[0.143634,0.059280,0.404043,0.564908,0.209431,0.086171,0.428812,0.491529,0.424917]	[209.191604,228.689906,157.773473,136.497262,194.075744,172.226653,232.739254,190.465482,289.592836]	929
[0.347117,0.098869,0.422723,0.564908,0.128192,0.354648,0.298550,0.345582,0.212199]	[175.621164,206.319636,219.641754,136.497262,216.532856,193.719681,226.784067,202.760348,274.306716]	857
[0.621245,0.085717,0.500052,0.444894,0.204195,0.395052,0.266996,0.265001,0.139875]	[206.531503,252.600665,146.274206,133.345133,175.141299,225.272615,223.706301,218.856304,266.868682]	902
[0.512704,0.167450,0.414592,0.447579,0.208026,0.092993,0.371712,0.333049,0.528184]	[216.813865,242.203955,215.167680,145.307005,193.833511,158.607276,201.139710,212.589035,283.503290]	1164
[0.115244,0.091191,0.328385,0.476130,0.429230,0.203585,0.232323,0.304184,0.264074]	[236.882338,229.920564,178.242770,137.162205,165.877338,191.132607,204.281509,202.558718,296.993423]	906
[0.340913,0.050036,0.514438,0.832796,0.240768,0.134496,0.220066,0.272938,0.423584]	[213.244619,259.770268,161.886201,129.723446,169.033013,201.256803,212.200256,198.939015,270.939523]	652
[0.215955,0.055160,0.170937,0.191888,0.261947,0.209304,0.236131,0.281543,0.469856]	[170.428594,246.066722,199.916478,133.301741,166.104126,199.501653,207.227737,221.217898,304.488975]	1015
[0.244882,0.063387,0.283313,0.614123,0.387163,0.092565,0.438956,0.287165,0.334628]	[223.867274,233.658004,210.317088,134.800945,174.190048,157.850256,217.125279,208.350511,293.663743]	1022
[0.631902,0.090918,0.285105,0.203354,0.574801,0.383184,0.372134,0.457920,0.188155]	[203.839621,255.264628,208.366150,142.648666,166.736115,139.730611,214.355443,201.829063,295.801298]	728
[0.307012,0.129021,0.326600,0.190264,0.266759,0.308686,0.336399,0.444602,0.188777]	[207.295347,211.064950,199.285972,142.375474,205.288348,154.100672,222.515543,207.368150,285.839342]	792
[0.439269,0.082186,0.284987,0.252007,0.292165,0.435896,0.144488,0.271047,0.231798]	[241.732446,207.996974,232.174482,127.493288,184.794701,134.960926,221.668102,208.670503,274.706908]	955
[0.365397,0.050203,0.368723,0.167784,0.379454,0.254599,0.315534,0.297350,0.213085]	[232.882016,203.922739,225.977497,168.319261,158.498238,191.389746,191.966645,217.986226,270.701945]	817
[0.096367,0.103901,0.266989,0.119084,0.421437,0.428409,0.236165,0.300875,0.381717]	[212.978275,207.594504,239.052586,136.860325,165.419054,143.136811,209.493726,207.199523,272.641135]	1062
[0.083286,0.174508,0.281388,0.109551,0.305401,0.083598,0.231044,0.335338,0.344822]	[206.915021,235.314616,211.247348,138.966951,169.836648,171.632106,238.665278,217.805365,278.507560]	958
[0.073529,0.185495,0.737055,0.244086,0.313109,0.321984,0.089047,0.447405,0.190947]	[195.293242,196.679706,236.794062,171.197427,185.771638,175.782779,237.542559,191.637738,273.797286]	987
[0.461856,0.075873,0.413073,0.571922,0.413196,0.318514,0.158587,0.347414,0.383844]	[179.916684,232.643070,204.640347,148.435456,175.565540,157.192141,232.896926,197.056033,285.340552]	953
[0.421487,0.058267,0.473840,0.218589,0.243272,0.118215,0.221963,0.324671,0.208696]	[153.953816,198.856535,215.310286,130.438160,254.533452,175.532414,269.862039,218.873684,243.795106]	1259
[0.218094,0.096447,0.318953,0.298673,0.406417,0.307002,0.213343,0.299341,0.146630]	[136.516148,218.702425,245.038007,133.131425,266.179829,150.027040,251.541055,234.624742,202.908941]	848
[0.447637,0.065893,0.208261,0.314532,0.360395,0.231932,0.104245,0.382871,0.395460]	[146.469110,215.517613,224.885836,173.056727,214.492152,202.240861,248.761290,204.285802,251.996163]	1153
[0.143679,0.191287,0.220472,0.095820,0.274880,0.274541,0.221600,0.172538,0.280469]	[192.008975,207.824734,210.436670,138.040334,208.883904,177.434832,269.984585,232.807853,214.066207]	1406
[0.338966,0.154407,0.212559,0.328420,0.237660,0.186921,0.267899,0.317143,0.220150]	[145.718989,190.034516,217.361393,159.476329,196.617211,200.976460,271.342203,262.616047,203.050754]	599
[0.783980,0.211140,0.249177,0.422280,0.202797,0.333957,0.380909,0.317698,0.261528]	[136.518771,179.105488,222.690323,168.390830,200.561539,189.894115,275.006695,263.207994,207.094547]	365
[0.858381,0.148297,0.242868,0.560407,0.225981,0.322975,0.320064,0.331338,0.224532]	[131.154943,190.119717,222.766401,157.373780,196.368099,190.320913,260.857452,255.395557,208.452444]	293
